image_link,question,answer
https://raw.githubusercontent.com/JustinSQiu/image-captioning-mturk/master/cvqa/Chinese_images/5865910664271108275_0.jpg,What agricultural technique is used to cultivate crops on steep hillsides?,Terraced fields
https://raw.githubusercontent.com/JustinSQiu/image-captioning-mturk/master/cvqa/Chinese_images/5865910664271108275_0.jpg,Which specific crop is likely being grown in these terraces?,Rice
https://raw.githubusercontent.com/JustinSQiu/image-captioning-mturk/master/cvqa/Chinese_images/5865910664271108275_0.jpg,Which region is particularly famous for terraced fields originating from its agricultural civilization?,Southern China
https://raw.githubusercontent.com/JustinSQiu/image-captioning-mturk/master/cvqa/Chinese_images/5865910664271349335_0.jpg,What dynasty does the bronze galloping horse belong to?,Han dynasty
https://raw.githubusercontent.com/JustinSQiu/image-captioning-mturk/master/cvqa/Chinese_images/5865910664271349335_0.jpg,What does the horse symbolize in Chinese culture?,divine power
https://raw.githubusercontent.com/JustinSQiu/image-captioning-mturk/master/cvqa/Chinese_images/5865910664271436458_0.jpg,What unique markings are found around the bird's eyes?,vivid red markings
https://raw.githubusercontent.com/JustinSQiu/image-captioning-mturk/master/cvqa/Chinese_images/5865910664271436458_0.jpg,What color are the feathers extending from the bird's chin?,white feathers
https://raw.githubusercontent.com/JustinSQiu/image-captioning-mturk/master/cvqa/Chinese_images/5865910664271436458_0.jpg,What feature of the bird's beak is distinctively colored?,white tip
https://raw.githubusercontent.com/JustinSQiu/image-captioning-mturk/master/cvqa/Chinese_images/5865910664271622920_0.jpg,What plays a significant role in this temple's religious practices?,censor for burning incense
https://raw.githubusercontent.com/JustinSQiu/image-captioning-mturk/master/cvqa/Chinese_images/5865910664271622920_0.jpg,What does the gourd design symbolize in Chinese art?,fertility and abundance
https://raw.githubusercontent.com/JustinSQiu/image-captioning-mturk/master/cvqa/Chinese_images/5865910664271622920_0.jpg,What style is the text rendered in?,traditional Chinese characters
https://raw.githubusercontent.com/JustinSQiu/image-captioning-mturk/master/cvqa/Chinese_images/5865910664271717886_0.jpg,What traditional Chinese instrument is the man playing?,erhu
https://raw.githubusercontent.com/JustinSQiu/image-captioning-mturk/master/cvqa/Chinese_images/5865910664271717886_0.jpg,What is the significance of the teapot and cups in the scene?,cultural practice of tea drinking
https://raw.githubusercontent.com/JustinSQiu/image-captioning-mturk/master/cvqa/Chinese_images/5865910664271717886_0.jpg,What vintage aesthetic is evoked by the man's seating?,1960s or 1970s nostalgia
https://raw.githubusercontent.com/JustinSQiu/image-captioning-mturk/master/cvqa/Chinese_images/5865910664271879839_0.jpg,"What cultural festival might this crowd be waiting for, possibly related to the tide?",tide-viewing event
https://raw.githubusercontent.com/JustinSQiu/image-captioning-mturk/master/cvqa/Chinese_images/5865910664271879839_0.jpg,What historical structure is present in the scene?,an ancient tower
https://raw.githubusercontent.com/JustinSQiu/image-captioning-mturk/master/cvqa/Chinese_images/5865910664272109734_0.jpg,What is the possible genus of the flower described?,Camellia
https://raw.githubusercontent.com/JustinSQiu/image-captioning-mturk/master/cvqa/Chinese_images/5865910664272109734_0.jpg,What characteristic gives the leaves a glossy appearance?,waxy cuticle
https://raw.githubusercontent.com/JustinSQiu/image-captioning-mturk/master/cvqa/Chinese_images/5865910664272109734_0.jpg,What seasonal context is suggested for the second flower?,spring season
https://raw.githubusercontent.com/JustinSQiu/image-captioning-mturk/master/cvqa/Chinese_images/5865910664272270924_0.jpg,What traditional Chinese instrument are the elderly men playing?,erhu
https://raw.githubusercontent.com/JustinSQiu/image-captioning-mturk/master/cvqa/Chinese_images/5865910664272270924_0.jpg,What attire is the central musician wearing?,"white shirt, brown pants"
https://raw.githubusercontent.com/JustinSQiu/image-captioning-mturk/master/cvqa/Chinese_images/5865910664272270924_0.jpg,What type of atmosphere does the scene depict?,community engagement through music
https://raw.githubusercontent.com/JustinSQiu/image-captioning-mturk/master/cvqa/Chinese_images/5865910664272399419_0.jpg,What animal symbolizes power in Thai culture and is featured in the statue's design?,elephants
https://raw.githubusercontent.com/JustinSQiu/image-captioning-mturk/master/cvqa/Chinese_images/5865910664272399419_0.jpg,What color is commonly used for Thai Buddha statues?,golden
https://raw.githubusercontent.com/JustinSQiu/image-captioning-mturk/master/cvqa/Chinese_images/5865910664272399419_0.jpg,What architectural style is noted in the temple in the background?,ancient Chinese
https://raw.githubusercontent.com/JustinSQiu/image-captioning-mturk/master/cvqa/Chinese_images/5865910664272406812_0.jpg,"What highway does the phrase ""318ROOT"" refer to?",National Route 318
https://raw.githubusercontent.com/JustinSQiu/image-captioning-mturk/master/cvqa/Chinese_images/5865910664272406812_0.jpg,"What does the Chinese characters ""此生壁架"" translate to?",slogan about travel
https://raw.githubusercontent.com/JustinSQiu/image-captioning-mturk/master/cvqa/Chinese_images/5865910664272406812_0.jpg,What geographic location is mentioned along National Route 318?,"Mangkang, Chamdo, Tibet"
https://raw.githubusercontent.com/JustinSQiu/image-captioning-mturk/master/cvqa/Chinese_images/5865910664272888749_0.jpg,What unique physical features does the animal possess?,Tri-color coat
https://raw.githubusercontent.com/JustinSQiu/image-captioning-mturk/master/cvqa/Chinese_images/5865910664272888749_0.jpg,What type of terrain is described in the setting?,Grassy area with stones
https://raw.githubusercontent.com/JustinSQiu/image-captioning-mturk/master/cvqa/Chinese_images/5865910664272888749_0.jpg,What breeds of wild equines are mentioned in the descriptions?,Asian wild donkey or Tibetan wild donkey
https://raw.githubusercontent.com/JustinSQiu/image-captioning-mturk/master/cvqa/Chinese_images/5865910664272956357_0.jpg,What historical figure is associated with the sword?,King Goujian of Yue
https://raw.githubusercontent.com/JustinSQiu/image-captioning-mturk/master/cvqa/Chinese_images/5865910664272956357_0.jpg,What type of inscriptions are found on the sword?,ancient Chinese characters
https://raw.githubusercontent.com/JustinSQiu/image-captioning-mturk/master/cvqa/Chinese_images/5865910664272956357_0.jpg,What material is the sword made of?,bronze
https://raw.githubusercontent.com/JustinSQiu/image-captioning-mturk/master/cvqa/Chinese_images/5865910664273406671_0.jpg,Which traditional Chinese instrument is the girl playing?,guzheng
https://raw.githubusercontent.com/JustinSQiu/image-captioning-mturk/master/cvqa/Chinese_images/5865910664273406671_0.jpg,What color is the girl's traditional clothing?,pale purple
https://raw.githubusercontent.com/JustinSQiu/image-captioning-mturk/master/cvqa/Chinese_images/5865910664273406671_0.jpg,What decorative elements signify happiness in the background?,large red decorations
https://raw.githubusercontent.com/JustinSQiu/image-captioning-mturk/master/cvqa/Chinese_images/5865910664273746482_0.jpg,What traditional dish is the chef slicing?,Peking duck
https://raw.githubusercontent.com/JustinSQiu/image-captioning-mturk/master/cvqa/Chinese_images/5865910664273746482_0.jpg,What color is the roast duck indicating its readiness?,rich brown
https://raw.githubusercontent.com/JustinSQiu/image-captioning-mturk/master/cvqa/Chinese_images/5865910664273746482_0.jpg,What are the three common accompaniments served with Peking duck?,"hoisin sauce, cucumbers, scallions"
https://raw.githubusercontent.com/JustinSQiu/image-captioning-mturk/master/cvqa/Chinese_images/5865910664273883825_0.jpg,What is the traditional name for the Chinese shadow puppet show?,piyingxi
https://raw.githubusercontent.com/JustinSQiu/image-captioning-mturk/master/cvqa/Chinese_images/5865910664273883825_0.jpg,What types of characters are depicted in the performance?,historical generals
https://raw.githubusercontent.com/JustinSQiu/image-captioning-mturk/master/cvqa/Chinese_images/5865910664273883825_0.jpg,What emblematic color is used for the horses in the performance?,red
https://raw.githubusercontent.com/JustinSQiu/image-captioning-mturk/master/cvqa/Chinese_images/5865910664274447454_0.jpg,What natural phenomenon emphasizes the mountain's height?,thick clouds below
https://raw.githubusercontent.com/JustinSQiu/image-captioning-mturk/master/cvqa/Chinese_images/5865910664274447454_0.jpg,What feature on the mountain indicates high altitude?,patch of snow atop
https://raw.githubusercontent.com/JustinSQiu/image-captioning-mturk/master/cvqa/Chinese_images/5865910664274830016_0.jpg,What style of hot pot is depicted?,old Beijing style
https://raw.githubusercontent.com/JustinSQiu/image-captioning-mturk/master/cvqa/Chinese_images/5865910664274830016_0.jpg,What type of pot is traditionally used in the hot pot?,copper pot
https://raw.githubusercontent.com/JustinSQiu/image-captioning-mturk/master/cvqa/Chinese_images/5865910664274830016_0.jpg,What dish is emphasized as a traditional component of hot pot dining?,shelled peanuts
https://raw.githubusercontent.com/JustinSQiu/image-captioning-mturk/master/cvqa/Chinese_images/5865910664275013697_0.jpg,What type of animal has a pair of horns in the first image?,sheep or goat
https://raw.githubusercontent.com/JustinSQiu/image-captioning-mturk/master/cvqa/Chinese_images/5865910664275013697_0.jpg,What desert is prominently featured in the third image?,Gobi Desert
https://raw.githubusercontent.com/JustinSQiu/image-captioning-mturk/master/cvqa/Chinese_images/5865910664275013697_0.jpg,What notable feature distinguishes the antelope's ears?,long ears
https://raw.githubusercontent.com/JustinSQiu/image-captioning-mturk/master/cvqa/Chinese_images/5865910664275364554_0.jpg,What gesture are the Buddha's hands making?,a teaching gesture
https://raw.githubusercontent.com/JustinSQiu/image-captioning-mturk/master/cvqa/Chinese_images/5865910664275364554_0.jpg,What does the open-eyed gaze of the Buddha symbolize?,enlightenment
https://raw.githubusercontent.com/JustinSQiu/image-captioning-mturk/master/cvqa/Chinese_images/5865910664275364554_0.jpg,What script is likely inscribed on the temple beams?,Tibetan or Manchu
https://raw.githubusercontent.com/JustinSQiu/image-captioning-mturk/master/cvqa/Chinese_images/5865910664275383453_0.jpg,What is the cultural significance of jiaozi in Chinese cuisine?,Festive occasions and family gatherings
https://raw.githubusercontent.com/JustinSQiu/image-captioning-mturk/master/cvqa/Chinese_images/5865910664275383453_0.jpg,What traditional method is used for wrapping the dumplings?,Chinese wrapping technique
https://raw.githubusercontent.com/JustinSQiu/image-captioning-mturk/master/cvqa/Chinese_images/5865910664275383453_0.jpg,What festival is the cured meat commonly associated with?,Spring Festival
https://raw.githubusercontent.com/JustinSQiu/image-captioning-mturk/master/cvqa/Chinese_images/5865910664275603859_0.jpg,What festival features throwing bright powders in the image?,Holi
https://raw.githubusercontent.com/JustinSQiu/image-captioning-mturk/master/cvqa/Chinese_images/5865910664275653491_0.jpg,What traditional robe symbolizes imperial power in the statue?,dragon robe
https://raw.githubusercontent.com/JustinSQiu/image-captioning-mturk/master/cvqa/Chinese_images/5865910664275653491_0.jpg,Which ancient emperor does the statue resemble?,Qin Shi Huang
https://raw.githubusercontent.com/JustinSQiu/image-captioning-mturk/master/cvqa/Chinese_images/5865910664275653491_0.jpg,What feature indicates the emperor's military role?,a sword
https://raw.githubusercontent.com/JustinSQiu/image-captioning-mturk/master/cvqa/Chinese_images/5865910664275942444_0.jpg,What type of ancient Chinese artifacts are displayed?,Chinese bronze items
https://raw.githubusercontent.com/JustinSQiu/image-captioning-mturk/master/cvqa/Chinese_images/5865910664275942444_0.jpg,What unique feature do some artifacts lack?,green patina
https://raw.githubusercontent.com/JustinSQiu/image-captioning-mturk/master/cvqa/Chinese_images/5865910664275942444_0.jpg,How many artifacts are estimated to be in the collection?,fifty to sixty items
https://raw.githubusercontent.com/JustinSQiu/image-captioning-mturk/master/cvqa/Chinese_images/5865910664276152914_0.jpg,What type of cuisine is represented by the hot pot meal?,Chinese cuisine
https://raw.githubusercontent.com/JustinSQiu/image-captioning-mturk/master/cvqa/Chinese_images/5865910664276152914_0.jpg,What unique material is the hot pot made of?,copper
https://raw.githubusercontent.com/JustinSQiu/image-captioning-mturk/master/cvqa/Chinese_images/5865910664276203394_0.jpg,What is the name of the waterbird depicted in the image?,Zhu Huan
https://raw.githubusercontent.com/JustinSQiu/image-captioning-mturk/master/cvqa/Chinese_images/5865910664276203394_0.jpg,What does the Zhu Huan symbolize in its environment?,ecological integrity
https://raw.githubusercontent.com/JustinSQiu/image-captioning-mturk/master/cvqa/Chinese_images/5865910664276203394_0.jpg,What is unique about the Zhu Huan's legs?,vibrant red color
https://raw.githubusercontent.com/JustinSQiu/image-captioning-mturk/master/cvqa/Chinese_images/5865910664276319803_0.jpg,What type of painting is prominently featured in the room?,large red painting
https://raw.githubusercontent.com/JustinSQiu/image-captioning-mturk/master/cvqa/Chinese_images/5865910664276319803_0.jpg,What vintage bicycles are mentioned that reflect a specific cultural term?,bicycles resembling tanks
https://raw.githubusercontent.com/JustinSQiu/image-captioning-mturk/master/cvqa/Chinese_images/5865910664276319803_0.jpg,What is the significance of the porcelain basin with a floral pattern?,functioned as a washbasin
https://raw.githubusercontent.com/JustinSQiu/image-captioning-mturk/master/cvqa/Chinese_images/5865910664276876312_0.jpg,What contributes to the overall calmness of the scene?,gentle flow of the river
https://raw.githubusercontent.com/JustinSQiu/image-captioning-mturk/master/cvqa/Chinese_images/5865910664276876312_0.jpg,What unique feature is present near the lower left corner?,delicate flower bushes
https://raw.githubusercontent.com/JustinSQiu/image-captioning-mturk/master/cvqa/Chinese_images/5865910664276998290_0.jpg,What is the name of the temple complex depicted in the image?,Miaoying Temple
https://raw.githubusercontent.com/JustinSQiu/image-captioning-mturk/master/cvqa/Chinese_images/5865910664276998290_0.jpg,What feature makes the temple complex stand out architecturally?,white pagoda
https://raw.githubusercontent.com/JustinSQiu/image-captioning-mturk/master/cvqa/Chinese_images/5865910664276998290_0.jpg,What color represents good fortune and joy in the temple's design?,red
https://raw.githubusercontent.com/JustinSQiu/image-captioning-mturk/master/cvqa/Chinese_images/5865910664277274397_0.jpg,"What does ""Biliwanren Tian Di Tong"" signify?",The unity of heaven and earth
https://raw.githubusercontent.com/JustinSQiu/image-captioning-mturk/master/cvqa/Chinese_images/5865910664277274397_0.jpg,What mountain-related theme is suggested by the inscriptions?,Harmony and aspiration
https://raw.githubusercontent.com/JustinSQiu/image-captioning-mturk/master/cvqa/Chinese_images/5865910664277274397_0.jpg,"What type of quality does the inscription ""Magic Sea"" suggest?",Mystical quality
https://raw.githubusercontent.com/JustinSQiu/image-captioning-mturk/master/cvqa/Chinese_images/5865910664277319101_0.jpg,What colors prominently characterize the vintage machine?,green and red
https://raw.githubusercontent.com/JustinSQiu/image-captioning-mturk/master/cvqa/Chinese_images/5865910664277319101_0.jpg,What type of structure complements the machine's display?,a wooden stand
https://raw.githubusercontent.com/JustinSQiu/image-captioning-mturk/master/cvqa/Chinese_images/5865910664277319101_0.jpg,What unique floor design is noted in the exhibit area?,checkerboard pattern
https://raw.githubusercontent.com/JustinSQiu/image-captioning-mturk/master/cvqa/Chinese_images/5865910664277484903_0.jpg,What flower symbolizes purity and enlightenment under Guanyin?,lotus flower
https://raw.githubusercontent.com/JustinSQiu/image-captioning-mturk/master/cvqa/Chinese_images/5865910664277484903_0.jpg,"What do the characters ""Nanhai Guanyin"" indicate about the statue's significance?",Guanyin of the South Sea
https://raw.githubusercontent.com/JustinSQiu/image-captioning-mturk/master/cvqa/Chinese_images/5865910664277484903_0.jpg,What is the suggested height comparison of the statue to a person?,20 times larger
https://raw.githubusercontent.com/JustinSQiu/image-captioning-mturk/master/cvqa/Chinese_images/5865910664277576057_0.jpg,What traditional Chinese dining utensil is included with the dish?,a pair of chopsticks
https://raw.githubusercontent.com/JustinSQiu/image-captioning-mturk/master/cvqa/Chinese_images/5865910664277576057_0.jpg,What style of bowl holds the dish?,porcelain bowl
https://raw.githubusercontent.com/JustinSQiu/image-captioning-mturk/master/cvqa/Chinese_images/5865910664277576057_0.jpg,"What dish is suggested by the components, resembling a wheat product soaked in soup?",lamb paomo
https://raw.githubusercontent.com/JustinSQiu/image-captioning-mturk/master/cvqa/Chinese_images/5865910664277614074_0.jpg,What symbolic imagery do the rods evoke?,auspicious clouds
https://raw.githubusercontent.com/JustinSQiu/image-captioning-mturk/master/cvqa/Chinese_images/5865910664277614074_0.jpg,What is the design at the top of the poles?,elements resembling swords
https://raw.githubusercontent.com/JustinSQiu/image-captioning-mturk/master/cvqa/Chinese_images/5865910664277619378_0.jpg,What expression does the crocodile have when its mouth is agape?,fierce demeanor
https://raw.githubusercontent.com/JustinSQiu/image-captioning-mturk/master/cvqa/Chinese_images/5865910664277619378_0.jpg,What type of habitat is indicated by the lush green leaves and vibrant plants?,natural habitat
https://raw.githubusercontent.com/JustinSQiu/image-captioning-mturk/master/cvqa/Chinese_images/5865910664277619378_0.jpg,What specific body part of the crocodile shows muscular tension?,front limbs
https://raw.githubusercontent.com/JustinSQiu/image-captioning-mturk/master/cvqa/Chinese_images/5865910664277756736_0.jpg,What significant plateau region might this landscape belong to?,Tibetan Plateau
https://raw.githubusercontent.com/JustinSQiu/image-captioning-mturk/master/cvqa/Chinese_images/5865910664277756736_0.jpg,What effect do the large fluffy clouds create in the scene?,interplay of light and shadow
https://raw.githubusercontent.com/JustinSQiu/image-captioning-mturk/master/cvqa/Chinese_images/5865910664277756736_0.jpg,What colors dominate the overall composition of the image?,"greens, grays, and off-whites"
https://raw.githubusercontent.com/JustinSQiu/image-captioning-mturk/master/cvqa/Chinese_images/5865910664277770131_0.jpg,What cultural instrument is the male musician playing?,Chinese bamboo flute
https://raw.githubusercontent.com/JustinSQiu/image-captioning-mturk/master/cvqa/Chinese_images/5865910664277770131_0.jpg,What color tie is the musician wearing?,light gray
https://raw.githubusercontent.com/JustinSQiu/image-captioning-mturk/master/cvqa/Chinese_images/5865910664277770131_0.jpg,What decorative elements are on the flute?,reddish-brown decorations
https://raw.githubusercontent.com/JustinSQiu/image-captioning-mturk/master/cvqa/Chinese_images/5865910664278138109_0.jpg,What specific type of tiger is featured in the photograph?,Siberian tiger
https://raw.githubusercontent.com/JustinSQiu/image-captioning-mturk/master/cvqa/Chinese_images/5865910664278138109_0.jpg,What distinctive markings does the tiger have on its ears?,white patches
https://raw.githubusercontent.com/JustinSQiu/image-captioning-mturk/master/cvqa/Chinese_images/5865910664278145159_0.jpg,What specific color is found on the top of the crane's head?,red crown
https://raw.githubusercontent.com/JustinSQiu/image-captioning-mturk/master/cvqa/Chinese_images/5865910664278145159_0.jpg,What type of environment suggests the crane might be kept in captivity?,a zoo
https://raw.githubusercontent.com/JustinSQiu/image-captioning-mturk/master/cvqa/Chinese_images/5865910664278282172_0.jpg,What color is the pedestal of the statue?,red
https://raw.githubusercontent.com/JustinSQiu/image-captioning-mturk/master/cvqa/Chinese_images/5865910664278282172_0.jpg,What is the material of the statue?,deep gray material
https://raw.githubusercontent.com/JustinSQiu/image-captioning-mturk/master/cvqa/Chinese_images/5865910664278282172_0.jpg,What historical period did Zhang Xueliang influence?,Republic of China period
https://raw.githubusercontent.com/JustinSQiu/image-captioning-mturk/master/cvqa/Chinese_images/5865910664278673539_0.jpg,What birds are identified with a striking red forehead?,red-crowned cranes
https://raw.githubusercontent.com/JustinSQiu/image-captioning-mturk/master/cvqa/Chinese_images/5865910664278673539_0.jpg,What color is the water in the bird's habitat?,greenish-brown tint
https://raw.githubusercontent.com/JustinSQiu/image-captioning-mturk/master/cvqa/Chinese_images/5865910664278673539_0.jpg,Where might the painted storks be located?,a wetland bird sanctuary
https://raw.githubusercontent.com/JustinSQiu/image-captioning-mturk/master/cvqa/Chinese_images/5865910664278947879_0.jpg,Which famous mountain in China is suggested to be represented in the image?,Huangshan
https://raw.githubusercontent.com/JustinSQiu/image-captioning-mturk/master/cvqa/Chinese_images/5865910664278947879_0.jpg,What notable pine tree is mentioned that's famous for its cultural significance?,Yinkesong
https://raw.githubusercontent.com/JustinSQiu/image-captioning-mturk/master/cvqa/Chinese_images/5865910664278947879_0.jpg,How is the prominent pine tree situated in the image?,on the far left side
https://raw.githubusercontent.com/JustinSQiu/image-captioning-mturk/master/cvqa/Chinese_images/5865910664279066936_0.jpg,What animal does the antique horn cup resemble?,a bull or a sheep
https://raw.githubusercontent.com/JustinSQiu/image-captioning-mturk/master/cvqa/Chinese_images/5865910664279066936_0.jpg,What material is the carved water pipe made from?,translucent agate or jade
https://raw.githubusercontent.com/JustinSQiu/image-captioning-mturk/master/cvqa/Chinese_images/5865910664279066936_0.jpg,What embellishment is found on the mouthpiece of the pipe?,golden metallic inlays
https://raw.githubusercontent.com/JustinSQiu/image-captioning-mturk/master/cvqa/Chinese_images/5865910664279558630_0.jpg,What ancient Chinese artwork does this painting evoke thoughts of?,"""Qingming Shanghe Tu"""
https://raw.githubusercontent.com/JustinSQiu/image-captioning-mturk/master/cvqa/Chinese_images/5865910664279558630_0.jpg,What type of characters depict ancient society in the painting?,Horse riders and palanquin bearers
https://raw.githubusercontent.com/JustinSQiu/image-captioning-mturk/master/cvqa/Chinese_images/5865910664279558630_0.jpg,What elements contribute to the historical ambiance of the painting?,Domed buildings and foliage
https://raw.githubusercontent.com/JustinSQiu/image-captioning-mturk/master/cvqa/Chinese_images/5865910664279746519_0.jpg,What is the name of the comedic performance style being showcased?,xiangsheng
https://raw.githubusercontent.com/JustinSQiu/image-captioning-mturk/master/cvqa/Chinese_images/5865910664279746519_0.jpg,What do the red drapes on the entrances symbolize in Chinese culture?,good fortune and happiness
https://raw.githubusercontent.com/JustinSQiu/image-captioning-mturk/master/cvqa/Chinese_images/5865910664279746519_0.jpg,What theme is the performance featuring when the two performers are mimicking sounds?,elephants
https://raw.githubusercontent.com/JustinSQiu/image-captioning-mturk/master/cvqa/Chinese_images/5865910674271072923_0.jpg,What traditional Chinese animal is featured in the image?,giant panda
https://raw.githubusercontent.com/JustinSQiu/image-captioning-mturk/master/cvqa/Chinese_images/5865910674271072923_0.jpg,Why are pandas referred to as the national treasure of China?,endearing nature
https://raw.githubusercontent.com/JustinSQiu/image-captioning-mturk/master/cvqa/Chinese_images/5865910674271072923_0.jpg,What can be inferred about the bamboo depicted in the image?,it is thin and tender
https://raw.githubusercontent.com/JustinSQiu/image-captioning-mturk/master/cvqa/Chinese_images/5865910674271181211_0.jpg,What type of character is the performer with long facial hair and a painted face?,wusheng
https://raw.githubusercontent.com/JustinSQiu/image-captioning-mturk/master/cvqa/Chinese_images/5865910674271181211_0.jpg,What does the red flag symbolize in the performance?,valor and martial prowess
https://raw.githubusercontent.com/JustinSQiu/image-captioning-mturk/master/cvqa/Chinese_images/5865910674271181211_0.jpg,What item does the performer on the right hold that suggests their role?,a long arrow
https://raw.githubusercontent.com/JustinSQiu/image-captioning-mturk/master/cvqa/Chinese_images/5865910674271705429_0.jpg,What local architectural characteristics are featured in the building?,brightly colored eaves and window tops
https://raw.githubusercontent.com/JustinSQiu/image-captioning-mturk/master/cvqa/Chinese_images/5865910674271705429_0.jpg,What cultural purpose do the small colorful flags serve?,celebration and festive decoration
https://raw.githubusercontent.com/JustinSQiu/image-captioning-mturk/master/cvqa/Chinese_images/5865910674271780257_0.jpg,What does the presence of monkeys symbolize in Chinese culture?,the Year of the Monkey
https://raw.githubusercontent.com/JustinSQiu/image-captioning-mturk/master/cvqa/Chinese_images/5865910674271780257_0.jpg,What color symbolizes luck and happiness in Chinese culture?,red
https://raw.githubusercontent.com/JustinSQiu/image-captioning-mturk/master/cvqa/Chinese_images/5865910674271780257_0.jpg,What are the lion-like mythical beasts symbolic of?,protection and good fortune
https://raw.githubusercontent.com/JustinSQiu/image-captioning-mturk/master/cvqa/Chinese_images/5865910674271796224_0.jpg,What type of towers are integrated into the Great Wall?,beacon towers
https://raw.githubusercontent.com/JustinSQiu/image-captioning-mturk/master/cvqa/Chinese_images/5865910674271796224_0.jpg,What natural season is suggested by the state of vegetation?,autumn or winter
https://raw.githubusercontent.com/JustinSQiu/image-captioning-mturk/master/cvqa/Chinese_images/5865910674271796224_0.jpg,What type of military equipment was historically found on the wall?,machine guns and cannons
https://raw.githubusercontent.com/JustinSQiu/image-captioning-mturk/master/cvqa/Chinese_images/5865910674271929696_0.jpg,What color is the roof of the green pavilion?,red
https://raw.githubusercontent.com/JustinSQiu/image-captioning-mturk/master/cvqa/Chinese_images/5865910674271929696_0.jpg,What style of temple is suggested by the yellow walls?,Taoist temple
https://raw.githubusercontent.com/JustinSQiu/image-captioning-mturk/master/cvqa/Chinese_images/5865910674271929696_0.jpg,What historical Chinese dynasties are mentioned?,Ming and Qing dynasties
https://raw.githubusercontent.com/JustinSQiu/image-captioning-mturk/master/cvqa/Chinese_images/5865910674271950573_0.jpg,What is the name of the bridge with nine bends?,Jiǔqū Qiáo
https://raw.githubusercontent.com/JustinSQiu/image-captioning-mturk/master/cvqa/Chinese_images/5865910674271950573_0.jpg,What architectural style is the ancient building?,Chinese-style architecture
https://raw.githubusercontent.com/JustinSQiu/image-captioning-mturk/master/cvqa/Chinese_images/5865910674271950573_0.jpg,What cultural significance do the nine bends of the bridge represent?,Journey through life's challenges
https://raw.githubusercontent.com/JustinSQiu/image-captioning-mturk/master/cvqa/Chinese_images/5865910674271963373_0.jpg,What character is inscribed on the red lantern?,tea
https://raw.githubusercontent.com/JustinSQiu/image-captioning-mturk/master/cvqa/Chinese_images/5865910674271963373_0.jpg,What traditional design style does the lantern reflect?,bamboo drum architecture
https://raw.githubusercontent.com/JustinSQiu/image-captioning-mturk/master/cvqa/Chinese_images/5865910674271963373_0.jpg,What type of greenery is mentioned surrounding the lantern?,willow trees
https://raw.githubusercontent.com/JustinSQiu/image-captioning-mturk/master/cvqa/Chinese_images/5865910674272163046_0.jpg,What is the traditional name for the candied hawthorn treats?,Tang Hu Lu
https://raw.githubusercontent.com/JustinSQiu/image-captioning-mturk/master/cvqa/Chinese_images/5865910674272163046_0.jpg,What type of packaging do the napkins in the image have?,plastic package
https://raw.githubusercontent.com/JustinSQiu/image-captioning-mturk/master/cvqa/Chinese_images/5865910674272163046_0.jpg,What flavor does the sugary coating complement on the hawthorn berries?,natural sourness
https://raw.githubusercontent.com/JustinSQiu/image-captioning-mturk/master/cvqa/Chinese_images/5865910674272256090_0.jpg,What nut is being roasted and is particularly popular in Asian cuisine?,chestnuts
https://raw.githubusercontent.com/JustinSQiu/image-captioning-mturk/master/cvqa/Chinese_images/5865910674272256090_0.jpg,What method of cooking is depicted that emphasizes social gathering?,surrounding the stove
https://raw.githubusercontent.com/JustinSQiu/image-captioning-mturk/master/cvqa/Chinese_images/5865910674272283651_0.jpg,What colors are used in the shoe's design?,"white, gray, pink, purple"
https://raw.githubusercontent.com/JustinSQiu/image-captioning-mturk/master/cvqa/Chinese_images/5865910674272283651_0.jpg,What does the 'YW' signify on the shoe?,design collection or model number
https://raw.githubusercontent.com/JustinSQiu/image-captioning-mturk/master/cvqa/Chinese_images/5865910674272283651_0.jpg,What brand logo is prominently displayed on the shoe?,Li Ning
https://raw.githubusercontent.com/JustinSQiu/image-captioning-mturk/master/cvqa/Chinese_images/5865910674272329281_0.jpg,What traditional performance is depicted on the stage?,Chinese opera
https://raw.githubusercontent.com/JustinSQiu/image-captioning-mturk/master/cvqa/Chinese_images/5865910674272329281_0.jpg,What decorative feature is placed at the top of the tower?,an ornament made from incense paper
https://raw.githubusercontent.com/JustinSQiu/image-captioning-mturk/master/cvqa/Chinese_images/5865910674272329281_0.jpg,What color are the tiles on the temple roof?,blue
https://raw.githubusercontent.com/JustinSQiu/image-captioning-mturk/master/cvqa/Chinese_images/5865910674272393747_0.jpg,What architectural style is reflected in the two foreground buildings?,quasi-East Asian stylistic elements
https://raw.githubusercontent.com/JustinSQiu/image-captioning-mturk/master/cvqa/Chinese_images/5865910674272393747_0.jpg,What contrasting color is used on the walls of the foreground structures?,striking red
https://raw.githubusercontent.com/JustinSQiu/image-captioning-mturk/master/cvqa/Chinese_images/5865910674272466659_0.jpg,What traditional Chinese folk art is showcased in the event?,Dun Tieh Hua
https://raw.githubusercontent.com/JustinSQiu/image-captioning-mturk/master/cvqa/Chinese_images/5865910674272466659_0.jpg,What type of cultural performance involves molten iron?,iron flower performance
https://raw.githubusercontent.com/JustinSQiu/image-captioning-mturk/master/cvqa/Chinese_images/5865910674272466659_0.jpg,What visual effect does the iron flower performance resemble?,fireworks
https://raw.githubusercontent.com/JustinSQiu/image-captioning-mturk/master/cvqa/Chinese_images/5865910674272544738_0.jpg,What is Jack Ma's name in Mandarin?,Ma Yun
https://raw.githubusercontent.com/JustinSQiu/image-captioning-mturk/master/cvqa/Chinese_images/5865910674272544738_0.jpg,What company did Jack Ma found?,Alibaba
https://raw.githubusercontent.com/JustinSQiu/image-captioning-mturk/master/cvqa/Chinese_images/5865910674272691013_0.jpg,What is the significance of the ox in the festival?,symbol of the year of the ox
https://raw.githubusercontent.com/JustinSQiu/image-captioning-mturk/master/cvqa/Chinese_images/5865910674272691013_0.jpg,What festival is suggested by the multiple lanterns?,Lantern Festival
https://raw.githubusercontent.com/JustinSQiu/image-captioning-mturk/master/cvqa/Chinese_images/5865910674272691013_0.jpg,What does the sign held by a boy say?,"""Blessings Full at the Door"""
https://raw.githubusercontent.com/JustinSQiu/image-captioning-mturk/master/cvqa/Chinese_images/5865910674272691013_0.jpg,What character symbolizes good fortune in the scene?,'Fu'
https://raw.githubusercontent.com/JustinSQiu/image-captioning-mturk/master/cvqa/Chinese_images/5865910674272852596_0.jpg,What significant cultural reference is found in the text at the base of the image?,Nanqingnian Portrait Sketch
https://raw.githubusercontent.com/JustinSQiu/image-captioning-mturk/master/cvqa/Chinese_images/5865910674272852596_0.jpg,What year was the clay sculpture created?,1997
https://raw.githubusercontent.com/JustinSQiu/image-captioning-mturk/master/cvqa/Chinese_images/5865910674272852596_0.jpg,Who is the likely artist of the sculpture?,Pan Junhong
https://raw.githubusercontent.com/JustinSQiu/image-captioning-mturk/master/cvqa/Chinese_images/5865910674272856371_0.jpg,What traditional Chinese festival setting is suggested by the blurred background?,temple fair
https://raw.githubusercontent.com/JustinSQiu/image-captioning-mturk/master/cvqa/Chinese_images/5865910674272856371_0.jpg,What intricate shape is the artisan creating using syrup?,dragon
https://raw.githubusercontent.com/JustinSQiu/image-captioning-mturk/master/cvqa/Chinese_images/5865910674272856371_0.jpg,What tool is described that aids in shaping the syrup?,gold and silver spatulas
https://raw.githubusercontent.com/JustinSQiu/image-captioning-mturk/master/cvqa/Chinese_images/5865910674273371038_0.jpg,Who is the prominent figure in Chinese Peking Opera featured in the text?,Mei Lanfang
https://raw.githubusercontent.com/JustinSQiu/image-captioning-mturk/master/cvqa/Chinese_images/5865910674273371038_0.jpg,Which filmmaker directed the movie connected to Mei Lanfang?,Chen Kaige
https://raw.githubusercontent.com/JustinSQiu/image-captioning-mturk/master/cvqa/Chinese_images/5865910674273371038_0.jpg,What theme is hinted at by the slogan on the opera poster?,loneliness
https://raw.githubusercontent.com/JustinSQiu/image-captioning-mturk/master/cvqa/Chinese_images/5865910674273458190_0.jpg,What traditional Chinese instrument are the women playing?,erhu
https://raw.githubusercontent.com/JustinSQiu/image-captioning-mturk/master/cvqa/Chinese_images/5865910674273458190_0.jpg,What type of dress is the girl wearing in the first image?,qipao
https://raw.githubusercontent.com/JustinSQiu/image-captioning-mturk/master/cvqa/Chinese_images/5865910674273458190_0.jpg,What architectural feature indicates a traditional Chinese setting?,courtyard with bluish bricks
https://raw.githubusercontent.com/JustinSQiu/image-captioning-mturk/master/cvqa/Chinese_images/5865910674273582700_0.jpg,"What trees are featured in the painting, known for their blossoms?",flowering plum trees
https://raw.githubusercontent.com/JustinSQiu/image-captioning-mturk/master/cvqa/Chinese_images/5865910674273582700_0.jpg,What historical clothing style is indicated by the children's attire?,Qing Dynasty clothing
https://raw.githubusercontent.com/JustinSQiu/image-captioning-mturk/master/cvqa/Chinese_images/5865910674273582700_0.jpg,What color palette is characteristic of ancient Chinese paintings?,slightly yellowish tint
https://raw.githubusercontent.com/JustinSQiu/image-captioning-mturk/master/cvqa/Chinese_images/5865910674274264939_0.jpg,What is the significance of the four characters on the jian zhi?,wealth and prosperity
https://raw.githubusercontent.com/JustinSQiu/image-captioning-mturk/master/cvqa/Chinese_images/5865910674274264939_0.jpg,"What does the complete phrase ""招财进宝"" translate to?",Invite Wealth and Treasure
https://raw.githubusercontent.com/JustinSQiu/image-captioning-mturk/master/cvqa/Chinese_images/5865910674274264939_0.jpg,What fragrant wood is mentioned in the paper cuts along with its characters?,agarwood
https://raw.githubusercontent.com/JustinSQiu/image-captioning-mturk/master/cvqa/Chinese_images/5865910674274522108_0.jpg,What cultural theme does the exhibition center around?,Chinese character culture
https://raw.githubusercontent.com/JustinSQiu/image-captioning-mturk/master/cvqa/Chinese_images/5865910674274522108_0.jpg,What is the significance of the potted plant's ribbons?,red celebratory ribbons
https://raw.githubusercontent.com/JustinSQiu/image-captioning-mturk/master/cvqa/Chinese_images/5865910674274522108_0.jpg,What do the calligraphy pieces resemble that conveys historical evolution?,pictograms resembling Chinese characters
https://raw.githubusercontent.com/JustinSQiu/image-captioning-mturk/master/cvqa/Chinese_images/5865910674274821955_0.jpg,What color is the elegant teapot filled with tea leaves?,turquoise
https://raw.githubusercontent.com/JustinSQiu/image-captioning-mturk/master/cvqa/Chinese_images/5865910674274821955_0.jpg,What is the ambiance of the tea scene reminiscent of?,a tranquil afternoon
https://raw.githubusercontent.com/JustinSQiu/image-captioning-mturk/master/cvqa/Chinese_images/5865910674275342116_0.jpg,What color is Jackie Chan's kung fu outfit?,blue
https://raw.githubusercontent.com/JustinSQiu/image-captioning-mturk/master/cvqa/Chinese_images/5865910674275342116_0.jpg,What animal is perched on Jackie Chan's shoulder?,pangolin
https://raw.githubusercontent.com/JustinSQiu/image-captioning-mturk/master/cvqa/Chinese_images/5865910674275342116_0.jpg,What conservation message is featured on the poster?,Protect pangolins
https://raw.githubusercontent.com/JustinSQiu/image-captioning-mturk/master/cvqa/Chinese_images/5865910674275343823_0.jpg,Who is the deity worshiped at the altar?,Guanyu
https://raw.githubusercontent.com/JustinSQiu/image-captioning-mturk/master/cvqa/Chinese_images/5865910674275343823_0.jpg,What weapon does Guanyu wield?,Qīnglóng Yǎn Yuèdāo
https://raw.githubusercontent.com/JustinSQiu/image-captioning-mturk/master/cvqa/Chinese_images/5865910674275343823_0.jpg,What do apples and oranges symbolize in Chinese offerings?,good fortune and abundance
https://raw.githubusercontent.com/JustinSQiu/image-captioning-mturk/master/cvqa/Chinese_images/5865910674275343823_0.jpg,What do the electronic red candles on the altar represent?,spiritual illumination
https://raw.githubusercontent.com/JustinSQiu/image-captioning-mturk/master/cvqa/Chinese_images/5865910674275489089_0.jpg,What is the significance of mooncakes in Chinese culture?,Mid-Autumn Festival
https://raw.githubusercontent.com/JustinSQiu/image-captioning-mturk/master/cvqa/Chinese_images/5865910674275489089_0.jpg,"What type of mooncake features the filling ""double yolk""?",traditional mooncake
https://raw.githubusercontent.com/JustinSQiu/image-captioning-mturk/master/cvqa/Chinese_images/5865910674275489089_0.jpg,What auspicious symbol is associated with the mooncake filling in the second image?,good fortune
https://raw.githubusercontent.com/JustinSQiu/image-captioning-mturk/master/cvqa/Chinese_images/5865910674275493201_0.jpg,What important symbol is featured on the promotional board?,red dragon
https://raw.githubusercontent.com/JustinSQiu/image-captioning-mturk/master/cvqa/Chinese_images/5865910674275493201_0.jpg,What does the red dragon symbolize in Chinese culture?,"power, strength, good fortune"
https://raw.githubusercontent.com/JustinSQiu/image-captioning-mturk/master/cvqa/Chinese_images/5865910674275493201_0.jpg,What does the presence of lush green trees suggest about the area?,natural beauty and tranquility
https://raw.githubusercontent.com/JustinSQiu/image-captioning-mturk/master/cvqa/Chinese_images/5865910674275661528_0.jpg,What type of dance are the women performing?,square dance
https://raw.githubusercontent.com/JustinSQiu/image-captioning-mturk/master/cvqa/Chinese_images/5865910674275661528_0.jpg,What seasonal celebration is likely being observed?,Chinese New Year
https://raw.githubusercontent.com/JustinSQiu/image-captioning-mturk/master/cvqa/Chinese_images/5865910674275661528_0.jpg,What traditional performance is seen beside the dancers?,dragon dance
https://raw.githubusercontent.com/JustinSQiu/image-captioning-mturk/master/cvqa/Chinese_images/5865910674275792721_0.jpg,Who is the mythological character associated with this performance?,Sun Wukong
https://raw.githubusercontent.com/JustinSQiu/image-captioning-mturk/master/cvqa/Chinese_images/5865910674275792721_0.jpg,What is the performer holding that symbolizes Sun Wukong?,golden staff
https://raw.githubusercontent.com/JustinSQiu/image-captioning-mturk/master/cvqa/Chinese_images/5865910674275792721_0.jpg,What type of traditional theatre style is depicted in the performance?,Peking opera
https://raw.githubusercontent.com/JustinSQiu/image-captioning-mturk/master/cvqa/Chinese_images/5865910674275842598_0.jpg,Where are the terracotta warriors located?,"Xi'an, China"
https://raw.githubusercontent.com/JustinSQiu/image-captioning-mturk/master/cvqa/Chinese_images/5865910674275842598_0.jpg,What happens to some of the soldiers in this assembly?,They are missing heads
https://raw.githubusercontent.com/JustinSQiu/image-captioning-mturk/master/cvqa/Chinese_images/5865910674275842598_0.jpg,What feature suggests excavation is ongoing?,Unearthed sections of soldiers
https://raw.githubusercontent.com/JustinSQiu/image-captioning-mturk/master/cvqa/Chinese_images/5865910674275843194_0.jpg,What character symbolizing 'blessing' is visible on the glass surface?,a blessing character
https://raw.githubusercontent.com/JustinSQiu/image-captioning-mturk/master/cvqa/Chinese_images/5865910674275843194_0.jpg,What traditional Chinese symbols are featured in the paper cutout?,yuanbao and ruyi
https://raw.githubusercontent.com/JustinSQiu/image-captioning-mturk/master/cvqa/Chinese_images/5865910674275843194_0.jpg,What does the character 'Fu' signify in this context?,good fortune
https://raw.githubusercontent.com/JustinSQiu/image-captioning-mturk/master/cvqa/Chinese_images/5865910674275910168_0.jpg,What type of fish is primarily used for the dish?,silver carp
https://raw.githubusercontent.com/JustinSQiu/image-captioning-mturk/master/cvqa/Chinese_images/5865910674275910168_0.jpg,What is the dish's accompanying staple that pairs well with it?,rice
https://raw.githubusercontent.com/JustinSQiu/image-captioning-mturk/master/cvqa/Chinese_images/5865910674275910168_0.jpg,What type of sprouts is present under the fish head?,mung bean sprouts
https://raw.githubusercontent.com/JustinSQiu/image-captioning-mturk/master/cvqa/Chinese_images/5865910674276005103_0.jpg,What type of food is being sold by the stall that specializes in grilled honeydew melon?,grilled honeydew melon
https://raw.githubusercontent.com/JustinSQiu/image-captioning-mturk/master/cvqa/Chinese_images/5865910674276005103_0.jpg,What does the sign featuring three characters translate to in English?,roasted sweet potato
https://raw.githubusercontent.com/JustinSQiu/image-captioning-mturk/master/cvqa/Chinese_images/5865910674276005103_0.jpg,What type of vehicle is popular for short-distance transportation in this market?,green tricycles
https://raw.githubusercontent.com/JustinSQiu/image-captioning-mturk/master/cvqa/Chinese_images/5865910674276024254_0.jpg,What traditional festival is associated with zongzi?,Dragon Boat Festival
https://raw.githubusercontent.com/JustinSQiu/image-captioning-mturk/master/cvqa/Chinese_images/5865910674276024254_0.jpg,Who is commemorated during the Dragon Boat Festival?,Qu Yuan
https://raw.githubusercontent.com/JustinSQiu/image-captioning-mturk/master/cvqa/Chinese_images/5865910674276024254_0.jpg,What type of design is on the porcelain plate?,Yulin design
https://raw.githubusercontent.com/JustinSQiu/image-captioning-mturk/master/cvqa/Chinese_images/5865910674276140013_0.jpg,What ancient culture is the sculpture possibly connected to?,Sanxingdui culture
https://raw.githubusercontent.com/JustinSQiu/image-captioning-mturk/master/cvqa/Chinese_images/5865910674276140013_0.jpg,What type of inscriptions are present near the sculpture?,round inscriptions
https://raw.githubusercontent.com/JustinSQiu/image-captioning-mturk/master/cvqa/Chinese_images/5865910674276140013_0.jpg,What time period do the artifacts from Sanxingdui belong to?,Bronze Age
https://raw.githubusercontent.com/JustinSQiu/image-captioning-mturk/master/cvqa/Chinese_images/5865910674276486487_0.jpg,What type of tea is being promoted?,Pu'er tea
https://raw.githubusercontent.com/JustinSQiu/image-captioning-mturk/master/cvqa/Chinese_images/5865910674276486487_0.jpg,What does the poster claim about Pu'er tea pricing?,90% discount
https://raw.githubusercontent.com/JustinSQiu/image-captioning-mturk/master/cvqa/Chinese_images/5865910674276486487_0.jpg,What traditional element is featured alongside the tea display?,a lantern
https://raw.githubusercontent.com/JustinSQiu/image-captioning-mturk/master/cvqa/Chinese_images/5865910674277111099_0.jpg,What iconic Tibetan structure is shown?,Potala Palace
https://raw.githubusercontent.com/JustinSQiu/image-captioning-mturk/master/cvqa/Chinese_images/5865910674277111099_0.jpg,What colors prominently define the Potala Palace?,white and red
https://raw.githubusercontent.com/JustinSQiu/image-captioning-mturk/master/cvqa/Chinese_images/5865910674277111099_0.jpg,Who historically resided in the Potala Palace?,the Dalai Lama
https://raw.githubusercontent.com/JustinSQiu/image-captioning-mturk/master/cvqa/Chinese_images/5865910674277411339_0.jpg,What type of lions are placed atop the roof?,stone lions
https://raw.githubusercontent.com/JustinSQiu/image-captioning-mturk/master/cvqa/Chinese_images/5865910674277411339_0.jpg,What color jackets do the tour group wear?,bright yellow jackets
https://raw.githubusercontent.com/JustinSQiu/image-captioning-mturk/master/cvqa/Chinese_images/5865910674277411339_0.jpg,What UNESCO World Heritage site is this palace likely located in?,the Forbidden City
https://raw.githubusercontent.com/JustinSQiu/image-captioning-mturk/master/cvqa/Chinese_images/5865910674277649019_0.jpg,What traditional attire does the woman wear?,Chinese traditional costume
https://raw.githubusercontent.com/JustinSQiu/image-captioning-mturk/master/cvqa/Chinese_images/5865910674277649019_0.jpg,What symbolizes strength and resilience in the background?,bamboo
https://raw.githubusercontent.com/JustinSQiu/image-captioning-mturk/master/cvqa/Chinese_images/5865910674277649019_0.jpg,What is the girl holding that signifies cultural significance?,a bamboo leaf
https://raw.githubusercontent.com/JustinSQiu/image-captioning-mturk/master/cvqa/Chinese_images/5865910674277649019_0.jpg,What period does the traditional clothing suggest?,Spring and Autumn period
https://raw.githubusercontent.com/JustinSQiu/image-captioning-mturk/master/cvqa/Chinese_images/5865910674278017113_0.jpg,What traditional Chinese inscriptions are on the lanterns?,"Zhao Cai Jin Bao, Ji Xiang Ru Yi"
https://raw.githubusercontent.com/JustinSQiu/image-captioning-mturk/master/cvqa/Chinese_images/5865910674278017113_0.jpg,What is the significance of the red and gold colors used in the decorations?,Chinese New Year celebrations
https://raw.githubusercontent.com/JustinSQiu/image-captioning-mturk/master/cvqa/Chinese_images/5865910674278017113_0.jpg,What kind of bookstore is indicated in the image?,Chinese bookstore
https://raw.githubusercontent.com/JustinSQiu/image-captioning-mturk/master/cvqa/Chinese_images/5865910674278194034_0.jpg,"What type of trees are nearby the pagoda, associated with Asian landscapes?",ginkgo trees
https://raw.githubusercontent.com/JustinSQiu/image-captioning-mturk/master/cvqa/Chinese_images/5865910674278194034_0.jpg,What architectural influence does the pagoda's design resemble?,bamboo shoot
https://raw.githubusercontent.com/JustinSQiu/image-captioning-mturk/master/cvqa/Chinese_images/5865910674278309641_0.jpg,What traditional dance is being performed by the group in the square?,dragon dance
https://raw.githubusercontent.com/JustinSQiu/image-captioning-mturk/master/cvqa/Chinese_images/5865910674278309641_0.jpg,What type of ribbon are the women holding?,red silk ribbon
https://raw.githubusercontent.com/JustinSQiu/image-captioning-mturk/master/cvqa/Chinese_images/5865910674278309641_0.jpg,Which significant festival might this celebration be linked to?,Spring Festival
https://raw.githubusercontent.com/JustinSQiu/image-captioning-mturk/master/cvqa/Chinese_images/5865910674278329176_0.jpg,What architectural feature of the Bank of China Tower enhances its facade?,diamond-shaped light strips
https://raw.githubusercontent.com/JustinSQiu/image-captioning-mturk/master/cvqa/Chinese_images/5865910674278329176_0.jpg,What does the brightness of the buildings suggest about urban life?,around-the-clock nature
https://raw.githubusercontent.com/JustinSQiu/image-captioning-mturk/master/cvqa/Chinese_images/5865910674278360824_0.jpg,What type of paper is commonly used in traditional Chinese painting?,Xuan paper
https://raw.githubusercontent.com/JustinSQiu/image-captioning-mturk/master/cvqa/Chinese_images/5865910674278360824_0.jpg,What does the red seal signify in the artwork?,the artist’s identity
https://raw.githubusercontent.com/JustinSQiu/image-captioning-mturk/master/cvqa/Chinese_images/5865910674278360824_0.jpg,What style of calligraphy is used in the artwork?,traditional brush style
https://raw.githubusercontent.com/JustinSQiu/image-captioning-mturk/master/cvqa/Chinese_images/5865910674278545668_0.jpg,What elements of cultural attire reflect the individuals' ethnic identity?,helmets or masks
https://raw.githubusercontent.com/JustinSQiu/image-captioning-mturk/master/cvqa/Chinese_images/5865910674278545668_0.jpg,What specific food item is referenced in the headgear design?,small eggplants
https://raw.githubusercontent.com/JustinSQiu/image-captioning-mturk/master/cvqa/Chinese_images/5865910674278545668_0.jpg,What does the Chinese sign in the background indicate?,connection to Chinese culture
https://raw.githubusercontent.com/JustinSQiu/image-captioning-mturk/master/cvqa/Chinese_images/5865910674278647727_0.jpg,What iconic tower resembles a giant pearl?,Oriental Pearl Tower
https://raw.githubusercontent.com/JustinSQiu/image-captioning-mturk/master/cvqa/Chinese_images/5865910674278647727_0.jpg,What river is depicted in the image?,Huangpu River
https://raw.githubusercontent.com/JustinSQiu/image-captioning-mturk/master/cvqa/Chinese_images/5865910674278647727_0.jpg,What term describes the waterfront area featured?,the Bund
https://raw.githubusercontent.com/JustinSQiu/image-captioning-mturk/master/cvqa/Chinese_images/5865910674278756341_0.jpg,What is inscribed on the stone plaque below the statue?,"""The Image of the Great Teacher Confucius"""
https://raw.githubusercontent.com/JustinSQiu/image-captioning-mturk/master/cvqa/Chinese_images/5865910674278756341_0.jpg,What do the two characters above the temple translate to?,"""City Gate"""
https://raw.githubusercontent.com/JustinSQiu/image-captioning-mturk/master/cvqa/Chinese_images/5865910674278756341_0.jpg,What architectural style does the large city gate exemplify?,Qing Dynasty architecture
https://raw.githubusercontent.com/JustinSQiu/image-captioning-mturk/master/cvqa/Chinese_images/5865910674278792869_0.jpg,What is the name of the chess game being played?,Xiangqi
https://raw.githubusercontent.com/JustinSQiu/image-captioning-mturk/master/cvqa/Chinese_images/5865910674278792869_0.jpg,What kind of environment is typical for this game?,public spaces in China
https://raw.githubusercontent.com/JustinSQiu/image-captioning-mturk/master/cvqa/Chinese_images/5865910674278792869_0.jpg,Who is one of the individuals named in the group?,Huang Wei
https://raw.githubusercontent.com/JustinSQiu/image-captioning-mturk/master/cvqa/Chinese_images/5865910674278808930_0.jpg,What colors are prominently featured on the traditional Chinese porcelain vases?,"Green, blue, and yellow"
https://raw.githubusercontent.com/JustinSQiu/image-captioning-mturk/master/cvqa/Chinese_images/5865910674278808930_0.jpg,What indicates the historical significance of the vases?,Chinese characters on bottles
https://raw.githubusercontent.com/JustinSQiu/image-captioning-mturk/master/cvqa/Chinese_images/5865910674278808930_0.jpg,Which vase features a cracked effect?,the green vase
https://raw.githubusercontent.com/JustinSQiu/image-captioning-mturk/master/cvqa/Chinese_images/5865910674278890896_0.jpg,What is the unique architectural feature of the pavilion's roof?,two-tiered roof structure
https://raw.githubusercontent.com/JustinSQiu/image-captioning-mturk/master/cvqa/Chinese_images/5865910674278890896_0.jpg,What decorative elements adorn the pavilion's roof?,golden decorative elements
https://raw.githubusercontent.com/JustinSQiu/image-captioning-mturk/master/cvqa/Chinese_images/5865910674278890896_0.jpg,What cultural symbol is represented by the stone lion?,guardianship
https://raw.githubusercontent.com/JustinSQiu/image-captioning-mturk/master/cvqa/Chinese_images/5865910674279152813_0.jpg,What festival is associated with colorful powders?,Holi
https://raw.githubusercontent.com/JustinSQiu/image-captioning-mturk/master/cvqa/Chinese_images/5865910674279152813_0.jpg,What type of wall is in the background of the images?,wooden wall
https://raw.githubusercontent.com/JustinSQiu/image-captioning-mturk/master/cvqa/Chinese_images/5865910674279152813_0.jpg,How are the flowers presented in the first image?,indoor arrangement
https://raw.githubusercontent.com/JustinSQiu/image-captioning-mturk/master/cvqa/Chinese_images/5865910674279457951_0.jpg,What vibrant ingredient gives the soup its yellow base?,sauerkraut
https://raw.githubusercontent.com/JustinSQiu/image-captioning-mturk/master/cvqa/Chinese_images/5865910674279457951_0.jpg,What type of cuisine is sour fish with sauerkraut associated with?,Sichuan cuisine
https://raw.githubusercontent.com/JustinSQiu/image-captioning-mturk/master/cvqa/Chinese_images/5865910674279457951_0.jpg,What enhances the dish's visual appeal alongside green onions?,dried chili flakes
https://raw.githubusercontent.com/JustinSQiu/image-captioning-mturk/master/cvqa/Chinese_images/5865910674279788587_0.jpg,What is the name of the guesthouse?,Longyue Inn
https://raw.githubusercontent.com/JustinSQiu/image-captioning-mturk/master/cvqa/Chinese_images/5865910674279788587_0.jpg,What type of beauty service is indicated by the sign 'Aimei'?,beauty salon
https://raw.githubusercontent.com/JustinSQiu/image-captioning-mturk/master/cvqa/Chinese_images/5865910674279788587_0.jpg,What architectural features suggest traditional Chinese design?,blue tiles and eaves
https://raw.githubusercontent.com/JustinSQiu/image-captioning-mturk/master/cvqa/Chinese_images/5865910684271102965_0.jpg,What are the Four Treasures of the Study in Chinese writing culture?,"brush, ink, paper, inkstone"
https://raw.githubusercontent.com/JustinSQiu/image-captioning-mturk/master/cvqa/Chinese_images/5865910684271102965_0.jpg,What traditional object is used for grinding ink?,ink grinding stone
https://raw.githubusercontent.com/JustinSQiu/image-captioning-mturk/master/cvqa/Chinese_images/5865910684271102965_0.jpg,What writing tool is notably absent in the traditional desk arrangement?,brushes
https://raw.githubusercontent.com/JustinSQiu/image-captioning-mturk/master/cvqa/Chinese_images/5865910684271138091_0.jpg,What traditional Chinese dish are these dumplings referred to as in Chinese?,饺子 (jiaozi)
https://raw.githubusercontent.com/JustinSQiu/image-captioning-mturk/master/cvqa/Chinese_images/5865910684271138091_0.jpg,During which occasion are dumplings like these often associated in Chinese culture?,Chinese New Year
https://raw.githubusercontent.com/JustinSQiu/image-captioning-mturk/master/cvqa/Chinese_images/5865910684271138091_0.jpg,What might the presence of flour on the dumplings indicate about their preparation?,they are uncooked
https://raw.githubusercontent.com/JustinSQiu/image-captioning-mturk/master/cvqa/Chinese_images/5865910684271696881_0.jpg,What is the nickname of the Guangzhou Tower?,"""little waist"""
https://raw.githubusercontent.com/JustinSQiu/image-captioning-mturk/master/cvqa/Chinese_images/5865910684271696881_0.jpg,How does the tower interact with the night sky?,visually stunning experience
https://raw.githubusercontent.com/JustinSQiu/image-captioning-mturk/master/cvqa/Chinese_images/5865910684271696881_0.jpg,What type of columns are incorporated in the tower's design?,spiral columns
https://raw.githubusercontent.com/JustinSQiu/image-captioning-mturk/master/cvqa/Chinese_images/5865910684271721353_0.jpg,What does the Chinese knot represent in Chinese culture?,luck and prosperity
https://raw.githubusercontent.com/JustinSQiu/image-captioning-mturk/master/cvqa/Chinese_images/5865910684271721353_0.jpg,What is the significance of red tassels on the knot?,symbol of celebration
https://raw.githubusercontent.com/JustinSQiu/image-captioning-mturk/master/cvqa/Chinese_images/5865910684271872101_0.jpg,What type of traditional Chinese instrument is a guzheng?,a zither
https://raw.githubusercontent.com/JustinSQiu/image-captioning-mturk/master/cvqa/Chinese_images/5865910684271872101_0.jpg,What kind of wall decor references musical traditions?,calligraphic artworks
https://raw.githubusercontent.com/JustinSQiu/image-captioning-mturk/master/cvqa/Chinese_images/5865910684272121226_0.jpg,What traditional couplets are being hung for the Spring Festival?,spring couplets
https://raw.githubusercontent.com/JustinSQiu/image-captioning-mturk/master/cvqa/Chinese_images/5865910684272121226_0.jpg,What do the lanterns symbolize in this cultural context?,prosperity and good fortune
https://raw.githubusercontent.com/JustinSQiu/image-captioning-mturk/master/cvqa/Chinese_images/5865910684272121226_0.jpg,What is the significance of the color red in this celebration?,ward off evil spirits
https://raw.githubusercontent.com/JustinSQiu/image-captioning-mturk/master/cvqa/Chinese_images/5865910684272254017_0.jpg,What traditional Chinese costume style are the women wearing?,Hanfu
https://raw.githubusercontent.com/JustinSQiu/image-captioning-mturk/master/cvqa/Chinese_images/5865910684272254017_0.jpg,What type of flowers is the woman closer to the camera holding?,blue flowers
https://raw.githubusercontent.com/JustinSQiu/image-captioning-mturk/master/cvqa/Chinese_images/5865910684272254017_0.jpg,What prop is held by the second woman in the distance?,a rabbit prop
https://raw.githubusercontent.com/JustinSQiu/image-captioning-mturk/master/cvqa/Chinese_images/5865910684272389801_0.jpg,What specific pattern is noted on the leopard's coat?,rosettes
https://raw.githubusercontent.com/JustinSQiu/image-captioning-mturk/master/cvqa/Chinese_images/5865910684272389801_0.jpg,What is the leopard's demeanor in the image?,relaxed demeanor
https://raw.githubusercontent.com/JustinSQiu/image-captioning-mturk/master/cvqa/Chinese_images/5865910684272389801_0.jpg,What type of environment suggests the leopard is in captivity?,concrete base and cage
https://raw.githubusercontent.com/JustinSQiu/image-captioning-mturk/master/cvqa/Chinese_images/5865910684272730176_0.jpg,What color are the prominent rooftops of the building?,Gold and red
https://raw.githubusercontent.com/JustinSQiu/image-captioning-mturk/master/cvqa/Chinese_images/5865910684272730176_0.jpg,What significant religious feature is present in the architecture?,Upward-curving eaves
https://raw.githubusercontent.com/JustinSQiu/image-captioning-mturk/master/cvqa/Chinese_images/5865910684272768680_0.jpg,Who is the character Tang Seng portraying?,a traveling monk
https://raw.githubusercontent.com/JustinSQiu/image-captioning-mturk/master/cvqa/Chinese_images/5865910684272768680_0.jpg,What iconic character is symbolized by the elaborate hat with feet?,Sun Wukong
https://raw.githubusercontent.com/JustinSQiu/image-captioning-mturk/master/cvqa/Chinese_images/5865910684272768680_0.jpg,Which character is depicted in red attire with a spear?,Nezha
https://raw.githubusercontent.com/JustinSQiu/image-captioning-mturk/master/cvqa/Chinese_images/5865910684272810039_0.jpg,What is the primary diet of pandas depicted in the image?,bamboo shoots
https://raw.githubusercontent.com/JustinSQiu/image-captioning-mturk/master/cvqa/Chinese_images/5865910684272810039_0.jpg,Where are pandas revered in culture as a symbol?,China
https://raw.githubusercontent.com/JustinSQiu/image-captioning-mturk/master/cvqa/Chinese_images/5865910684272810039_0.jpg,What natural material is used on the ground for the pandas' habitat?,bamboo shoots
https://raw.githubusercontent.com/JustinSQiu/image-captioning-mturk/master/cvqa/Chinese_images/5865910684272888503_0.jpg,What iconic river is part of the Guilin landscape?,Li River
https://raw.githubusercontent.com/JustinSQiu/image-captioning-mturk/master/cvqa/Chinese_images/5865910684272888503_0.jpg,What type of rafts are seen on the water?,bamboo rafts
https://raw.githubusercontent.com/JustinSQiu/image-captioning-mturk/master/cvqa/Chinese_images/5865910684273041742_0.jpg,What type of animal resembles an Asian wild donkey?,Tibetan wild donkey
https://raw.githubusercontent.com/JustinSQiu/image-captioning-mturk/master/cvqa/Chinese_images/5865910684273041742_0.jpg,What landscape area may this image depict?,Tibetan Plateau
https://raw.githubusercontent.com/JustinSQiu/image-captioning-mturk/master/cvqa/Chinese_images/5865910684273127895_0.jpg,What is the cultural significance of flying kites in the context described?,Traditionally celebrated during festivals
https://raw.githubusercontent.com/JustinSQiu/image-captioning-mturk/master/cvqa/Chinese_images/5865910684273127895_0.jpg,What specific festival is mentioned for kite flying?,Qingming Festival
https://raw.githubusercontent.com/JustinSQiu/image-captioning-mturk/master/cvqa/Chinese_images/5865910684273127895_0.jpg,What material are traditional kites typically made from?,bamboo and paper
https://raw.githubusercontent.com/JustinSQiu/image-captioning-mturk/master/cvqa/Chinese_images/5865910684273149405_0.jpg,What are the names of the traditional protectors depicted?,door gods
https://raw.githubusercontent.com/JustinSQiu/image-captioning-mturk/master/cvqa/Chinese_images/5865910684273149405_0.jpg,Who does the left door god resemble?,Guan Gong
https://raw.githubusercontent.com/JustinSQiu/image-captioning-mturk/master/cvqa/Chinese_images/5865910684273149405_0.jpg,What do the couplets communicate?,auspicious messages
https://raw.githubusercontent.com/JustinSQiu/image-captioning-mturk/master/cvqa/Chinese_images/5865910684273167433_0.jpg,What hairstyle do the Terracotta Warriors have?,topknot hairstyles
https://raw.githubusercontent.com/JustinSQiu/image-captioning-mturk/master/cvqa/Chinese_images/5865910684273167433_0.jpg,Who did the Terracotta Army accompany in the afterlife?,Qin Shi Huang
https://raw.githubusercontent.com/JustinSQiu/image-captioning-mturk/master/cvqa/Chinese_images/5865910684273444114_0.jpg,What is the purpose of the lion sculptures near the bridge?,guardianship and protection
https://raw.githubusercontent.com/JustinSQiu/image-captioning-mturk/master/cvqa/Chinese_images/5865910684273444114_0.jpg,What architectural style is indicated by the lion sculptures?,traditional Chinese architecture
https://raw.githubusercontent.com/JustinSQiu/image-captioning-mturk/master/cvqa/Chinese_images/5865910684273444114_0.jpg,"What flora surrounds the bridge, enhancing the scene?",lush vegetation
https://raw.githubusercontent.com/JustinSQiu/image-captioning-mturk/master/cvqa/Chinese_images/5865910684273469261_0.jpg,What traditional Chinese snack is represented by the golden yellow buns?,Roujiamo
https://raw.githubusercontent.com/JustinSQiu/image-captioning-mturk/master/cvqa/Chinese_images/5865910684273469261_0.jpg,What province is Shaanxi Roujiamo associated with?,Shaanxi Province
https://raw.githubusercontent.com/JustinSQiu/image-captioning-mturk/master/cvqa/Chinese_images/5865910684273616593_0.jpg,What symbol is featured on the flag flown by the boat?,Yellow five-pointed star
https://raw.githubusercontent.com/JustinSQiu/image-captioning-mturk/master/cvqa/Chinese_images/5865910684273616593_0.jpg,What does the tugboat primarily transport along the rivers in China?,Goods like minerals
https://raw.githubusercontent.com/JustinSQiu/image-captioning-mturk/master/cvqa/Chinese_images/5865910684273675736_0.jpg,What type of noodles are specifically named from Yunnan?,crossing the bridge rice noodles
https://raw.githubusercontent.com/JustinSQiu/image-captioning-mturk/master/cvqa/Chinese_images/5865910684273675736_0.jpg,What is the primary flavor profile of the noodles described?,sour and spicy
https://raw.githubusercontent.com/JustinSQiu/image-captioning-mturk/master/cvqa/Chinese_images/5865910684273675736_0.jpg,What region is known for this type of noodle dish in China?,Sichuan
https://raw.githubusercontent.com/JustinSQiu/image-captioning-mturk/master/cvqa/Chinese_images/5865910684273698266_0.jpg,What inscriptions are found on the pavilion?,"""First Spring"" and ""Rebellious Spring"""
https://raw.githubusercontent.com/JustinSQiu/image-captioning-mturk/master/cvqa/Chinese_images/5865910684273698266_0.jpg,What type of residence is the courtyard part of?,a siheyuan
https://raw.githubusercontent.com/JustinSQiu/image-captioning-mturk/master/cvqa/Chinese_images/5865910684273698266_0.jpg,Which famous spring is referenced?,Outlaw Spring
https://raw.githubusercontent.com/JustinSQiu/image-captioning-mturk/master/cvqa/Chinese_images/5865910684273870573_0.jpg,What is the name of the palace seen in the image?,Potala Palace
https://raw.githubusercontent.com/JustinSQiu/image-captioning-mturk/master/cvqa/Chinese_images/5865910684273870573_0.jpg,What symbol is represented by the many steps leading to the palace?,aspirations and dedication
https://raw.githubusercontent.com/JustinSQiu/image-captioning-mturk/master/cvqa/Chinese_images/5865910684273870573_0.jpg,In which region is the Potala Palace located?,Tibet
https://raw.githubusercontent.com/JustinSQiu/image-captioning-mturk/master/cvqa/Chinese_images/5865910684273901143_0.jpg,What color are the peony flowers in the vase?,pale purple
https://raw.githubusercontent.com/JustinSQiu/image-captioning-mturk/master/cvqa/Chinese_images/5865910684273901143_0.jpg,From which city do the flowers originate?,Beijing
https://raw.githubusercontent.com/JustinSQiu/image-captioning-mturk/master/cvqa/Chinese_images/5865910684273901143_0.jpg,What cultural significance do peonies have in China?,prosperity and honor
https://raw.githubusercontent.com/JustinSQiu/image-captioning-mturk/master/cvqa/Chinese_images/5865910684273995468_0.jpg,What significant Chinese cultural artwork is referenced?,Riverside Scene at Qingming Festival
https://raw.githubusercontent.com/JustinSQiu/image-captioning-mturk/master/cvqa/Chinese_images/5865910684273995468_0.jpg,What mood does the overall atmosphere of the scene convey?,tranquil and serene
https://raw.githubusercontent.com/JustinSQiu/image-captioning-mturk/master/cvqa/Chinese_images/5865910684273995468_0.jpg,What traditional Chinese art style are the figures reminiscent of?,traditional Chinese ink paintings
https://raw.githubusercontent.com/JustinSQiu/image-captioning-mturk/master/cvqa/Chinese_images/5865910684274022059_0.jpg,What is the practice called that involves writing Chinese characters with a brush?,ziti
https://raw.githubusercontent.com/JustinSQiu/image-captioning-mturk/master/cvqa/Chinese_images/5865910684274022059_0.jpg,What materials are used for practicing calligraphy in this book?,water and brush
https://raw.githubusercontent.com/JustinSQiu/image-captioning-mturk/master/cvqa/Chinese_images/5865910684274026498_0.jpg,During which festival are tangyuan traditionally consumed?,Lantern Festival
https://raw.githubusercontent.com/JustinSQiu/image-captioning-mturk/master/cvqa/Chinese_images/5865910684274026498_0.jpg,What is the cultural significance of eating tangyuan?,family reunions
https://raw.githubusercontent.com/JustinSQiu/image-captioning-mturk/master/cvqa/Chinese_images/5865910684274034457_0.jpg,What festival decorations are prominently featured in the scene?,red lanterns
https://raw.githubusercontent.com/JustinSQiu/image-captioning-mturk/master/cvqa/Chinese_images/5865910684274034457_0.jpg,What poetic banners are commonly displayed during the Spring Festival?,couplets
https://raw.githubusercontent.com/JustinSQiu/image-captioning-mturk/master/cvqa/Chinese_images/5865910684274034457_0.jpg,What symbol representing good fortune is mentioned in the background?,"""Fu"" character"
https://raw.githubusercontent.com/JustinSQiu/image-captioning-mturk/master/cvqa/Chinese_images/5865910684274239833_0.jpg,Who is celebrated as a master calligrapher in this image?,Wang Xizhi
https://raw.githubusercontent.com/JustinSQiu/image-captioning-mturk/master/cvqa/Chinese_images/5865910684274239833_0.jpg,What type of hair is mentioned for custom brushes?,wolf hair
https://raw.githubusercontent.com/JustinSQiu/image-captioning-mturk/master/cvqa/Chinese_images/5865910684274239833_0.jpg,What is the inscription at the bottom of the image?,"""Nongxi"""
https://raw.githubusercontent.com/JustinSQiu/image-captioning-mturk/master/cvqa/Chinese_images/5865910684274241027_0.jpg,What notable feature indicates the season during which this waterfall flows abundantly?,lush green plants
https://raw.githubusercontent.com/JustinSQiu/image-captioning-mturk/master/cvqa/Chinese_images/5865910684274241027_0.jpg,Which famous waterfall is mentioned as a comparison in the description?,Huangguoshu Waterfall
https://raw.githubusercontent.com/JustinSQiu/image-captioning-mturk/master/cvqa/Chinese_images/5865910684274241027_0.jpg,What color represents the water quality in the foreground?,light yellow hue
https://raw.githubusercontent.com/JustinSQiu/image-captioning-mturk/master/cvqa/Chinese_images/5865910684274499711_0.jpg,What traditional clothing is seen on some tourists?,long gowns
https://raw.githubusercontent.com/JustinSQiu/image-captioning-mturk/master/cvqa/Chinese_images/5865910684274499711_0.jpg,What season is inferred from the tourists' clothing and vegetation?,autumn
https://raw.githubusercontent.com/JustinSQiu/image-captioning-mturk/master/cvqa/Chinese_images/5865910684274499711_0.jpg,What is notable about the Great Wall's structure?,cannon mounts
https://raw.githubusercontent.com/JustinSQiu/image-captioning-mturk/master/cvqa/Chinese_images/5865910684274558601_0.jpg,What does the peony symbolize in Chinese culture?,prosperity and wealth
https://raw.githubusercontent.com/JustinSQiu/image-captioning-mturk/master/cvqa/Chinese_images/5865910684274558601_0.jpg,What season do peonies typically bloom?,fall
https://raw.githubusercontent.com/JustinSQiu/image-captioning-mturk/master/cvqa/Chinese_images/5865910684274574677_0.jpg,What bird species is depicted in the image?,mandarin duck
https://raw.githubusercontent.com/JustinSQiu/image-captioning-mturk/master/cvqa/Chinese_images/5865910684274574677_0.jpg,What cultural symbolism is associated with the mandarin duck?,love and fidelity
https://raw.githubusercontent.com/JustinSQiu/image-captioning-mturk/master/cvqa/Chinese_images/5865910684274574677_0.jpg,What colors adorn the feathers around the mandarin duck's eyes?,yellow and white
https://raw.githubusercontent.com/JustinSQiu/image-captioning-mturk/master/cvqa/Chinese_images/5865910684274960009_0.jpg,What are the Four Treasures of the Study?,"Brush, ink, paper, inkstone"
https://raw.githubusercontent.com/JustinSQiu/image-captioning-mturk/master/cvqa/Chinese_images/5865910684274960009_0.jpg,What color variations are noted in the brush handles?,Yellow and black hues
https://raw.githubusercontent.com/JustinSQiu/image-captioning-mturk/master/cvqa/Chinese_images/5865910684274960009_0.jpg,What type of paper is used for practicing calligraphy?,Grid paper
https://raw.githubusercontent.com/JustinSQiu/image-captioning-mturk/master/cvqa/Chinese_images/5865910684275226061_0.jpg,During which festival are mooncakes traditionally consumed?,Mid-Autumn Festival
https://raw.githubusercontent.com/JustinSQiu/image-captioning-mturk/master/cvqa/Chinese_images/5865910684275226061_0.jpg,What shape do mooncakes typically have?,round shape
https://raw.githubusercontent.com/JustinSQiu/image-captioning-mturk/master/cvqa/Chinese_images/5865910684275226061_0.jpg,What does the character '凹' represent on the mooncake's edge?,a decorative mold pattern
https://raw.githubusercontent.com/JustinSQiu/image-captioning-mturk/master/cvqa/Chinese_images/5865910684275244902_0.jpg,"Who is referred to as the ""Poet Immortal""?",Li Bai
https://raw.githubusercontent.com/JustinSQiu/image-captioning-mturk/master/cvqa/Chinese_images/5865910684275244902_0.jpg,What beverage is Li Bai famously associated with in his poetry?,wine
https://raw.githubusercontent.com/JustinSQiu/image-captioning-mturk/master/cvqa/Chinese_images/5865910684275244902_0.jpg,What traditional attire is Li Bai depicted wearing?,a headscarf
https://raw.githubusercontent.com/JustinSQiu/image-captioning-mturk/master/cvqa/Chinese_images/5865910684275278248_0.jpg,What term refers to the area control aspect of Go?,qi
https://raw.githubusercontent.com/JustinSQiu/image-captioning-mturk/master/cvqa/Chinese_images/5865910684275278248_0.jpg,What is the color of the stones used in Go?,black and white
https://raw.githubusercontent.com/JustinSQiu/image-captioning-mturk/master/cvqa/Chinese_images/5865910684275278248_0.jpg,How many lines does the Go board have?,18 lines by 18 lines
https://raw.githubusercontent.com/JustinSQiu/image-captioning-mturk/master/cvqa/Chinese_images/5865910684275461864_0.jpg,What key accessory is used to hold brushes upright?,brush stand
https://raw.githubusercontent.com/JustinSQiu/image-captioning-mturk/master/cvqa/Chinese_images/5865910684275461864_0.jpg,What distinctive feature does the iron chain have?,turns black in water
https://raw.githubusercontent.com/JustinSQiu/image-captioning-mturk/master/cvqa/Chinese_images/5865910684275461864_0.jpg,What unique characteristic is found on the felt mat?,reversed characters
https://raw.githubusercontent.com/JustinSQiu/image-captioning-mturk/master/cvqa/Chinese_images/5865910684275627559_0.jpg,What traditional snack is prominently displayed and enjoyed by the characters?,tanghulu
https://raw.githubusercontent.com/JustinSQiu/image-captioning-mturk/master/cvqa/Chinese_images/5865910684275627559_0.jpg,How many pieces of candied hawthorn are on the skewer?,six pieces
https://raw.githubusercontent.com/JustinSQiu/image-captioning-mturk/master/cvqa/Chinese_images/5865910684275627559_0.jpg,What is the woman balancing along with the tanghulu?,an old-fashioned camera
https://raw.githubusercontent.com/JustinSQiu/image-captioning-mturk/master/cvqa/Chinese_images/5865910684275676847_0.jpg,What season is likely indicated by the presence of snow?,winter
https://raw.githubusercontent.com/JustinSQiu/image-captioning-mturk/master/cvqa/Chinese_images/5865910684275676847_0.jpg,What suggests a pristine ecological environment?,a poorly maintained road
https://raw.githubusercontent.com/JustinSQiu/image-captioning-mturk/master/cvqa/Chinese_images/5865910684275902735_0.jpg,What traditional clothing is the statue wearing?,Hanfu
https://raw.githubusercontent.com/JustinSQiu/image-captioning-mturk/master/cvqa/Chinese_images/5865910684275902735_0.jpg,What skills is Wang Xizhi renowned for?,calligraphy
https://raw.githubusercontent.com/JustinSQiu/image-captioning-mturk/master/cvqa/Chinese_images/5865910684275902735_0.jpg,What do the couplets on either side of the exhibition board convey?,poetic sentiments
https://raw.githubusercontent.com/JustinSQiu/image-captioning-mturk/master/cvqa/Chinese_images/5865910684275930600_0.jpg,What festival is zongzi traditionally associated with?,Dragon Boat Festival
https://raw.githubusercontent.com/JustinSQiu/image-captioning-mturk/master/cvqa/Chinese_images/5865910684275930600_0.jpg,Who does the festival commemorate?,Qu Yuan
https://raw.githubusercontent.com/JustinSQiu/image-captioning-mturk/master/cvqa/Chinese_images/5865910684275930600_0.jpg,What type of plate is used in the presentation?,blue and white porcelain
https://raw.githubusercontent.com/JustinSQiu/image-captioning-mturk/master/cvqa/Chinese_images/5865910684275930600_0.jpg,What regional variations of zongzi are mentioned?,"Jiangsu, Zhejiang, Fujian, Guangdong, Taiwan"
https://raw.githubusercontent.com/JustinSQiu/image-captioning-mturk/master/cvqa/Chinese_images/5865910684275935910_0.jpg,What does the character represent besides being a Chinese letter?,crab
https://raw.githubusercontent.com/JustinSQiu/image-captioning-mturk/master/cvqa/Chinese_images/5865910684275935910_0.jpg,How many legs are depicted on each side of the character?,three legs
https://raw.githubusercontent.com/JustinSQiu/image-captioning-mturk/master/cvqa/Chinese_images/5865910684275935910_0.jpg,What traditional character is shown at the bottom of the artwork?,the character for crab
https://raw.githubusercontent.com/JustinSQiu/image-captioning-mturk/master/cvqa/Chinese_images/5865910684276079144_0.jpg,What colors are the rubber surfaces of the paddles?,Red and black
https://raw.githubusercontent.com/JustinSQiu/image-captioning-mturk/master/cvqa/Chinese_images/5865910684276079144_0.jpg,What type of storage area is depicted in the image?,sports equipment storage
https://raw.githubusercontent.com/JustinSQiu/image-captioning-mturk/master/cvqa/Chinese_images/5865910684276112636_0.jpg,Who is the artist of the sculpture?,Pan Junhong
https://raw.githubusercontent.com/JustinSQiu/image-captioning-mturk/master/cvqa/Chinese_images/5865910684276112636_0.jpg,What year is the sculpture dated to?,1997
https://raw.githubusercontent.com/JustinSQiu/image-captioning-mturk/master/cvqa/Chinese_images/5865910684276112636_0.jpg,What type of Chinese characters are present in the inscription?,simplified Chinese characters
https://raw.githubusercontent.com/JustinSQiu/image-captioning-mturk/master/cvqa/Chinese_images/5865910684276224304_0.jpg,What does the stone sign say in the image?,Five Desires are Supreme
https://raw.githubusercontent.com/JustinSQiu/image-captioning-mturk/master/cvqa/Chinese_images/5865910684276224304_0.jpg,Which historical figure is depicted on the five yuan bill?,Mao Zedong
https://raw.githubusercontent.com/JustinSQiu/image-captioning-mturk/master/cvqa/Chinese_images/5865910684276224304_0.jpg,"What does the phrase ""May's Unique Honor"" imply about the location?",A revered Chinese mountain
https://raw.githubusercontent.com/JustinSQiu/image-captioning-mturk/master/cvqa/Chinese_images/5865910684276313072_0.jpg,What is the traditional Chinese street food being made?,maltose candy
https://raw.githubusercontent.com/JustinSQiu/image-captioning-mturk/master/cvqa/Chinese_images/5865910684276313072_0.jpg,What figures are made from maltose candy?,"dragon, snowman, swallow"
https://raw.githubusercontent.com/JustinSQiu/image-captioning-mturk/master/cvqa/Chinese_images/5865910684276313072_0.jpg,What does the person making the candy wear?,white fur coat
https://raw.githubusercontent.com/JustinSQiu/image-captioning-mturk/master/cvqa/Chinese_images/5865910684276499359_0.jpg,What distinctive architectural feature is found atop the central watchtower?,temple-like spire
https://raw.githubusercontent.com/JustinSQiu/image-captioning-mturk/master/cvqa/Chinese_images/5865910684276499359_0.jpg,What color shades contrast against the mountainous backdrop?,blue and yellow
https://raw.githubusercontent.com/JustinSQiu/image-captioning-mturk/master/cvqa/Chinese_images/5865910684276499359_0.jpg,What historical purpose do square holes serve in the wall?,defensive capabilities
https://raw.githubusercontent.com/JustinSQiu/image-captioning-mturk/master/cvqa/Chinese_images/5865910684277178595_0.jpg,What is the name of the broth-based dish often associated with Japan?,sukiyaki
https://raw.githubusercontent.com/JustinSQiu/image-captioning-mturk/master/cvqa/Chinese_images/5865910684277178595_0.jpg,Which low-calorie noodle is mentioned as part of the hot pot ingredients?,konjac noodles
https://raw.githubusercontent.com/JustinSQiu/image-captioning-mturk/master/cvqa/Chinese_images/5865910684277178595_0.jpg,What distinctive flavor profile is typical of sukiyaki?,sweet and savory flavors
https://raw.githubusercontent.com/JustinSQiu/image-captioning-mturk/master/cvqa/Chinese_images/5865910684277184927_0.jpg,What traditional Chinese toy is the elderly man selling?,diabolo
https://raw.githubusercontent.com/JustinSQiu/image-captioning-mturk/master/cvqa/Chinese_images/5865910684277184927_0.jpg,What color is the wooden canopy associated with good luck?,red
https://raw.githubusercontent.com/JustinSQiu/image-captioning-mturk/master/cvqa/Chinese_images/5865910684277184927_0.jpg,What attire does the elderly man wear for grip while performing?,gloves
https://raw.githubusercontent.com/JustinSQiu/image-captioning-mturk/master/cvqa/Chinese_images/5865910684277211944_0.jpg,What is the traditional purpose of paper cutting during New Year festivities?,to pray for blessings
https://raw.githubusercontent.com/JustinSQiu/image-captioning-mturk/master/cvqa/Chinese_images/5865910684277211944_0.jpg,What motifs are represented in the paper cuts for good fortune?,characters and fish
https://raw.githubusercontent.com/JustinSQiu/image-captioning-mturk/master/cvqa/Chinese_images/5865910684277211944_0.jpg,What type of knots are used to embellish the gourds seen in the image?,red Chinese knots
https://raw.githubusercontent.com/JustinSQiu/image-captioning-mturk/master/cvqa/Chinese_images/5865910684277392871_0.jpg,What type of tea is indicated by the light yellow color of the tea in the round white cup?,scented tea
https://raw.githubusercontent.com/JustinSQiu/image-captioning-mturk/master/cvqa/Chinese_images/5865910684277392871_0.jpg,What traditional design is featured on the porcelain holder for the tea cup?,blue and white patterns
https://raw.githubusercontent.com/JustinSQiu/image-captioning-mturk/master/cvqa/Chinese_images/5865910684277392871_0.jpg,What unique item is used to enhance tea preparation?,wooden tea stone
https://raw.githubusercontent.com/JustinSQiu/image-captioning-mturk/master/cvqa/Chinese_images/5865910684277574728_0.jpg,What does the lion symbolize in Chinese culture?,strength and good fortune
https://raw.githubusercontent.com/JustinSQiu/image-captioning-mturk/master/cvqa/Chinese_images/5865910684277574728_0.jpg,What type of traditional architecture is seen in the background?,vintage-style buildings
https://raw.githubusercontent.com/JustinSQiu/image-captioning-mturk/master/cvqa/Chinese_images/5865910684277574728_0.jpg,What is the significance of the platforms used by the performers?,they enable acrobatic feats
https://raw.githubusercontent.com/JustinSQiu/image-captioning-mturk/master/cvqa/Chinese_images/5865910684278310943_0.jpg,What type of ancient Chinese vessel is described?,ding
https://raw.githubusercontent.com/JustinSQiu/image-captioning-mturk/master/cvqa/Chinese_images/5865910684278310943_0.jpg,What significant decorative feature is present on the ding?,ornate decorations and patterns
https://raw.githubusercontent.com/JustinSQiu/image-captioning-mturk/master/cvqa/Chinese_images/5865910684278354531_0.jpg,What type of noodles are featured in the elegant porcelain bowl?,beef rice noodles
https://raw.githubusercontent.com/JustinSQiu/image-captioning-mturk/master/cvqa/Chinese_images/5865910684278354531_0.jpg,What decorative pattern is on the porcelain bowl?,intricate floral patterns
https://raw.githubusercontent.com/JustinSQiu/image-captioning-mturk/master/cvqa/Chinese_images/5865910684278354531_0.jpg,What condiment is served with the beef noodles?,chili-based dipping sauce
https://raw.githubusercontent.com/JustinSQiu/image-captioning-mturk/master/cvqa/Chinese_images/5865910684278360283_0.jpg,What river is known for its sediment-rich waters?,Yellow River
https://raw.githubusercontent.com/JustinSQiu/image-captioning-mturk/master/cvqa/Chinese_images/5865910684278360283_0.jpg,What type of cranes are present in the construction site?,large cranes
https://raw.githubusercontent.com/JustinSQiu/image-captioning-mturk/master/cvqa/Chinese_images/5865910684278360283_0.jpg,What color are the support structures on the building?,red
https://raw.githubusercontent.com/JustinSQiu/image-captioning-mturk/master/cvqa/Chinese_images/5865910684278381342_0.jpg,What animal does the giant panda symbolize in China?,national treasure
https://raw.githubusercontent.com/JustinSQiu/image-captioning-mturk/master/cvqa/Chinese_images/5865910684278381342_0.jpg,What is the panda's primary diet?,bamboo
https://raw.githubusercontent.com/JustinSQiu/image-captioning-mturk/master/cvqa/Chinese_images/5865910684278381342_0.jpg,How is the panda's temperament described in the context?,restless and cute
https://raw.githubusercontent.com/JustinSQiu/image-captioning-mturk/master/cvqa/Chinese_images/5865910684278690090_0.jpg,What type of trees create a natural archway in the third photo?,ginkgo trees
https://raw.githubusercontent.com/JustinSQiu/image-captioning-mturk/master/cvqa/Chinese_images/5865910684278690090_0.jpg,What specific yellow hue indicates late autumn?,golden yellow leaves
https://raw.githubusercontent.com/JustinSQiu/image-captioning-mturk/master/cvqa/Chinese_images/5865910684278690090_0.jpg,What aesthetic features are present along the sides of the road?,striped pillars
https://raw.githubusercontent.com/JustinSQiu/image-captioning-mturk/master/cvqa/Chinese_images/5865910684278770888_0.jpg,What seasonal theme is suggested by the colors of the fallen leaves?,autumn
https://raw.githubusercontent.com/JustinSQiu/image-captioning-mturk/master/cvqa/Chinese_images/5865910684278770888_0.jpg,How is the panda's fur pattern described?,white head and black body
https://raw.githubusercontent.com/JustinSQiu/image-captioning-mturk/master/cvqa/Chinese_images/5865910684278770888_0.jpg,What do the fallen leaves in the environment represent?,seasonal change
https://raw.githubusercontent.com/JustinSQiu/image-captioning-mturk/master/cvqa/Chinese_images/5865910684278988227_0.jpg,What cultural significance does the water's calmness suggest for the river in India?,Tranquil river environment
https://raw.githubusercontent.com/JustinSQiu/image-captioning-mturk/master/cvqa/Chinese_images/5865910684278988227_0.jpg,What natural feature is indicated to contribute to the scenery alongside the water?,rocky mountains
https://raw.githubusercontent.com/JustinSQiu/image-captioning-mturk/master/cvqa/Chinese_images/5865910684279061383_0.jpg,What type of masks are used in Peking Opera?,facial masks
https://raw.githubusercontent.com/JustinSQiu/image-captioning-mturk/master/cvqa/Chinese_images/5865910684279061383_0.jpg,What color represents loyalty in Peking Opera?,red
https://raw.githubusercontent.com/JustinSQiu/image-captioning-mturk/master/cvqa/Chinese_images/5865910684279061383_0.jpg,What traditional weapons is one performer holding?,Chinese guns
https://raw.githubusercontent.com/JustinSQiu/image-captioning-mturk/master/cvqa/Chinese_images/5865910684279167309_0.jpg,What distinctive feature adorns the crane's head?,red crown
https://raw.githubusercontent.com/JustinSQiu/image-captioning-mturk/master/cvqa/Chinese_images/5865910684279167309_0.jpg,What colors are present on the crane's neck?,white and black
https://raw.githubusercontent.com/JustinSQiu/image-captioning-mturk/master/cvqa/Chinese_images/5865910684279167309_0.jpg,What texture is mentioned on the crane's head?,delicate red feathers
https://raw.githubusercontent.com/JustinSQiu/image-captioning-mturk/master/cvqa/Chinese_images/5865910684279354664_0.jpg,What feature indicates the bird forages in aquatic environments?,pointed beak
https://raw.githubusercontent.com/JustinSQiu/image-captioning-mturk/master/cvqa/Chinese_images/5865910684279354664_0.jpg,What color is prominently featured around the bird's eyes?,striking red coloration
https://raw.githubusercontent.com/JustinSQiu/image-captioning-mturk/master/cvqa/Chinese_images/5865910684279354664_0.jpg,What notable color is present on the bird's legs?,red
https://raw.githubusercontent.com/JustinSQiu/image-captioning-mturk/master/cvqa/Chinese_images/5865910684279515981_0.jpg,What Chinese characters are inscribed on the mountain?,Chinese characters
https://raw.githubusercontent.com/JustinSQiu/image-captioning-mturk/master/cvqa/Chinese_images/5865910684279515981_0.jpg,What is the significance of Mr. Zhu De related to the location?,notable military leader
https://raw.githubusercontent.com/JustinSQiu/image-captioning-mturk/master/cvqa/Chinese_images/5865910684279548815_0.jpg,What type of vegetation indicates life in the harsh mountain environment?,wild moss
https://raw.githubusercontent.com/JustinSQiu/image-captioning-mturk/master/cvqa/Chinese_images/5865910684279548815_0.jpg,What geological feature does the mountain resemble?,a volcanic crater
https://raw.githubusercontent.com/JustinSQiu/image-captioning-mturk/master/cvqa/Chinese_images/5865910684279548815_0.jpg,What color is the sky described as?,strikingly blue
https://raw.githubusercontent.com/JustinSQiu/image-captioning-mturk/master/cvqa/Chinese_images/5865910684279579444_0.jpg,What architectural style is the prominent red building?,Tibetan style
https://raw.githubusercontent.com/JustinSQiu/image-captioning-mturk/master/cvqa/Chinese_images/5865910684279579444_0.jpg,What famous Tibetan structure does it resemble?,Potala Palace
https://raw.githubusercontent.com/JustinSQiu/image-captioning-mturk/master/cvqa/Chinese_images/5865910684279579444_0.jpg,Which region is suggested for the building's location?,Linzhi
https://raw.githubusercontent.com/JustinSQiu/image-captioning-mturk/master/cvqa/Chinese_images/5865910684279606996_0.jpg,What traditional Chinese snack is the vendor selling?,Tanghulu
https://raw.githubusercontent.com/JustinSQiu/image-captioning-mturk/master/cvqa/Chinese_images/5865910684279606996_0.jpg,What fruit is typically used in Tanghulu?,hawthorn berries
https://raw.githubusercontent.com/JustinSQiu/image-captioning-mturk/master/cvqa/Chinese_images/5865910684279606996_0.jpg,What do the traditional couplets display in Chinese culture?,auspicious wishes
https://raw.githubusercontent.com/JustinSQiu/image-captioning-mturk/master/cvqa/Chinese_images/5865910684279763054_0.jpg,What is the traditional name of the dish being served?,Peking Duck
https://raw.githubusercontent.com/JustinSQiu/image-captioning-mturk/master/cvqa/Chinese_images/5865910684279763054_0.jpg,What unique shape is the platter resembling the duck?,duck-shaped
https://raw.githubusercontent.com/JustinSQiu/image-captioning-mturk/master/cvqa/Chinese_images/5865910684279851445_0.jpg,What is the architectural significance of the pagoda?,traditional Chinese design
https://raw.githubusercontent.com/JustinSQiu/image-captioning-mturk/master/cvqa/Chinese_images/5865910684279851445_0.jpg,How many levels does the pagoda have?,five levels
https://raw.githubusercontent.com/JustinSQiu/image-captioning-mturk/master/cvqa/Chinese_images/5865910684279851445_0.jpg,What decorative elements are on the handrails?,floral designs in red and green
https://raw.githubusercontent.com/JustinSQiu/image-captioning-mturk/master/cvqa/Chinese_images/5865910694271174498_0.jpg,What is the name of this traditional shadow puppet theater?,Piyingxi
https://raw.githubusercontent.com/JustinSQiu/image-captioning-mturk/master/cvqa/Chinese_images/5865910694271174498_0.jpg,Which historical figure does the main character resemble?,Lü Bu
https://raw.githubusercontent.com/JustinSQiu/image-captioning-mturk/master/cvqa/Chinese_images/5865910694271174498_0.jpg,What type of light illuminates the puppets in the performance?,"soft, yellowish light"
https://raw.githubusercontent.com/JustinSQiu/image-captioning-mturk/master/cvqa/Chinese_images/5865910694271269749_0.jpg,What type of traditional performance are the individuals participating in?,Peking opera
https://raw.githubusercontent.com/JustinSQiu/image-captioning-mturk/master/cvqa/Chinese_images/5865910694271269749_0.jpg,What does the headpiece worn by the male performer symbolize?,rank and status
https://raw.githubusercontent.com/JustinSQiu/image-captioning-mturk/master/cvqa/Chinese_images/5865910694271269749_0.jpg,What cultural significance does the color red have in this performance?,good fortune and happiness
https://raw.githubusercontent.com/JustinSQiu/image-captioning-mturk/master/cvqa/Chinese_images/5865910694271269749_0.jpg,What symbol is featured on the male performer's costume?,a crane
https://raw.githubusercontent.com/JustinSQiu/image-captioning-mturk/master/cvqa/Chinese_images/5865910694272267546_0.jpg,What traditional celebration is highlighted in the image?,Dragon Boat Festival
https://raw.githubusercontent.com/JustinSQiu/image-captioning-mturk/master/cvqa/Chinese_images/5865910694272267546_0.jpg,What decorative element resembling a dragon's tail is featured on the boats?,dragon's tail
https://raw.githubusercontent.com/JustinSQiu/image-captioning-mturk/master/cvqa/Chinese_images/5865910694272267546_0.jpg,What items are hanging from the dragon's tail?,rice dumplings
https://raw.githubusercontent.com/JustinSQiu/image-captioning-mturk/master/cvqa/Chinese_images/5865910694274374769_0.jpg,What is the traditional Chinese practice being displayed?,Tai Chi
https://raw.githubusercontent.com/JustinSQiu/image-captioning-mturk/master/cvqa/Chinese_images/5865910694274374769_0.jpg,What color is the outfit of the middle-aged woman?,red
https://raw.githubusercontent.com/JustinSQiu/image-captioning-mturk/master/cvqa/Chinese_images/5865910694274547465_0.jpg,What is the traditional name of these fried dough sticks?,youtiao
https://raw.githubusercontent.com/JustinSQiu/image-captioning-mturk/master/cvqa/Chinese_images/5865910694274547465_0.jpg,What common breakfast items are youtiao paired with?,porridge or soy milk
https://raw.githubusercontent.com/JustinSQiu/image-captioning-mturk/master/cvqa/Chinese_images/5865910694274547465_0.jpg,What colors are featured in the bag holding the youtiao?,yellow and blue
https://raw.githubusercontent.com/JustinSQiu/image-captioning-mturk/master/cvqa/Chinese_images/5865910694274915074_0.jpg,What cooking style is represented by bamboo steamers?,Cantonese dim sum
https://raw.githubusercontent.com/JustinSQiu/image-captioning-mturk/master/cvqa/Chinese_images/5865910694274915074_0.jpg,What type of tea is typically enjoyed in Cantonese dim sum culture?,aromatic tea
https://raw.githubusercontent.com/JustinSQiu/image-captioning-mturk/master/cvqa/Chinese_images/5865910694274915074_0.jpg,What visual aspect is emphasized in the presentation of the food?,decorative green peppers
https://raw.githubusercontent.com/JustinSQiu/image-captioning-mturk/master/cvqa/Chinese_images/5865910694275430127_0.jpg,What is the significance of the golden glazed tiles on the roof?,imperial status
https://raw.githubusercontent.com/JustinSQiu/image-captioning-mturk/master/cvqa/Chinese_images/5865910694275430127_0.jpg,What color is traditionally associated with good fortune in Chinese culture?,red
https://raw.githubusercontent.com/JustinSQiu/image-captioning-mturk/master/cvqa/Chinese_images/5865910694275430127_0.jpg,Which dynasty's craftsmanship is showcased in the building's decoration?,Qing dynasty
https://raw.githubusercontent.com/JustinSQiu/image-captioning-mturk/master/cvqa/Chinese_images/5865910694275513750_0.jpg,What type of dish is primarily featured with organ meats and tofu?,traditional Asian dish
https://raw.githubusercontent.com/JustinSQiu/image-captioning-mturk/master/cvqa/Chinese_images/5865910694275513750_0.jpg,What specific herb garnishes the dish with a fresh touch?,cilantro
https://raw.githubusercontent.com/JustinSQiu/image-captioning-mturk/master/cvqa/Chinese_images/5865910694275513750_0.jpg,What color indicates the cooked blood product in the bowl?,dark red
https://raw.githubusercontent.com/JustinSQiu/image-captioning-mturk/master/cvqa/Chinese_images/5865910694275843511_0.jpg,What type of meat might be char siu?,Cantonese barbecued pork
https://raw.githubusercontent.com/JustinSQiu/image-captioning-mturk/master/cvqa/Chinese_images/5865910694275843511_0.jpg,What is the texture ingredient often used in Chinese cuisine?,black fungus
https://raw.githubusercontent.com/JustinSQiu/image-captioning-mturk/master/cvqa/Chinese_images/5865910694275843511_0.jpg,What color is the tablecloth in the dining scene?,deep purple
https://raw.githubusercontent.com/JustinSQiu/image-captioning-mturk/master/cvqa/Chinese_images/5865910694276290943_0.jpg,What period may the bronze artifact date back to?,Zhou dynasty
https://raw.githubusercontent.com/JustinSQiu/image-captioning-mturk/master/cvqa/Chinese_images/5865910694276290943_0.jpg,What is the ancient Chinese vessel used for sacrifices?,ding
https://raw.githubusercontent.com/JustinSQiu/image-captioning-mturk/master/cvqa/Chinese_images/5865910694277171021_0.jpg,What is the name of the lion dance performance being showcased?,"""Flying Red Earth"""
https://raw.githubusercontent.com/JustinSQiu/image-captioning-mturk/master/cvqa/Chinese_images/5865910694277171021_0.jpg,Who is the legendary figure inspiring this lion dance?,Huang Feihong
https://raw.githubusercontent.com/JustinSQiu/image-captioning-mturk/master/cvqa/Chinese_images/5865910694277171021_0.jpg,What is the name of the venue where the performance takes place?,Feihong Paradise
https://raw.githubusercontent.com/JustinSQiu/image-captioning-mturk/master/cvqa/Chinese_images/5865910694278999189_0.jpg,What are the Chinese characters inscribed above the cabinets?,Cloisonné (珐琅)
https://raw.githubusercontent.com/JustinSQiu/image-captioning-mturk/master/cvqa/Chinese_images/5865910694278999189_0.jpg,What specific style of cloisonné is referenced in the image?,Jingtailan (景泰蓝)
https://raw.githubusercontent.com/JustinSQiu/image-captioning-mturk/master/cvqa/Chinese_images/5865910694278999189_0.jpg,What colors dominate the cloisonné pieces displayed?,Vibrant blue and green
https://raw.githubusercontent.com/JustinSQiu/image-captioning-mturk/master/cvqa/Chinese_images/5865910694279356357_0.jpg,What cultural performance is associated with face-changing?,Sichuan Opera
https://raw.githubusercontent.com/JustinSQiu/image-captioning-mturk/master/cvqa/Chinese_images/5865910694279356357_0.jpg,What motif is depicted in the backdrop of the Beijing opera stage?,two dragons and a pearl
https://raw.githubusercontent.com/JustinSQiu/image-captioning-mturk/master/cvqa/Chinese_images/5865910694279356357_0.jpg,"What do the Chinese characters ""雅"" and ""韵"" signify?",elegance and charm
https://raw.githubusercontent.com/JustinSQiu/image-captioning-mturk/master/cvqa/Chinese_images/5865910694279365902_0.jpg,What is the traditional Chinese artwork represented in the second painting?,door god New Year artwork
https://raw.githubusercontent.com/JustinSQiu/image-captioning-mturk/master/cvqa/Chinese_images/5865910694279365902_0.jpg,What mythical creature does the left warrior ride?,purple qilin
https://raw.githubusercontent.com/JustinSQiu/image-captioning-mturk/master/cvqa/Chinese_images/5865910694279365902_0.jpg,Which animal is the right warrior mounted on?,yellow war horse
https://raw.githubusercontent.com/JustinSQiu/image-captioning-mturk/master/cvqa/Chinese_images/5865940974273203070_0.jpg,What is the drink served with in the setting?,an orange straw
https://raw.githubusercontent.com/JustinSQiu/image-captioning-mturk/master/cvqa/Chinese_images/5865940974273203070_0.jpg,What symbol indicating regulation is on the table?,No Smoking sign
https://raw.githubusercontent.com/JustinSQiu/image-captioning-mturk/master/cvqa/Chinese_images/5865940974273203070_0.jpg,What type of egg is mentioned as part of the meal?,a perfectly fried egg
https://raw.githubusercontent.com/JustinSQiu/image-captioning-mturk/master/cvqa/Chinese_images/5865941044271179672_0.jpg,What distinctive feature marks the path for visually impaired pedestrians?,yellow-dotted path
https://raw.githubusercontent.com/JustinSQiu/image-captioning-mturk/master/cvqa/Chinese_images/5865941044271179672_0.jpg,What is the pattern of the colorful tiles on the walkway?,vibrant green pattern
https://raw.githubusercontent.com/JustinSQiu/image-captioning-mturk/master/cvqa/Chinese_images/5865941044271179672_0.jpg,What season is indicated by the attire of the pedestrian?,summer
https://raw.githubusercontent.com/JustinSQiu/image-captioning-mturk/master/cvqa/Chinese_images/5865941044271189984_0.jpg,What locally significant fruits are prominently displayed?,papayas and durians
https://raw.githubusercontent.com/JustinSQiu/image-captioning-mturk/master/cvqa/Chinese_images/5865941044271189984_0.jpg,What script is used on the market signs?,Chinese characters
https://raw.githubusercontent.com/JustinSQiu/image-captioning-mturk/master/cvqa/Chinese_images/5865941044271189984_0.jpg,In which Southeast Asian countries is this market likely located?,Singapore or Malaysia
https://raw.githubusercontent.com/JustinSQiu/image-captioning-mturk/master/cvqa/Chinese_images/5865941044271349511_0.jpg,What distinctive ingredient adds fragrant richness to the dish?,fried garlic
https://raw.githubusercontent.com/JustinSQiu/image-captioning-mturk/master/cvqa/Chinese_images/5865941044271349511_0.jpg,What type of noodles is highlighted in the dish?,instant noodles
https://raw.githubusercontent.com/JustinSQiu/image-captioning-mturk/master/cvqa/Chinese_images/5865941044271349511_0.jpg,What type of cuisine is primarily represented in the image?,Asian cuisine
https://raw.githubusercontent.com/JustinSQiu/image-captioning-mturk/master/cvqa/Chinese_images/5865941044271449702_0.jpg,What unique architectural feature is on top of one building?,a structure resembling a ship
https://raw.githubusercontent.com/JustinSQiu/image-captioning-mturk/master/cvqa/Chinese_images/5865941044271449702_0.jpg,What colors dominate the buildings in the skyline?,"white, gray, and green"
https://raw.githubusercontent.com/JustinSQiu/image-captioning-mturk/master/cvqa/Chinese_images/5865941044271492303_0.jpg,What traditional practice is highlighted by the drying racks extending from the building?,clothes-drying racks
https://raw.githubusercontent.com/JustinSQiu/image-captioning-mturk/master/cvqa/Chinese_images/5865941044271492303_0.jpg,In which country is the architectural style and practice likely found?,China or South Asia
https://raw.githubusercontent.com/JustinSQiu/image-captioning-mturk/master/cvqa/Chinese_images/5865941044271634292_0.jpg,What kind of truck is parked near the crosswalk?,white truck with Koi Farm
https://raw.githubusercontent.com/JustinSQiu/image-captioning-mturk/master/cvqa/Chinese_images/5865941044271634292_0.jpg,What architectural style is indicated by the house with a red roof?,tropical style
https://raw.githubusercontent.com/JustinSQiu/image-captioning-mturk/master/cvqa/Chinese_images/5865941044271841844_0.jpg,What distinctive color do the roofs of the houses predominantly feature?,orange
https://raw.githubusercontent.com/JustinSQiu/image-captioning-mturk/master/cvqa/Chinese_images/5865941044271841844_0.jpg,What type of trees are lined along the road?,palm trees
https://raw.githubusercontent.com/JustinSQiu/image-captioning-mturk/master/cvqa/Chinese_images/5865941044272139120_0.jpg,What type of rice is served in this dish?,Thai jasmine rice
https://raw.githubusercontent.com/JustinSQiu/image-captioning-mturk/master/cvqa/Chinese_images/5865941044272139120_0.jpg,What oil is used for frying the chicken?,grape oil
https://raw.githubusercontent.com/JustinSQiu/image-captioning-mturk/master/cvqa/Chinese_images/5865941044272139120_0.jpg,How is the chicken wing prepared?,fried with skin intact
https://raw.githubusercontent.com/JustinSQiu/image-captioning-mturk/master/cvqa/Chinese_images/5865941044272385711_0.jpg,What color is the tablecloth?,pink
https://raw.githubusercontent.com/JustinSQiu/image-captioning-mturk/master/cvqa/Chinese_images/5865941044272385711_0.jpg,What kind of tea is served?,iced tea
https://raw.githubusercontent.com/JustinSQiu/image-captioning-mturk/master/cvqa/Chinese_images/5865941044272385711_0.jpg,What unique feature does the tea cup have?,rubber band on handle
https://raw.githubusercontent.com/JustinSQiu/image-captioning-mturk/master/cvqa/Chinese_images/5865941044272587734_0.jpg,What is the main ingredient suggested for the fried snack?,beef patty
https://raw.githubusercontent.com/JustinSQiu/image-captioning-mturk/master/cvqa/Chinese_images/5865941044272587734_0.jpg,What assortment is featured in the top left corner?,pickled vegetables
https://raw.githubusercontent.com/JustinSQiu/image-captioning-mturk/master/cvqa/Chinese_images/5865941044272587734_0.jpg,What indicates the brand of the fork?,"""STELL"" inscription"
https://raw.githubusercontent.com/JustinSQiu/image-captioning-mturk/master/cvqa/Chinese_images/5865941044272893050_0.jpg,"What specific ingredient is used in the first dish, braised beef tendons?",beef tendons
https://raw.githubusercontent.com/JustinSQiu/image-captioning-mturk/master/cvqa/Chinese_images/5865941044272893050_0.jpg,What Southeast Asian context is suggested by the presence of both English and Chinese characters?,diverse clientele
https://raw.githubusercontent.com/JustinSQiu/image-captioning-mturk/master/cvqa/Chinese_images/5865941044272972405_0.jpg,What traditional element is represented by the dragon-shaped food arrangement?,dragon
https://raw.githubusercontent.com/JustinSQiu/image-captioning-mturk/master/cvqa/Chinese_images/5865941044272972405_0.jpg,What do the red decorations symbolize in Chinese culture?,good fortune and joy
https://raw.githubusercontent.com/JustinSQiu/image-captioning-mturk/master/cvqa/Chinese_images/5865941044272972405_0.jpg,What is the significance of yuanxiao during the festival?,sweet rice dumplings
https://raw.githubusercontent.com/JustinSQiu/image-captioning-mturk/master/cvqa/Chinese_images/5865941044273010942_0.jpg,What cultural detail is suggested by the red lantern in the image?,Chinese culture
https://raw.githubusercontent.com/JustinSQiu/image-captioning-mturk/master/cvqa/Chinese_images/5865941044273010942_0.jpg,What does the presence of green netting indicate about the area?,enclosed outdoor space
https://raw.githubusercontent.com/JustinSQiu/image-captioning-mturk/master/cvqa/Chinese_images/5865941044273315610_0.jpg,What is the significance of the orange roof on the four-story structure?,adds a splash of color
https://raw.githubusercontent.com/JustinSQiu/image-captioning-mturk/master/cvqa/Chinese_images/5865941044273315610_0.jpg,What type of trees enhance the bus stop environment?,green trees
https://raw.githubusercontent.com/JustinSQiu/image-captioning-mturk/master/cvqa/Chinese_images/5865941044273745041_0.jpg,What colors are used on the lower and upper floors of the building?,blue and white
https://raw.githubusercontent.com/JustinSQiu/image-captioning-mturk/master/cvqa/Chinese_images/5865941044273745041_0.jpg,What urban landscape feature enhances community engagement?,a small path
https://raw.githubusercontent.com/JustinSQiu/image-captioning-mturk/master/cvqa/Chinese_images/5865941044273751155_0.jpg,What is the name of the delicately wrapped Shanghai dumplings with broth inside?,Xiao Long Bao
https://raw.githubusercontent.com/JustinSQiu/image-captioning-mturk/master/cvqa/Chinese_images/5865941044273751155_0.jpg,What type of rice is used for the wrapper of Har Gow?,glutinous rice
https://raw.githubusercontent.com/JustinSQiu/image-captioning-mturk/master/cvqa/Chinese_images/5865941044273751155_0.jpg,What type of dumpling is known for being filled with goji berries?,Siu Mai
https://raw.githubusercontent.com/JustinSQiu/image-captioning-mturk/master/cvqa/Chinese_images/5865941044274020919_0.jpg,What type of cuisine is the main dish featuring eggs and rice associated with?,Chinese cuisine
https://raw.githubusercontent.com/JustinSQiu/image-captioning-mturk/master/cvqa/Chinese_images/5865941044274020919_0.jpg,What key condiment is indicated as likely being soy sauce?,a small dish for sauce
https://raw.githubusercontent.com/JustinSQiu/image-captioning-mturk/master/cvqa/Chinese_images/5865941044274020919_0.jpg,What utensils are provided for consumption of the dish?,a pair of chopsticks
https://raw.githubusercontent.com/JustinSQiu/image-captioning-mturk/master/cvqa/Chinese_images/5865941044274047975_0.jpg,What specific feature indicates that the motorcycle is used for deliveries?,storage box at the back
https://raw.githubusercontent.com/JustinSQiu/image-captioning-mturk/master/cvqa/Chinese_images/5865941044274047975_0.jpg,What color accents are on the motorcycle's seat?,red accents
https://raw.githubusercontent.com/JustinSQiu/image-captioning-mturk/master/cvqa/Chinese_images/5865941044274525603_0.jpg,What colors and patterns embellish the parcel collection box?,"Bright yellow with white, blue, and red patterns"
https://raw.githubusercontent.com/JustinSQiu/image-captioning-mturk/master/cvqa/Chinese_images/5865941044274525603_0.jpg,What feature enhances security and efficiency for parcel retrieval?,Display screen for pickup codes
https://raw.githubusercontent.com/JustinSQiu/image-captioning-mturk/master/cvqa/Chinese_images/5865941044274533835_0.jpg,What vegetable favored in Southeast Asia is included?,water spinach
https://raw.githubusercontent.com/JustinSQiu/image-captioning-mturk/master/cvqa/Chinese_images/5865941044274533835_0.jpg,What indicates this dish may accommodate foreign diners?,fork and spoon
https://raw.githubusercontent.com/JustinSQiu/image-captioning-mturk/master/cvqa/Chinese_images/5865941044274772095_0.jpg,"What does the Chinese character ""吉"" signify?",auspiciousness
https://raw.githubusercontent.com/JustinSQiu/image-captioning-mturk/master/cvqa/Chinese_images/5865941044274772095_0.jpg,What festive occasion are these snacks traditionally associated with?,Chinese New Year
https://raw.githubusercontent.com/JustinSQiu/image-captioning-mturk/master/cvqa/Chinese_images/5865941044274772095_0.jpg,What symbol is featured on the lid of the plastic container of egg rolls?,Xiang (香)
https://raw.githubusercontent.com/JustinSQiu/image-captioning-mturk/master/cvqa/Chinese_images/5865941044275089358_0.jpg,What Chinese character signifies prosperity at the grilled fish stall?,旺 (Wàng)
https://raw.githubusercontent.com/JustinSQiu/image-captioning-mturk/master/cvqa/Chinese_images/5865941044275089358_0.jpg,What does the couplet 开工大吉 wish for?,prosperity at work
https://raw.githubusercontent.com/JustinSQiu/image-captioning-mturk/master/cvqa/Chinese_images/5865941044275089358_0.jpg,What type of juice is highlighted at the market?,sugarcane juice
https://raw.githubusercontent.com/JustinSQiu/image-captioning-mturk/master/cvqa/Chinese_images/5865941044275190607_0.jpg,What is the purpose of the transparent bags provided for umbrellas?,Prevent water from dripping
https://raw.githubusercontent.com/JustinSQiu/image-captioning-mturk/master/cvqa/Chinese_images/5865941044275190607_0.jpg,What type of flooring is used in the indoor space?,Elegant marble
https://raw.githubusercontent.com/JustinSQiu/image-captioning-mturk/master/cvqa/Chinese_images/5865941044275190607_0.jpg,What language is the sign instructing to take an umbrella cover written in?,English
https://raw.githubusercontent.com/JustinSQiu/image-captioning-mturk/master/cvqa/Chinese_images/5865941044275296417_0.jpg,What is the unique feature of the Merlion statue?,lion's head and fish body
https://raw.githubusercontent.com/JustinSQiu/image-captioning-mturk/master/cvqa/Chinese_images/5865941044275296417_0.jpg,Which building signifies Singapore's financial sector?,HSBC building
https://raw.githubusercontent.com/JustinSQiu/image-captioning-mturk/master/cvqa/Chinese_images/5865941044275296417_0.jpg,What time of day does the scene take place?,nighttime shortly after sunset
https://raw.githubusercontent.com/JustinSQiu/image-captioning-mturk/master/cvqa/Chinese_images/5865941044275668362_0.jpg,What figures represent the youth on the banknote?,"a nurse, a soldier, a sailor"
https://raw.githubusercontent.com/JustinSQiu/image-captioning-mturk/master/cvqa/Chinese_images/5865941044275668362_0.jpg,What does the soldier hold against his chest?,a long sword
https://raw.githubusercontent.com/JustinSQiu/image-captioning-mturk/master/cvqa/Chinese_images/5865941044275668362_0.jpg,What flag is depicted behind the soldier?,the Singaporean flag
https://raw.githubusercontent.com/JustinSQiu/image-captioning-mturk/master/cvqa/Chinese_images/5865941044275790004_0.jpg,What is the notable Chinese dish mentioned?,Xiāngtiān
https://raw.githubusercontent.com/JustinSQiu/image-captioning-mturk/master/cvqa/Chinese_images/5865941044275790004_0.jpg,What are the locals referred to in the hawker center?,"""uncles"" and ""aunties"""
https://raw.githubusercontent.com/JustinSQiu/image-captioning-mturk/master/cvqa/Chinese_images/5865941044275790004_0.jpg,What type of dining experience does the fast-food restaurant evoke?,casual dining
https://raw.githubusercontent.com/JustinSQiu/image-captioning-mturk/master/cvqa/Chinese_images/5865941044275877413_0.jpg,What does the sign in front of the gazebo indicate?,prohibition of kicking soccer balls
https://raw.githubusercontent.com/JustinSQiu/image-captioning-mturk/master/cvqa/Chinese_images/5865941044275877413_0.jpg,What type of trees enhance the natural environment near the gazebo?,large trees
https://raw.githubusercontent.com/JustinSQiu/image-captioning-mturk/master/cvqa/Chinese_images/5865941044276041736_0.jpg,What is the significance of the label on the third recycling bin?,Changi Airport
https://raw.githubusercontent.com/JustinSQiu/image-captioning-mturk/master/cvqa/Chinese_images/5865941044276041736_0.jpg,How many trees has Changi Airport saved through recycling?,"1,832 trees"
https://raw.githubusercontent.com/JustinSQiu/image-captioning-mturk/master/cvqa/Chinese_images/5865941044276041736_0.jpg,What specific shape does the bin for paper recycling have?,a newspaper
https://raw.githubusercontent.com/JustinSQiu/image-captioning-mturk/master/cvqa/Chinese_images/5865941044276088675_0.jpg,What floral flavor is highlighted in the milk drink?,rose
https://raw.githubusercontent.com/JustinSQiu/image-captioning-mturk/master/cvqa/Chinese_images/5865941044276088675_0.jpg,What motifs are featured inside the drink's bottle?,rose flowers
https://raw.githubusercontent.com/JustinSQiu/image-captioning-mturk/master/cvqa/Chinese_images/5865941044276439722_0.jpg,What traditional dish is referenced in the flavor name on the packaging?,Laksa Singapura
https://raw.githubusercontent.com/JustinSQiu/image-captioning-mturk/master/cvqa/Chinese_images/5865941044276439722_0.jpg,What cultural influences are blended in the laksa dish mentioned?,Chinese and Malay influences
https://raw.githubusercontent.com/JustinSQiu/image-captioning-mturk/master/cvqa/Chinese_images/5865941044276439722_0.jpg,What is prominently displayed on the packaging that reflects a commitment to quality?,No additives
https://raw.githubusercontent.com/JustinSQiu/image-captioning-mturk/master/cvqa/Chinese_images/5865941044276649935_0.jpg,What traditional attire is the female vendor wearing?,a dark-colored sari
https://raw.githubusercontent.com/JustinSQiu/image-captioning-mturk/master/cvqa/Chinese_images/5865941044276649935_0.jpg,What type of floral arrangement is common in traditional markets in South India?,hand woven garlands
https://raw.githubusercontent.com/JustinSQiu/image-captioning-mturk/master/cvqa/Chinese_images/5865941044276649935_0.jpg,What do the garlands signify in Indian culture?,worn for rituals and weddings
https://raw.githubusercontent.com/JustinSQiu/image-captioning-mturk/master/cvqa/Chinese_images/5865941044276697858_0.jpg,What landmark is featured at Lion's Intersection?,Lion's Intersection
https://raw.githubusercontent.com/JustinSQiu/image-captioning-mturk/master/cvqa/Chinese_images/5865941044276697858_0.jpg,What type of bus is mentioned as common in the scene?,double-decker bus
https://raw.githubusercontent.com/JustinSQiu/image-captioning-mturk/master/cvqa/Chinese_images/5865941044276697858_0.jpg,What city types are compared in the description?,Singapore and Hong Kong
https://raw.githubusercontent.com/JustinSQiu/image-captioning-mturk/master/cvqa/Chinese_images/5865941044276715033_0.jpg,What does the Merlion statue represent in Singapore?,cultural identity
https://raw.githubusercontent.com/JustinSQiu/image-captioning-mturk/master/cvqa/Chinese_images/5865941044276715033_0.jpg,What hotel is visible in the background of this Merlion statue?,Marina Bay Sands
https://raw.githubusercontent.com/JustinSQiu/image-captioning-mturk/master/cvqa/Chinese_images/5865941044276715033_0.jpg,What natural features decorate the scene surrounding the statue?,flowerpots and trees
https://raw.githubusercontent.com/JustinSQiu/image-captioning-mturk/master/cvqa/Chinese_images/5865941044276811343_0.jpg,What distinctive feature indicates the location is Singapore's airport?,modern architecture
https://raw.githubusercontent.com/JustinSQiu/image-captioning-mturk/master/cvqa/Chinese_images/5865941044276811343_0.jpg,What cultural aspect is highlighted by the bright yellow outfit of an individual?,vibrant emphasis on color
https://raw.githubusercontent.com/JustinSQiu/image-captioning-mturk/master/cvqa/Chinese_images/5865941044276811343_0.jpg,What type of vehicle is prominently featured in the second image?,airport luggage transport vehicle
https://raw.githubusercontent.com/JustinSQiu/image-captioning-mturk/master/cvqa/Chinese_images/5865941044277338061_0.jpg,What does the notice board display?,train arrival times
https://raw.githubusercontent.com/JustinSQiu/image-captioning-mturk/master/cvqa/Chinese_images/5865941044277338061_0.jpg,What type of shop is indicated by the characters '阿灵阿灵西'?,a dining establishment
https://raw.githubusercontent.com/JustinSQiu/image-captioning-mturk/master/cvqa/Chinese_images/5865941044278222512_0.jpg,What alarming statistic does the banner report about dengue fever?,30 or more cases
https://raw.githubusercontent.com/JustinSQiu/image-captioning-mturk/master/cvqa/Chinese_images/5865941044278222512_0.jpg,In which area is this public health message directed?,Ningxiaozhai
https://raw.githubusercontent.com/JustinSQiu/image-captioning-mturk/master/cvqa/Chinese_images/5865941044278222512_0.jpg,What languages are used on the banner to communicate information?,English and Chinese
https://raw.githubusercontent.com/JustinSQiu/image-captioning-mturk/master/cvqa/Chinese_images/5865941044278929436_0.jpg,What architectural style does the building primarily exhibit?,European architectural style
https://raw.githubusercontent.com/JustinSQiu/image-captioning-mturk/master/cvqa/Chinese_images/5865941044278929436_0.jpg,What feature suggests the building's location in Chinatown?,a plaque with Chinese characters
https://raw.githubusercontent.com/JustinSQiu/image-captioning-mturk/master/cvqa/Chinese_images/5865941044278929436_0.jpg,What elements reflect the Nanyang style in the architecture?,covered walkways for shelter
https://raw.githubusercontent.com/JustinSQiu/image-captioning-mturk/master/cvqa/Chinese_images/5865941044279063970_0.jpg,What type of uniform is the figure wearing?,police uniform
https://raw.githubusercontent.com/JustinSQiu/image-captioning-mturk/master/cvqa/Chinese_images/5865941044279063970_0.jpg,What is the significance of the military emblem on the hat?,signifies authority
https://raw.githubusercontent.com/JustinSQiu/image-captioning-mturk/master/cvqa/Chinese_images/5865941044279063970_0.jpg,What warning message is displayed in front of the police figure?,theft should not occur
https://raw.githubusercontent.com/JustinSQiu/image-captioning-mturk/master/cvqa/Chinese_images/5865941044279519667_0.jpg,What language is used on the police figure's uniform?,English
https://raw.githubusercontent.com/JustinSQiu/image-captioning-mturk/master/cvqa/Chinese_images/5865941044279519667_0.jpg,In which city is this police figure likely located?,Singapore
https://raw.githubusercontent.com/JustinSQiu/image-captioning-mturk/master/cvqa/Chinese_images/5865941044279519667_0.jpg,What ethnic features does the police figure have?,East Asian facial features
https://raw.githubusercontent.com/JustinSQiu/image-captioning-mturk/master/cvqa/Chinese_images/5865941044279768312_0.jpg,What is the address number displayed on the red building?,696
https://raw.githubusercontent.com/JustinSQiu/image-captioning-mturk/master/cvqa/Chinese_images/5865941044279768312_0.jpg,What color are the windows framed in?,white
https://raw.githubusercontent.com/JustinSQiu/image-captioning-mturk/master/cvqa/Chinese_images/5865941044279810524_0.jpg,What specific color scheme do the bicycles feature?,blue and white
https://raw.githubusercontent.com/JustinSQiu/image-captioning-mturk/master/cvqa/Chinese_images/5865941044279810524_0.jpg,What type of area is highlighted for bicycle parking?,yellow markers
https://raw.githubusercontent.com/JustinSQiu/image-captioning-mturk/master/cvqa/Chinese_images/5865941054271025372_0.jpg,What specific type of fabric is indicated in the lower right corner?,printed cotton
https://raw.githubusercontent.com/JustinSQiu/image-captioning-mturk/master/cvqa/Chinese_images/5865941054271025372_0.jpg,From which country are some of the fabrics sourced?,Japan
https://raw.githubusercontent.com/JustinSQiu/image-captioning-mturk/master/cvqa/Chinese_images/5865941054271025372_0.jpg,What contemporary branding is mentioned on a label?,green app
https://raw.githubusercontent.com/JustinSQiu/image-captioning-mturk/master/cvqa/Chinese_images/5865941054271144714_0.jpg,What type of structure resembles a castle in the scene?,house
https://raw.githubusercontent.com/JustinSQiu/image-captioning-mturk/master/cvqa/Chinese_images/5865941054271144714_0.jpg,What indicates this area is likely designed for family entertainment?,parents with children
https://raw.githubusercontent.com/JustinSQiu/image-captioning-mturk/master/cvqa/Chinese_images/5865941054271253018_0.jpg,What color is the traffic light prominently featured?,green
https://raw.githubusercontent.com/JustinSQiu/image-captioning-mturk/master/cvqa/Chinese_images/5865941054271253018_0.jpg,What is the delivery worker wearing?,a bright yellow uniform
https://raw.githubusercontent.com/JustinSQiu/image-captioning-mturk/master/cvqa/Chinese_images/5865941054271253018_0.jpg,What type of trees line the street?,three to four stories tall
https://raw.githubusercontent.com/JustinSQiu/image-captioning-mturk/master/cvqa/Chinese_images/5865941054271584589_0.jpg,What brand is especially highlighted in the tea shop?,TWG
https://raw.githubusercontent.com/JustinSQiu/image-captioning-mturk/master/cvqa/Chinese_images/5865941054271584589_0.jpg,What color are the predominant tea jars in the shop?,golden-yellow
https://raw.githubusercontent.com/JustinSQiu/image-captioning-mturk/master/cvqa/Chinese_images/5865941054271584589_0.jpg,What type of items suggest a sophisticated ambiance in the shop?,elegant tea sets
https://raw.githubusercontent.com/JustinSQiu/image-captioning-mturk/master/cvqa/Chinese_images/5865941054271667593_0.jpg,What is the notable design feature of the walkway?,composite material or wood strips
https://raw.githubusercontent.com/JustinSQiu/image-captioning-mturk/master/cvqa/Chinese_images/5865941054271667593_0.jpg,What indicates that skateboarding is prohibited?,protective rails
https://raw.githubusercontent.com/JustinSQiu/image-captioning-mturk/master/cvqa/Chinese_images/5865941054271821170_0.jpg,What traditional Chinese garment is the boy's outfit reminiscent of?,Tang suit
https://raw.githubusercontent.com/JustinSQiu/image-captioning-mturk/master/cvqa/Chinese_images/5865941054271821170_0.jpg,What color symbolizes luck in many Asian cultures?,red
https://raw.githubusercontent.com/JustinSQiu/image-captioning-mturk/master/cvqa/Chinese_images/5865941054271833719_0.jpg,What unusual fruit is found on the ground?,purple mangosteen
https://raw.githubusercontent.com/JustinSQiu/image-captioning-mturk/master/cvqa/Chinese_images/5865941054271833719_0.jpg,What decorative feature suggests connection to Southeast Asia?,the mangosteen fruit
https://raw.githubusercontent.com/JustinSQiu/image-captioning-mturk/master/cvqa/Chinese_images/5865941054271833719_0.jpg,What unique item does the person carry?,red bag with CH initials
https://raw.githubusercontent.com/JustinSQiu/image-captioning-mturk/master/cvqa/Chinese_images/5865941054272162529_0.jpg,What luxury retail brand is prominently featured in the cityscape?,Louis Vuitton
https://raw.githubusercontent.com/JustinSQiu/image-captioning-mturk/master/cvqa/Chinese_images/5865941054272162529_0.jpg,What type of distinct structure is mentioned that serves as a cultural landmark?,National Science Museum
https://raw.githubusercontent.com/JustinSQiu/image-captioning-mturk/master/cvqa/Chinese_images/5865941054272194270_0.jpg,What type of sport is being played by the elderly individuals?,grass bowling
https://raw.githubusercontent.com/JustinSQiu/image-captioning-mturk/master/cvqa/Chinese_images/5865941054272194270_0.jpg,What architectural influences are seen in the background buildings?,Southeast Asian design
https://raw.githubusercontent.com/JustinSQiu/image-captioning-mturk/master/cvqa/Chinese_images/5865941054272194270_0.jpg,What type of balls are used in the game?,colored balls
https://raw.githubusercontent.com/JustinSQiu/image-captioning-mturk/master/cvqa/Chinese_images/5865941054272262238_0.jpg,What does the aircraft symbolize in Chinese culture?,New Flight
https://raw.githubusercontent.com/JustinSQiu/image-captioning-mturk/master/cvqa/Chinese_images/5865941054272262238_0.jpg,What specific model of airplane is likely shown?,Boeing 777
https://raw.githubusercontent.com/JustinSQiu/image-captioning-mturk/master/cvqa/Chinese_images/5865941054272262238_0.jpg,What colors adorn Singapore Airlines' livery?,blue and gold stripes
https://raw.githubusercontent.com/JustinSQiu/image-captioning-mturk/master/cvqa/Chinese_images/5865941054272300519_0.jpg,What is the significance of the red and yellow color scheme?,good fortune and joy
https://raw.githubusercontent.com/JustinSQiu/image-captioning-mturk/master/cvqa/Chinese_images/5865941054272300519_0.jpg,What type of products is featured in the refrigerator?,food items and products
https://raw.githubusercontent.com/JustinSQiu/image-captioning-mturk/master/cvqa/Chinese_images/5865941054272300519_0.jpg,What is the store name in Chinese characters?,美增香
https://raw.githubusercontent.com/JustinSQiu/image-captioning-mturk/master/cvqa/Chinese_images/5865941054272322422_0.jpg,What colors are the featured pineapple bun pillows?,White and light yellow
https://raw.githubusercontent.com/JustinSQiu/image-captioning-mturk/master/cvqa/Chinese_images/5865941054272322422_0.jpg,What decorative pattern is on the takeaway bag?,Green star patterns
https://raw.githubusercontent.com/JustinSQiu/image-captioning-mturk/master/cvqa/Chinese_images/5865941054272322422_0.jpg,Where is the store likely located?,In a shopping mall
https://raw.githubusercontent.com/JustinSQiu/image-captioning-mturk/master/cvqa/Chinese_images/5865941054272365832_0.jpg,What name is displayed on the left robot?,YOSHI
https://raw.githubusercontent.com/JustinSQiu/image-captioning-mturk/master/cvqa/Chinese_images/5865941054272365832_0.jpg,What color stripes are on the lower part of the second robot?,black and light gray
https://raw.githubusercontent.com/JustinSQiu/image-captioning-mturk/master/cvqa/Chinese_images/5865941054272365832_0.jpg,What does the background wall suggest about the environment?,ongoing renovations
https://raw.githubusercontent.com/JustinSQiu/image-captioning-mturk/master/cvqa/Chinese_images/5865941054272513039_0.jpg,What religious architectural style is suggested by the church-like building?,Gothic architectural elements
https://raw.githubusercontent.com/JustinSQiu/image-captioning-mturk/master/cvqa/Chinese_images/5865941054272513039_0.jpg,What type of fashion is dominant among pedestrians?,East Asian fashion
https://raw.githubusercontent.com/JustinSQiu/image-captioning-mturk/master/cvqa/Chinese_images/5865941054272513039_0.jpg,Which urban feature suggests a warm climate with tropical trees?,tall trees
https://raw.githubusercontent.com/JustinSQiu/image-captioning-mturk/master/cvqa/Chinese_images/5865941054272650906_0.jpg,What event are the athletes competing in?,Youth Olympic Games
https://raw.githubusercontent.com/JustinSQiu/image-captioning-mturk/master/cvqa/Chinese_images/5865941054272650906_0.jpg,What distinguishes the judges' uniforms?,white outfits with badges
https://raw.githubusercontent.com/JustinSQiu/image-captioning-mturk/master/cvqa/Chinese_images/5865941054272650906_0.jpg,What iconic symbol is featured in the backdrop?,Olympic rings
https://raw.githubusercontent.com/JustinSQiu/image-captioning-mturk/master/cvqa/Chinese_images/5865941054272852902_0.jpg,What architectural style does the roof resemble with upward-curving eaves?,Xieshan
https://raw.githubusercontent.com/JustinSQiu/image-captioning-mturk/master/cvqa/Chinese_images/5865941054272852902_0.jpg,What is the purpose of the thatched material at the front of the building?,enhance drainage
https://raw.githubusercontent.com/JustinSQiu/image-captioning-mturk/master/cvqa/Chinese_images/5865941054272852902_0.jpg,What type of vegetation is dominant in the backdrop?,coconut palms
https://raw.githubusercontent.com/JustinSQiu/image-captioning-mturk/master/cvqa/Chinese_images/5865941054273072861_0.jpg,What color is the escalator's handrail?,deep red
https://raw.githubusercontent.com/JustinSQiu/image-captioning-mturk/master/cvqa/Chinese_images/5865941054273072861_0.jpg,What type of chandeliers are present in the scene?,crystal chandeliers
https://raw.githubusercontent.com/JustinSQiu/image-captioning-mturk/master/cvqa/Chinese_images/5865941054273072861_0.jpg,What architectural influence is suggested in the design?,Chinese styles
https://raw.githubusercontent.com/JustinSQiu/image-captioning-mturk/master/cvqa/Chinese_images/5865941054273117695_0.jpg,"What does ""Majulah Singapura"" mean in Malay?",Onward Singapore
https://raw.githubusercontent.com/JustinSQiu/image-captioning-mturk/master/cvqa/Chinese_images/5865941054273117695_0.jpg,What do the five stars and crescent moon symbolize?,national identity
https://raw.githubusercontent.com/JustinSQiu/image-captioning-mturk/master/cvqa/Chinese_images/5865941054273117695_0.jpg,What is the primary color scheme of the emblem?,red and white
https://raw.githubusercontent.com/JustinSQiu/image-captioning-mturk/master/cvqa/Chinese_images/5865941054273249393_0.jpg,What decorative feature is present on the flooring near the glass door?,"black, gray, and white pattern"
https://raw.githubusercontent.com/JustinSQiu/image-captioning-mturk/master/cvqa/Chinese_images/5865941054273249393_0.jpg,What is the purpose of the orange sign next to the glass door?,"Platform 3, Pickup Area"
https://raw.githubusercontent.com/JustinSQiu/image-captioning-mturk/master/cvqa/Chinese_images/5865941054273249393_0.jpg,What color is the second car described in the scene?,gray-blue
https://raw.githubusercontent.com/JustinSQiu/image-captioning-mturk/master/cvqa/Chinese_images/5865941054273582999_0.jpg,What phrase relates to Costco's advertising campaigns?,"As Connected, As Protected"
https://raw.githubusercontent.com/JustinSQiu/image-captioning-mturk/master/cvqa/Chinese_images/5865941054273582999_0.jpg,What organization is referenced that facilitates travel and immigration in the region?,ASEAN
https://raw.githubusercontent.com/JustinSQiu/image-captioning-mturk/master/cvqa/Chinese_images/5865941054273753581_0.jpg,What do the diminutive sculptures represent?,men and women of all ages
https://raw.githubusercontent.com/JustinSQiu/image-captioning-mturk/master/cvqa/Chinese_images/5865941054273753581_0.jpg,How many levels does the temple have?,five levels
https://raw.githubusercontent.com/JustinSQiu/image-captioning-mturk/master/cvqa/Chinese_images/5865941054273753581_0.jpg,What notable animal statues are at the temple's perimeter?,lions and other animals
https://raw.githubusercontent.com/JustinSQiu/image-captioning-mturk/master/cvqa/Chinese_images/5865941054274168320_0.jpg,What driving side is indicated in the scene?,left side
https://raw.githubusercontent.com/JustinSQiu/image-captioning-mturk/master/cvqa/Chinese_images/5865941054274168320_0.jpg,What type of buildings are mentioned as part of the urban landscape?,shophouses
https://raw.githubusercontent.com/JustinSQiu/image-captioning-mturk/master/cvqa/Chinese_images/5865941054274168320_0.jpg,What Western influence is visible in the restaurant details?,menus in English
https://raw.githubusercontent.com/JustinSQiu/image-captioning-mturk/master/cvqa/Chinese_images/5865941054274397489_0.jpg,What type of marketplace is depicted with outdoor dining?,indoor marketplace
https://raw.githubusercontent.com/JustinSQiu/image-captioning-mturk/master/cvqa/Chinese_images/5865941054274397489_0.jpg,What architectural feature suggests timekeeping on the building?,clock tower
https://raw.githubusercontent.com/JustinSQiu/image-captioning-mturk/master/cvqa/Chinese_images/5865941054274397489_0.jpg,What indicates the lively atmosphere of this urban space?,food stalls and dining spaces
https://raw.githubusercontent.com/JustinSQiu/image-captioning-mturk/master/cvqa/Chinese_images/5865941054274812296_0.jpg,What characters proclaim 'flourishing business' in the market?,Chinese characters
https://raw.githubusercontent.com/JustinSQiu/image-captioning-mturk/master/cvqa/Chinese_images/5865941054274812296_0.jpg,What color are the tables and chairs?,pink
https://raw.githubusercontent.com/JustinSQiu/image-captioning-mturk/master/cvqa/Chinese_images/5865941054274812296_0.jpg,What type of juices are advertised?,freshly made juices
https://raw.githubusercontent.com/JustinSQiu/image-captioning-mturk/master/cvqa/Chinese_images/5865941054274983566_0.jpg,What traditional attire do the women wear?,Ethnic outfits
https://raw.githubusercontent.com/JustinSQiu/image-captioning-mturk/master/cvqa/Chinese_images/5865941054274983566_0.jpg,What color is the outfit of the middle woman?,Red
https://raw.githubusercontent.com/JustinSQiu/image-captioning-mturk/master/cvqa/Chinese_images/5865941054274983566_0.jpg,Which airline are the women likely associated with?,QWERTY
https://raw.githubusercontent.com/JustinSQiu/image-captioning-mturk/master/cvqa/Chinese_images/5865941054275162007_0.jpg,What do the simplified Chinese characters express?,Gratitude for the Founding of the Nation
https://raw.githubusercontent.com/JustinSQiu/image-captioning-mturk/master/cvqa/Chinese_images/5865941054275162007_0.jpg,What is the significance of the yellow flowers in Chinese culture?,symbol of remembrance and mourning
https://raw.githubusercontent.com/JustinSQiu/image-captioning-mturk/master/cvqa/Chinese_images/5865941054275162007_0.jpg,What type of amulet is above the elderly man's photograph?,Buddha amulet
https://raw.githubusercontent.com/JustinSQiu/image-captioning-mturk/master/cvqa/Chinese_images/5865941054275364982_0.jpg,What Southeast Asian architectural feature is highlighted in the scene?,traditional low-rise buildings
https://raw.githubusercontent.com/JustinSQiu/image-captioning-mturk/master/cvqa/Chinese_images/5865941054275364982_0.jpg,What color is the standout rooftop mentioned?,vibrant orange
https://raw.githubusercontent.com/JustinSQiu/image-captioning-mturk/master/cvqa/Chinese_images/5865941054275364982_0.jpg,What type of doors are present on the second floors of the shops?,French-style doors
https://raw.githubusercontent.com/JustinSQiu/image-captioning-mturk/master/cvqa/Chinese_images/5865941054275476548_0.jpg,What model of airplane is featured prominently in the scene?,Boeing 777
https://raw.githubusercontent.com/JustinSQiu/image-captioning-mturk/master/cvqa/Chinese_images/5865941054275476548_0.jpg,What festival is indicated by the Singapore Airlines branding?,Singapore Airlines logo with golden bird
https://raw.githubusercontent.com/JustinSQiu/image-captioning-mturk/master/cvqa/Chinese_images/5865941054275476548_0.jpg,What airport is likely associated with Singapore Airlines?,Singapore Changi Airport
https://raw.githubusercontent.com/JustinSQiu/image-captioning-mturk/master/cvqa/Chinese_images/5865941054275538756_0.jpg,"What does ""SMRT"" refer to in the context of the bus?",Singapore Mass Rapid Transit
https://raw.githubusercontent.com/JustinSQiu/image-captioning-mturk/master/cvqa/Chinese_images/5865941054275538756_0.jpg,What feature emphasizes the bus's modern design?,smart technology
https://raw.githubusercontent.com/JustinSQiu/image-captioning-mturk/master/cvqa/Chinese_images/5865941054275555391_0.jpg,What unique serving style is used for the rice?,Inverted bowl on a plate
https://raw.githubusercontent.com/JustinSQiu/image-captioning-mturk/master/cvqa/Chinese_images/5865941054275555391_0.jpg,What type of greens are paired with the poached chicken?,Garlic broccoli
https://raw.githubusercontent.com/JustinSQiu/image-captioning-mturk/master/cvqa/Chinese_images/5865941054275555391_0.jpg,What is included with the rice to enhance flavor?,Pickled mustard greens
https://raw.githubusercontent.com/JustinSQiu/image-captioning-mturk/master/cvqa/Chinese_images/5865941054275729059_0.jpg,What is the cultural significance of the tower?,Hindu or Tamil temple
https://raw.githubusercontent.com/JustinSQiu/image-captioning-mturk/master/cvqa/Chinese_images/5865941054275729059_0.jpg,Which street is the temple located on?,Tanglin Street
https://raw.githubusercontent.com/JustinSQiu/image-captioning-mturk/master/cvqa/Chinese_images/5865941054275729059_0.jpg,What is prominently displayed on the temple's facade?,intricately carved statues
https://raw.githubusercontent.com/JustinSQiu/image-captioning-mturk/master/cvqa/Chinese_images/5865941054275751385_0.jpg,What type of features are present in the flowerbed structure?,colorful sculptures
https://raw.githubusercontent.com/JustinSQiu/image-captioning-mturk/master/cvqa/Chinese_images/5865941054275751385_0.jpg,Which airport is likely implied to be shown in the description?,Changi Airport
https://raw.githubusercontent.com/JustinSQiu/image-captioning-mturk/master/cvqa/Chinese_images/5865941054275884378_0.jpg,What restaurant name is displayed on the wall?,Tian Tian Zhen Cai
https://raw.githubusercontent.com/JustinSQiu/image-captioning-mturk/master/cvqa/Chinese_images/5865941054275884378_0.jpg,Which specific Chinese character can be identified on the menu?,competition (争)
https://raw.githubusercontent.com/JustinSQiu/image-captioning-mturk/master/cvqa/Chinese_images/5865941054275884378_0.jpg,What type of establishment is depicted in the image?,seafood restaurant
https://raw.githubusercontent.com/JustinSQiu/image-captioning-mturk/master/cvqa/Chinese_images/5865941054275946269_0.jpg,Who is the prominent singer performing on stage?,Lin Junjie
https://raw.githubusercontent.com/JustinSQiu/image-captioning-mturk/master/cvqa/Chinese_images/5865941054275946269_0.jpg,What type of hat is Lin Junjie wearing during his performance?,a stylish hat
https://raw.githubusercontent.com/JustinSQiu/image-captioning-mturk/master/cvqa/Chinese_images/5865941054275946269_0.jpg,What fashion style reflects Lin Junjie's outfit?,modern fashion sense
https://raw.githubusercontent.com/JustinSQiu/image-captioning-mturk/master/cvqa/Chinese_images/5865941054276124870_0.jpg,What festival is indicated by the phrase 'celebrating the Spring Festival'?,Chinese New Year
https://raw.githubusercontent.com/JustinSQiu/image-captioning-mturk/master/cvqa/Chinese_images/5865941054276124870_0.jpg,What decorations resemble traditional Chinese lanterns?,yellow pineapple lanterns
https://raw.githubusercontent.com/JustinSQiu/image-captioning-mturk/master/cvqa/Chinese_images/5865941054276124870_0.jpg,What year is associated with the Spring Festival in the image?,Year of the Dragon
https://raw.githubusercontent.com/JustinSQiu/image-captioning-mturk/master/cvqa/Chinese_images/5865941054276225809_0.jpg,What cultural significance does the badge on his collar represent?,flags of Singapore and India
https://raw.githubusercontent.com/JustinSQiu/image-captioning-mturk/master/cvqa/Chinese_images/5865941054276225809_0.jpg,What does the name Lee Hsien Loong signify in Singaporean politics?,Prime Minister
https://raw.githubusercontent.com/JustinSQiu/image-captioning-mturk/master/cvqa/Chinese_images/5865941054276607879_0.jpg,What type of animal is depicted in this scene with dense brownish-yellow fur?,capybaras
https://raw.githubusercontent.com/JustinSQiu/image-captioning-mturk/master/cvqa/Chinese_images/5865941054276607879_0.jpg,What green feature is present that indicates growth on the fallen tree trunk?,moss or lichen
https://raw.githubusercontent.com/JustinSQiu/image-captioning-mturk/master/cvqa/Chinese_images/5865941054276915056_0.jpg,What QR code information can be found beside the vending machine?,recycling practices
https://raw.githubusercontent.com/JustinSQiu/image-captioning-mturk/master/cvqa/Chinese_images/5865941054276915056_0.jpg,What language is used on the supermarket discount board?,Chinese
https://raw.githubusercontent.com/JustinSQiu/image-captioning-mturk/master/cvqa/Chinese_images/5865941054276915056_0.jpg,What slogan emphasizes the quality of the orange juice?,100% natural
https://raw.githubusercontent.com/JustinSQiu/image-captioning-mturk/master/cvqa/Chinese_images/5865941054276936057_0.jpg,What does the building's roof prominently display?,JRAB
https://raw.githubusercontent.com/JustinSQiu/image-captioning-mturk/master/cvqa/Chinese_images/5865941054276936057_0.jpg,What kind of trees are in the foreground?,broadleaf evergreen trees
https://raw.githubusercontent.com/JustinSQiu/image-captioning-mturk/master/cvqa/Chinese_images/5865941054276936057_0.jpg,What urban area is the building likely located in?,Singapore
https://raw.githubusercontent.com/JustinSQiu/image-captioning-mturk/master/cvqa/Chinese_images/5865941054277052149_0.jpg,What cultural themes does 'Crazy Rich Asians' critique?,superficialities of wealth
https://raw.githubusercontent.com/JustinSQiu/image-captioning-mturk/master/cvqa/Chinese_images/5865941054277052149_0.jpg,What does the male peacock symbolize in the image?,remarkable beauty and length
https://raw.githubusercontent.com/JustinSQiu/image-captioning-mturk/master/cvqa/Chinese_images/5865941054277052149_0.jpg,What unique cultural tension is depicted in the individuals' appearance?,East Asian features in Western style
https://raw.githubusercontent.com/JustinSQiu/image-captioning-mturk/master/cvqa/Chinese_images/5865941054277281187_0.jpg,What traditional form of exercise is being practiced?,Tai Chi
https://raw.githubusercontent.com/JustinSQiu/image-captioning-mturk/master/cvqa/Chinese_images/5865941054277281187_0.jpg,What is the significance of the red decorations on the fence?,symbol of good fortune
https://raw.githubusercontent.com/JustinSQiu/image-captioning-mturk/master/cvqa/Chinese_images/5865941054277281187_0.jpg,What attire is the elderly woman wearing?,traditional Tai Chi clothing
https://raw.githubusercontent.com/JustinSQiu/image-captioning-mturk/master/cvqa/Chinese_images/5865941054277366124_0.jpg,Where do pitcher plants like the one shown primarily originate?,Southeast Asia
https://raw.githubusercontent.com/JustinSQiu/image-captioning-mturk/master/cvqa/Chinese_images/5865941054277366124_0.jpg,What unique characteristic does the pitcher plant's mouth exhibit?,not fully opened mouth
https://raw.githubusercontent.com/JustinSQiu/image-captioning-mturk/master/cvqa/Chinese_images/5865941054277366124_0.jpg,What are the colors present on the pitcher plant mentioned?,"green, brown, red"
https://raw.githubusercontent.com/JustinSQiu/image-captioning-mturk/master/cvqa/Chinese_images/5865941054277517130_0.jpg,What specific dishes does the left food stall sell?,Noodle Fish Soup
https://raw.githubusercontent.com/JustinSQiu/image-captioning-mturk/master/cvqa/Chinese_images/5865941054277517130_0.jpg,What cultural significance does the scene represent?,Asian street food market
https://raw.githubusercontent.com/JustinSQiu/image-captioning-mturk/master/cvqa/Chinese_images/5865941054277517130_0.jpg,What language is visible on the stalls?,Chinese characters
https://raw.githubusercontent.com/JustinSQiu/image-captioning-mturk/master/cvqa/Chinese_images/5865941054277656653_0.jpg,What unique cap design do the swimmers wear?,white swim caps with red embellishments
https://raw.githubusercontent.com/JustinSQiu/image-captioning-mturk/master/cvqa/Chinese_images/5865941054277656653_0.jpg,What colorful patterns are on the swimsuits?,"green, yellow, and blue triangles"
https://raw.githubusercontent.com/JustinSQiu/image-captioning-mturk/master/cvqa/Chinese_images/5865941054277656653_0.jpg,Which companies are sponsoring the event?,"EMS, 100PLUS, SUNPLAY"
https://raw.githubusercontent.com/JustinSQiu/image-captioning-mturk/master/cvqa/Chinese_images/5865941054277767288_0.jpg,What uniquely spiky fruit is prominently featured in the market?,durian
https://raw.githubusercontent.com/JustinSQiu/image-captioning-mturk/master/cvqa/Chinese_images/5865941054277767288_0.jpg,What color are the baskets containing durians?,red
https://raw.githubusercontent.com/JustinSQiu/image-captioning-mturk/master/cvqa/Chinese_images/5865941054277767288_0.jpg,What protective equipment is used to handle durians?,thicker glove
https://raw.githubusercontent.com/JustinSQiu/image-captioning-mturk/master/cvqa/Chinese_images/5865941054277824179_0.jpg,What elements indicate cultural familial interactions in the mural?,Indian woman with husband and child
https://raw.githubusercontent.com/JustinSQiu/image-captioning-mturk/master/cvqa/Chinese_images/5865941054277824179_0.jpg,What activity shows community engagement in the scene?,purchasing fruits
https://raw.githubusercontent.com/JustinSQiu/image-captioning-mturk/master/cvqa/Chinese_images/5865941054278004702_0.jpg,What postal service is associated with the motorcycle?,Singapore Post
https://raw.githubusercontent.com/JustinSQiu/image-captioning-mturk/master/cvqa/Chinese_images/5865941054278004702_0.jpg,What is the significance of the blue motorcycle's design in this context?,Postal delivery vehicle
https://raw.githubusercontent.com/JustinSQiu/image-captioning-mturk/master/cvqa/Chinese_images/5865941054278186519_0.jpg,What type of cuisine is featured in the restaurant with a prominent sign?,Hot Pot
https://raw.githubusercontent.com/JustinSQiu/image-captioning-mturk/master/cvqa/Chinese_images/5865941054278186519_0.jpg,What specific restaurant chain's sign is highlighted in the image?,Haidilao Hot Pot
https://raw.githubusercontent.com/JustinSQiu/image-captioning-mturk/master/cvqa/Chinese_images/5865941054278186519_0.jpg,What city feature indicates this location is likely a shopping center?,Pedestrian activity
https://raw.githubusercontent.com/JustinSQiu/image-captioning-mturk/master/cvqa/Chinese_images/5865941054278310786_0.jpg,What symbol does the noodle arrangement resemble?,a dragon
https://raw.githubusercontent.com/JustinSQiu/image-captioning-mturk/master/cvqa/Chinese_images/5865941054278310786_0.jpg,What traditional Asian utensils are being used to eat?,chopsticks
https://raw.githubusercontent.com/JustinSQiu/image-captioning-mturk/master/cvqa/Chinese_images/5865941054278310786_0.jpg,What festive items are placed on the table alongside the noodles?,oranges
https://raw.githubusercontent.com/JustinSQiu/image-captioning-mturk/master/cvqa/Chinese_images/5865941054278368869_0.jpg,What is the color of the bowl used for the noodle soup?,golden yellow
https://raw.githubusercontent.com/JustinSQiu/image-captioning-mturk/master/cvqa/Chinese_images/5865941054278368869_0.jpg,What type of greens are added to the dish for freshness?,green scallions
https://raw.githubusercontent.com/JustinSQiu/image-captioning-mturk/master/cvqa/Chinese_images/5865941054278368869_0.jpg,What condiment is suggested for enhancing spice in the soup?,red chili paste
https://raw.githubusercontent.com/JustinSQiu/image-captioning-mturk/master/cvqa/Chinese_images/5865941054279021031_0.jpg,What does the purple flag hanging from the truck say?,Xuan
https://raw.githubusercontent.com/JustinSQiu/image-captioning-mturk/master/cvqa/Chinese_images/5865941054279021031_0.jpg,What cultural performance is associated with the truck?,lion dance
https://raw.githubusercontent.com/JustinSQiu/image-captioning-mturk/master/cvqa/Chinese_images/5865941054279021031_0.jpg,What event is the truck preparing for?,Chinese New Year
https://raw.githubusercontent.com/JustinSQiu/image-captioning-mturk/master/cvqa/Chinese_images/5865941054279039833_0.jpg,What color is the boat with a pink hull?,pink
https://raw.githubusercontent.com/JustinSQiu/image-captioning-mturk/master/cvqa/Chinese_images/5865941054279039833_0.jpg,What does the left boat have on top?,white top
https://raw.githubusercontent.com/JustinSQiu/image-captioning-mturk/master/cvqa/Chinese_images/5865941054279039833_0.jpg,What unique detail is on the orange boat?,black and green detailing
https://raw.githubusercontent.com/JustinSQiu/image-captioning-mturk/master/cvqa/Chinese_images/5865941054279065393_0.jpg,What is the word prominently displayed on the sidewalk to indicate caution?,"""slow"""
https://raw.githubusercontent.com/JustinSQiu/image-captioning-mturk/master/cvqa/Chinese_images/5865941054279065393_0.jpg,In which country might this roadway be located based on the design and language?,Singapore or similar locale
https://raw.githubusercontent.com/JustinSQiu/image-captioning-mturk/master/cvqa/Chinese_images/5865941054279124789_0.jpg,What luxury brand stores indicate the mall's upscale nature?,Cartier and Dior
https://raw.githubusercontent.com/JustinSQiu/image-captioning-mturk/master/cvqa/Chinese_images/5865941054279124789_0.jpg,What type of building is located behind the mall?,a residential complex
https://raw.githubusercontent.com/JustinSQiu/image-captioning-mturk/master/cvqa/Chinese_images/5865941054279124789_0.jpg,What design feature characterizes the mall's architecture?,curved reflective facade
https://raw.githubusercontent.com/JustinSQiu/image-captioning-mturk/master/cvqa/Chinese_images/5865941054279157087_0.jpg,What is the name of the shopping mall featured prominently?,Jurong Point
https://raw.githubusercontent.com/JustinSQiu/image-captioning-mturk/master/cvqa/Chinese_images/5865941054279157087_0.jpg,Which store is mentioned as being inside Jurong Point?,Daiso
https://raw.githubusercontent.com/JustinSQiu/image-captioning-mturk/master/cvqa/Chinese_images/5865941054279157087_0.jpg,What is the design feature of the crosswalk in this area?,dotted lines
https://raw.githubusercontent.com/JustinSQiu/image-captioning-mturk/master/cvqa/Chinese_images/5865941054279417961_0.jpg,What unique hair color does the contemporary singer have?,golden-colored hair
https://raw.githubusercontent.com/JustinSQiu/image-captioning-mturk/master/cvqa/Chinese_images/5865941054279417961_0.jpg,What specific floral pattern adorns the green shirt of the contemporary singer?,white floral pattern
https://raw.githubusercontent.com/JustinSQiu/image-captioning-mturk/master/cvqa/Chinese_images/5865941054279417961_0.jpg,Which prominent Mandarin singer is mentioned from Singapore?,Stefanie Sun
https://raw.githubusercontent.com/JustinSQiu/image-captioning-mturk/master/cvqa/Chinese_images/5865941054279417961_0.jpg,What distinguishes Stefanie Sun's outfit patterns?,"stars, clouds, and planets"
https://raw.githubusercontent.com/JustinSQiu/image-captioning-mturk/master/cvqa/Chinese_images/5865941054279487055_0.jpg,"What does the prominent advertisement reading ""Online Auction"" indicate?",network photography
https://raw.githubusercontent.com/JustinSQiu/image-captioning-mturk/master/cvqa/Chinese_images/5865941054279487055_0.jpg,What type of characters mark the jewelry store?,traditional Chinese characters
https://raw.githubusercontent.com/JustinSQiu/image-captioning-mturk/master/cvqa/Chinese_images/5865941054279487055_0.jpg,What is special about the blue house's entrance?,large door frame for sunlight
https://raw.githubusercontent.com/JustinSQiu/image-captioning-mturk/master/cvqa/Chinese_images/5865941054279620760_0.jpg,What colors are used for the directional arrows?,green and red
https://raw.githubusercontent.com/JustinSQiu/image-captioning-mturk/master/cvqa/Chinese_images/5865941054279620760_0.jpg,What features help visually impaired individuals navigate?,textured walkway
https://raw.githubusercontent.com/JustinSQiu/image-captioning-mturk/master/cvqa/Chinese_images/5865941054279779333_0.jpg,What species are the turtles likely identified as?,Brazilian red-eared sliders
https://raw.githubusercontent.com/JustinSQiu/image-captioning-mturk/master/cvqa/Chinese_images/5865941054279779333_0.jpg,What behavior are the turtles engaging in?,sunbathing
https://raw.githubusercontent.com/JustinSQiu/image-captioning-mturk/master/cvqa/Chinese_images/5865941054279861444_0.jpg,What is the significance of the establishment's name and year?,Bacha Coffee 1910
https://raw.githubusercontent.com/JustinSQiu/image-captioning-mturk/master/cvqa/Chinese_images/5865941054279861444_0.jpg,What architectural influence is reflected in the café's design?,Middle Eastern influence
https://raw.githubusercontent.com/JustinSQiu/image-captioning-mturk/master/cvqa/Chinese_images/5865941054279861444_0.jpg,What color scheme characterizes the café's interior?,warm brown color scheme
https://raw.githubusercontent.com/JustinSQiu/image-captioning-mturk/master/cvqa/Chinese_images/5865941054279878046_0.jpg,What distinctive architectural installation is featured at the forefront of the shopping district?,tree-like structure
https://raw.githubusercontent.com/JustinSQiu/image-captioning-mturk/master/cvqa/Chinese_images/5865941054279878046_0.jpg,Which major subway exit is mentioned in the image?,oval-shaped subway entrance
https://raw.githubusercontent.com/JustinSQiu/image-captioning-mturk/master/cvqa/Chinese_images/5865941054279878046_0.jpg,In which specific city does this luxury shopping district reside?,Singapore
https://raw.githubusercontent.com/JustinSQiu/image-captioning-mturk/master/cvqa/Chinese_images/5865941054279977813_0.jpg,What do the artificial trees resemble?,enormous tree canopies
https://raw.githubusercontent.com/JustinSQiu/image-captioning-mturk/master/cvqa/Chinese_images/5865941054279977813_0.jpg,What type of trees complement the artificial ones?,real green trees
https://raw.githubusercontent.com/JustinSQiu/image-captioning-mturk/master/cvqa/Chinese_images/5865941054279977813_0.jpg,What heritage do many visitors appear to have?,Asian heritage
https://raw.githubusercontent.com/JustinSQiu/image-captioning-mturk/master/cvqa/Chinese_images/5865941064271196440_0.jpg,What type of Asian snacks are wrapped in lotus leaves?,traditional snacks
https://raw.githubusercontent.com/JustinSQiu/image-captioning-mturk/master/cvqa/Chinese_images/5865941064271196440_0.jpg,What cultural symbolism does the koi fish design represent?,good luck and prosperity
https://raw.githubusercontent.com/JustinSQiu/image-captioning-mturk/master/cvqa/Chinese_images/5865941064271196440_0.jpg,What dish is commonly associated with Singapore involving soy sauce and fruits?,Rojak
https://raw.githubusercontent.com/JustinSQiu/image-captioning-mturk/master/cvqa/Chinese_images/5865941064271454024_0.jpg,What type of entertainment is featured on the first floor?,racing arcade machines
https://raw.githubusercontent.com/JustinSQiu/image-captioning-mturk/master/cvqa/Chinese_images/5865941064271454024_0.jpg,What color is the decorative lighting in the mall?,cool blue hue
https://raw.githubusercontent.com/JustinSQiu/image-captioning-mturk/master/cvqa/Chinese_images/5865941064271454024_0.jpg,What is the design aspect of the central car sales booth?,modern design
https://raw.githubusercontent.com/JustinSQiu/image-captioning-mturk/master/cvqa/Chinese_images/5865941064271588596_0.jpg,What type of event is Clarke Quay known for?,lively atmosphere
https://raw.githubusercontent.com/JustinSQiu/image-captioning-mturk/master/cvqa/Chinese_images/5865941064271588596_0.jpg,What colors are present on the left building's roof?,pink and yellow
https://raw.githubusercontent.com/JustinSQiu/image-captioning-mturk/master/cvqa/Chinese_images/5865941064271588596_0.jpg,What is depicted on the billboard behind the right building?,"""Clarke Quay"""
https://raw.githubusercontent.com/JustinSQiu/image-captioning-mturk/master/cvqa/Chinese_images/5865941064272007574_0.jpg,What ancient Chinese coin does the pig hold?,an ancient Chinese coin
https://raw.githubusercontent.com/JustinSQiu/image-captioning-mturk/master/cvqa/Chinese_images/5865941064272007574_0.jpg,What phrase is inscribed on the coin?,Jie Fu Ying Chun
https://raw.githubusercontent.com/JustinSQiu/image-captioning-mturk/master/cvqa/Chinese_images/5865941064272007574_0.jpg,What are the boxes filled with that the pig is emerging from?,golden ingots
https://raw.githubusercontent.com/JustinSQiu/image-captioning-mturk/master/cvqa/Chinese_images/5865941064272586600_0.jpg,What structures suggest a lively tourist area?,three bars
https://raw.githubusercontent.com/JustinSQiu/image-captioning-mturk/master/cvqa/Chinese_images/5865941064272586600_0.jpg,What does the lookout pavilion indicate?,safety for visitors
https://raw.githubusercontent.com/JustinSQiu/image-captioning-mturk/master/cvqa/Chinese_images/5865941064272586600_0.jpg,What specific type of island is mentioned in the image?,"a long, narrow island"
https://raw.githubusercontent.com/JustinSQiu/image-captioning-mturk/master/cvqa/Chinese_images/5865941064272651460_0.jpg,What is the shape of the man-made structure in the image?,circular
https://raw.githubusercontent.com/JustinSQiu/image-captioning-mturk/master/cvqa/Chinese_images/5865941064272651460_0.jpg,What is the notable feature of the girl in the photograph?,not wearing any pants
https://raw.githubusercontent.com/JustinSQiu/image-captioning-mturk/master/cvqa/Chinese_images/5865941064272651460_0.jpg,What season does the ambiance of the photo suggest?,springtime
https://raw.githubusercontent.com/JustinSQiu/image-captioning-mturk/master/cvqa/Chinese_images/5865941064272683818_0.jpg,What color is the outfit of the cyclist wearing for visibility?,orange outfit
https://raw.githubusercontent.com/JustinSQiu/image-captioning-mturk/master/cvqa/Chinese_images/5865941064272683818_0.jpg,What type of vehicles are the cyclists riding?,electric bikes
https://raw.githubusercontent.com/JustinSQiu/image-captioning-mturk/master/cvqa/Chinese_images/5865941064272683818_0.jpg,What architectural feature characterizes the buildings in the scene?,tall buildings with white windows
https://raw.githubusercontent.com/JustinSQiu/image-captioning-mturk/master/cvqa/Chinese_images/5865941064272831221_0.jpg,What unique architectural resemblance do the buildings have?,green onions
https://raw.githubusercontent.com/JustinSQiu/image-captioning-mturk/master/cvqa/Chinese_images/5865941064272831221_0.jpg,What text is on the small blue sign in the image?,"""the hive"""
https://raw.githubusercontent.com/JustinSQiu/image-captioning-mturk/master/cvqa/Chinese_images/5865941064272831221_0.jpg,What feature enhances the buildings' avant-garde aesthetic?,abundant greenery
https://raw.githubusercontent.com/JustinSQiu/image-captioning-mturk/master/cvqa/Chinese_images/5865941064272871259_0.jpg,What floral feature adds color to the foreground?,pink flowers
https://raw.githubusercontent.com/JustinSQiu/image-captioning-mturk/master/cvqa/Chinese_images/5865941064272871259_0.jpg,What type of bridge is seen in the foreground?,an overpass
https://raw.githubusercontent.com/JustinSQiu/image-captioning-mturk/master/cvqa/Chinese_images/5865941064273672815_0.jpg,What traditional herbal soup is depicted in the image?,Bak Kut Teh
https://raw.githubusercontent.com/JustinSQiu/image-captioning-mturk/master/cvqa/Chinese_images/5865941064273672815_0.jpg,What type of meat is typically included in authentic Bak Kut Teh?,bone-in pork ribs
https://raw.githubusercontent.com/JustinSQiu/image-captioning-mturk/master/cvqa/Chinese_images/5865941064273672815_0.jpg,What culinary heritage does Bak Kut Teh have?,Chinese
https://raw.githubusercontent.com/JustinSQiu/image-captioning-mturk/master/cvqa/Chinese_images/5865941064273784889_0.jpg,What languages are used on the warning signs by the door?,Chinese and English
https://raw.githubusercontent.com/JustinSQiu/image-captioning-mturk/master/cvqa/Chinese_images/5865941064273784889_0.jpg,What type of device is designed for passengers with disabilities?,yellow textured mat
https://raw.githubusercontent.com/JustinSQiu/image-captioning-mturk/master/cvqa/Chinese_images/5865941064273784889_0.jpg,What does the sign above the door instruct passengers not to do?,Lean against the door
https://raw.githubusercontent.com/JustinSQiu/image-captioning-mturk/master/cvqa/Chinese_images/5865941064274132047_0.jpg,What type of crab dish is featured?,curry crab
https://raw.githubusercontent.com/JustinSQiu/image-captioning-mturk/master/cvqa/Chinese_images/5865941064274132047_0.jpg,What type of bread is served with the crab?,steamed bun
https://raw.githubusercontent.com/JustinSQiu/image-captioning-mturk/master/cvqa/Chinese_images/5865941064274132047_0.jpg,In which regions is this crab dish particularly popular?,Guangdong and Hainan
https://raw.githubusercontent.com/JustinSQiu/image-captioning-mturk/master/cvqa/Chinese_images/5865941064274206244_0.jpg,Which notable building resembles an open flower petal?,a pavilion
https://raw.githubusercontent.com/JustinSQiu/image-captioning-mturk/master/cvqa/Chinese_images/5865941064274206244_0.jpg,What color lights do the boats emit?,red lights
https://raw.githubusercontent.com/JustinSQiu/image-captioning-mturk/master/cvqa/Chinese_images/5865941064274206244_0.jpg,What district is characterized by tall buildings radiating vibrant light?,commercial district
https://raw.githubusercontent.com/JustinSQiu/image-captioning-mturk/master/cvqa/Chinese_images/5865941064274346623_0.jpg,What traditional writing style is used on the shop's name?,Right to left
https://raw.githubusercontent.com/JustinSQiu/image-captioning-mturk/master/cvqa/Chinese_images/5865941064274346623_0.jpg,What colors are used in the corridor's brick pathway?,"Red, orange, and yellow"
https://raw.githubusercontent.com/JustinSQiu/image-captioning-mturk/master/cvqa/Chinese_images/5865941064274346623_0.jpg,What additional language is provided under the shop name in the pawn shop?,Pinyin in Cantonese
https://raw.githubusercontent.com/JustinSQiu/image-captioning-mturk/master/cvqa/Chinese_images/5865941064274532434_0.jpg,What is the significance of the Merlion sculpture in Singapore?,Cultural symbol of Singapore
https://raw.githubusercontent.com/JustinSQiu/image-captioning-mturk/master/cvqa/Chinese_images/5865941064274532434_0.jpg,What hotel is visible in the background of the Merlion Park?,Marina Bay Sands
https://raw.githubusercontent.com/JustinSQiu/image-captioning-mturk/master/cvqa/Chinese_images/5865941064274931803_0.jpg,What character is prominently featured in red?,喜 (xi)
https://raw.githubusercontent.com/JustinSQiu/image-captioning-mturk/master/cvqa/Chinese_images/5865941064274931803_0.jpg,What is symbolized by the character 福 (fu)?,fortune
https://raw.githubusercontent.com/JustinSQiu/image-captioning-mturk/master/cvqa/Chinese_images/5865941064274931803_0.jpg,What traditional decorations are offered in the shop?,spring festival couplets
https://raw.githubusercontent.com/JustinSQiu/image-captioning-mturk/master/cvqa/Chinese_images/5865941064275084723_0.jpg,What significant figure is associated with wealth during Lunar New Year?,God of Wealth
https://raw.githubusercontent.com/JustinSQiu/image-captioning-mturk/master/cvqa/Chinese_images/5865941064275084723_0.jpg,What color is the God of Wealth's traditional garment?,red
https://raw.githubusercontent.com/JustinSQiu/image-captioning-mturk/master/cvqa/Chinese_images/5865941064275084723_0.jpg,What object does the God of Wealth hold that symbolizes prosperity?,golden ingot
https://raw.githubusercontent.com/JustinSQiu/image-captioning-mturk/master/cvqa/Chinese_images/5865941064275337755_0.jpg,What traditional utensils are used by participants in the meal?,chopsticks
https://raw.githubusercontent.com/JustinSQiu/image-captioning-mturk/master/cvqa/Chinese_images/5865941064275337755_0.jpg,What type of food are the participants tossing?,noodles
https://raw.githubusercontent.com/JustinSQiu/image-captioning-mturk/master/cvqa/Chinese_images/5865941064275337755_0.jpg,What does the gathering suggest about cultural significance?,good luck or prosperity
https://raw.githubusercontent.com/JustinSQiu/image-captioning-mturk/master/cvqa/Chinese_images/5865941064275453977_0.jpg,What type of fruit is prominently featured in the first image?,jackfruit
https://raw.githubusercontent.com/JustinSQiu/image-captioning-mturk/master/cvqa/Chinese_images/5865941064275453977_0.jpg,What is the appearance of the second food item on the plate?,brown and striped
https://raw.githubusercontent.com/JustinSQiu/image-captioning-mturk/master/cvqa/Chinese_images/5865941064275641011_0.jpg,What specific decorative element commemorates Disney's 100th anniversary?,Disney's 100th anniversary statue
https://raw.githubusercontent.com/JustinSQiu/image-captioning-mturk/master/cvqa/Chinese_images/5865941064275641011_0.jpg,What type of structure supports the glass roof in this indoor venue?,mesh steel structure
https://raw.githubusercontent.com/JustinSQiu/image-captioning-mturk/master/cvqa/Chinese_images/5865941064275879557_0.jpg,What structures are adorned with vines that create a tower-like appearance?,artificial trees
https://raw.githubusercontent.com/JustinSQiu/image-captioning-mturk/master/cvqa/Chinese_images/5865941064275879557_0.jpg,What type of architectural style is prevalent in this scene?,tropical-themed architecture
https://raw.githubusercontent.com/JustinSQiu/image-captioning-mturk/master/cvqa/Chinese_images/5865941064275879557_0.jpg,What aesthetic effect do the artificial trees emit?,glowing effect
https://raw.githubusercontent.com/JustinSQiu/image-captioning-mturk/master/cvqa/Chinese_images/5865941064276482107_0.jpg,What specific type of dumpling is the steamer used for?,baozi
https://raw.githubusercontent.com/JustinSQiu/image-captioning-mturk/master/cvqa/Chinese_images/5865941064276482107_0.jpg,What distinguishes the variety of buns in the third image?,colorful buns
https://raw.githubusercontent.com/JustinSQiu/image-captioning-mturk/master/cvqa/Chinese_images/5865941064276482107_0.jpg,Which region influences the cuisine highlighted in the first image?,Southeast Asia
https://raw.githubusercontent.com/JustinSQiu/image-captioning-mturk/master/cvqa/Chinese_images/5865941064276586493_0.jpg,What color are the solar panels on the bridge?,green and white
https://raw.githubusercontent.com/JustinSQiu/image-captioning-mturk/master/cvqa/Chinese_images/5865941064276586493_0.jpg,What type of bridge is featured in the second image?,pedestrian bridge
https://raw.githubusercontent.com/JustinSQiu/image-captioning-mturk/master/cvqa/Chinese_images/5865941064276734483_0.jpg,What unique architectural feature does one building have?,inverted pyramid shape
https://raw.githubusercontent.com/JustinSQiu/image-captioning-mturk/master/cvqa/Chinese_images/5865941064276734483_0.jpg,What kind of greenery enhances the modern aesthetic?,banana trees and tropical plants
https://raw.githubusercontent.com/JustinSQiu/image-captioning-mturk/master/cvqa/Chinese_images/5865941064276734483_0.jpg,What materials are highlighted in the building designs?,glass wooden wall structures
https://raw.githubusercontent.com/JustinSQiu/image-captioning-mturk/master/cvqa/Chinese_images/5865941064276926378_0.jpg,What languages are featured on the bank's sign?,traditional Chinese characters
https://raw.githubusercontent.com/JustinSQiu/image-captioning-mturk/master/cvqa/Chinese_images/5865941064276926378_0.jpg,What styles of architecture are present among the buildings?,South American architecture
https://raw.githubusercontent.com/JustinSQiu/image-captioning-mturk/master/cvqa/Chinese_images/5865941064276926378_0.jpg,What indication suggests the area may be a Chinatown?,Chinese signage and pharmacy
https://raw.githubusercontent.com/JustinSQiu/image-captioning-mturk/master/cvqa/Chinese_images/5865941064277471516_0.jpg,What unique texture is characteristic of durian's interior?,fibrous structure
https://raw.githubusercontent.com/JustinSQiu/image-captioning-mturk/master/cvqa/Chinese_images/5865941064277471516_0.jpg,What type of culinary experience is highlighted with durian in Southeast Asia?,family gatherings
https://raw.githubusercontent.com/JustinSQiu/image-captioning-mturk/master/cvqa/Chinese_images/5865941064277471516_0.jpg,What variety of durian is suggested due to its creamy texture?,Mon Thong
https://raw.githubusercontent.com/JustinSQiu/image-captioning-mturk/master/cvqa/Chinese_images/5865941064277477228_0.jpg,What does the red text above the yellow text say?,Pearl House
https://raw.githubusercontent.com/JustinSQiu/image-captioning-mturk/master/cvqa/Chinese_images/5865941064277477228_0.jpg,What type of culinary establishment is mentioned as integral to Chinese culture?,dim sum
https://raw.githubusercontent.com/JustinSQiu/image-captioning-mturk/master/cvqa/Chinese_images/5865941064277711225_0.jpg,What Asian dish features braised eggplant and is characterized by a variety of foods?,Chinese bento box
https://raw.githubusercontent.com/JustinSQiu/image-captioning-mturk/master/cvqa/Chinese_images/5865941064277711225_0.jpg,What playful element is included in the meal alongside the stainless steel spoon?,pink spoon-shaped pancake
https://raw.githubusercontent.com/JustinSQiu/image-captioning-mturk/master/cvqa/Chinese_images/5865941064277711225_0.jpg,What ingredient adds freshness to the dish underneath the fried egg?,slice of cucumber
https://raw.githubusercontent.com/JustinSQiu/image-captioning-mturk/master/cvqa/Chinese_images/5865941064277928417_0.jpg,What traditional Chinese dish is featured in the meal?,Chicken feet
https://raw.githubusercontent.com/JustinSQiu/image-captioning-mturk/master/cvqa/Chinese_images/5865941064277928417_0.jpg,Which culinary tradition does the meal represent?,Hong Kong-style dim sum
https://raw.githubusercontent.com/JustinSQiu/image-captioning-mturk/master/cvqa/Chinese_images/5865941064277928417_0.jpg,What type of tiles are used for the floor?,Hexagonal tiles
https://raw.githubusercontent.com/JustinSQiu/image-captioning-mturk/master/cvqa/Chinese_images/5865941064277959441_0.jpg,What season do orchids typically bloom?,autumn and winter
https://raw.githubusercontent.com/JustinSQiu/image-captioning-mturk/master/cvqa/Chinese_images/5865941064277959441_0.jpg,Which specific type of orchid resembles a butterfly?,butterfly orchid
https://raw.githubusercontent.com/JustinSQiu/image-captioning-mturk/master/cvqa/Chinese_images/5865941064277959441_0.jpg,What color is the object seen at the bottom of the image?,blue
https://raw.githubusercontent.com/JustinSQiu/image-captioning-mturk/master/cvqa/Chinese_images/5865941064278119961_0.jpg,What is the significance of the bilingual street sign?,Blending of cultures
https://raw.githubusercontent.com/JustinSQiu/image-captioning-mturk/master/cvqa/Chinese_images/5865941064278119961_0.jpg,What traditional cultural elements are featured in the alley?,Chinese Opera facial masks
https://raw.githubusercontent.com/JustinSQiu/image-captioning-mturk/master/cvqa/Chinese_images/5865941064278119961_0.jpg,Who is the historical figure depicted in the graffiti art?,Guan Yu
https://raw.githubusercontent.com/JustinSQiu/image-captioning-mturk/master/cvqa/Chinese_images/5865941064278121182_0.jpg,What classic cocktail is presented with garnishes including a slice of pineapple and a cherry?,Singapore Sling
https://raw.githubusercontent.com/JustinSQiu/image-captioning-mturk/master/cvqa/Chinese_images/5865941064278121182_0.jpg,What feature suggests the bar is quiet and less busy?,few patrons around
https://raw.githubusercontent.com/JustinSQiu/image-captioning-mturk/master/cvqa/Chinese_images/5865941064278165103_0.jpg,What type of rice is central to the meal?,fluffy white rice
https://raw.githubusercontent.com/JustinSQiu/image-captioning-mturk/master/cvqa/Chinese_images/5865941064278165103_0.jpg,What vegetable dish is known for its unique texture?,stir-fried black fungus
https://raw.githubusercontent.com/JustinSQiu/image-captioning-mturk/master/cvqa/Chinese_images/5865941064278165103_0.jpg,What traditional dish may be included with the meal?,Mu Shu pork
https://raw.githubusercontent.com/JustinSQiu/image-captioning-mturk/master/cvqa/Chinese_images/5865941064278602580_0.jpg,What distinctive feature is used to describe the architecture in Singapore?,Glass and steel structure
https://raw.githubusercontent.com/JustinSQiu/image-captioning-mturk/master/cvqa/Chinese_images/5865941064278602580_0.jpg,What type of plants are prominently featured in the indoor space?,Tropical plants
https://raw.githubusercontent.com/JustinSQiu/image-captioning-mturk/master/cvqa/Chinese_images/5865941064278602580_0.jpg,What is the purpose of the mist generated by the waterfall?,Refreshing atmosphere
https://raw.githubusercontent.com/JustinSQiu/image-captioning-mturk/master/cvqa/Chinese_images/5865941064278614200_0.jpg,What culinary influences are noted in the dish?,Japanese and Chinese
https://raw.githubusercontent.com/JustinSQiu/image-captioning-mturk/master/cvqa/Chinese_images/5865941064278614200_0.jpg,What type of fish roe accompanies the pork chop?,orange fish roe
https://raw.githubusercontent.com/JustinSQiu/image-captioning-mturk/master/cvqa/Chinese_images/5865941064278614200_0.jpg,What enhances the flavor of the fried rice?,incorporation of egg
https://raw.githubusercontent.com/JustinSQiu/image-captioning-mturk/master/cvqa/Chinese_images/5865941064279027764_0.jpg,What type of tree is characterized by extensive aerial roots?,banyan tree
https://raw.githubusercontent.com/JustinSQiu/image-captioning-mturk/master/cvqa/Chinese_images/5865941064279027764_0.jpg,What is the likely significance of the tag on the tree?,its specific name or type
https://raw.githubusercontent.com/JustinSQiu/image-captioning-mturk/master/cvqa/Chinese_images/5865941064279215599_0.jpg,What vibrant architectural style resembles structures found in Japan?,multicolored building
https://raw.githubusercontent.com/JustinSQiu/image-captioning-mturk/master/cvqa/Chinese_images/5865941064279215599_0.jpg,What does the painted roof signal about the building's height?,tall red-painted wall
https://raw.githubusercontent.com/JustinSQiu/image-captioning-mturk/master/cvqa/Chinese_images/5865941064279215599_0.jpg,What common television pattern is depicted on the building's walls?,colorful blocks
https://raw.githubusercontent.com/JustinSQiu/image-captioning-mturk/master/cvqa/Chinese_images/5865941064279325167_0.jpg,What staple carbohydrate is mentioned in the dish?,rice
https://raw.githubusercontent.com/JustinSQiu/image-captioning-mturk/master/cvqa/Chinese_images/5865941064279325167_0.jpg,What color is the spoon next to the food?,blue
https://raw.githubusercontent.com/JustinSQiu/image-captioning-mturk/master/cvqa/Chinese_images/5865941064279325167_0.jpg,What unusual topping is described on the dish?,a blob resembling mucus
https://raw.githubusercontent.com/JustinSQiu/image-captioning-mturk/master/cvqa/Hindi_images/5920593584272611294_0.jpg,What deity is depicted in the elaborate idol?,Lord Shiva
https://raw.githubusercontent.com/JustinSQiu/image-captioning-mturk/master/cvqa/Hindi_images/5920593584272611294_0.jpg,What is the significance of the trident in Lord Shiva's hand?,divine power to destroy evil
https://raw.githubusercontent.com/JustinSQiu/image-captioning-mturk/master/cvqa/Hindi_images/5920593584272611294_0.jpg,What animal is coiled around Lord Shiva's neck?,a snake
https://raw.githubusercontent.com/JustinSQiu/image-captioning-mturk/master/cvqa/Hindi_images/5920593584273001018_0.jpg,What species of cheetah is depicted in the image?,Indian cheetah
https://raw.githubusercontent.com/JustinSQiu/image-captioning-mturk/master/cvqa/Hindi_images/5920593584273001018_0.jpg,What is the current status of the cheetah's population in the wild?,small population
https://raw.githubusercontent.com/JustinSQiu/image-captioning-mturk/master/cvqa/Hindi_images/5920593584273001018_0.jpg,What efforts are being made to protect the cheetah?,government conservation efforts
https://raw.githubusercontent.com/JustinSQiu/image-captioning-mturk/master/cvqa/Hindi_images/5920593584274675889_0.jpg,What sacred symbol is prominently displayed above the temple's entrance?,Om
https://raw.githubusercontent.com/JustinSQiu/image-captioning-mturk/master/cvqa/Hindi_images/5920593584274675889_0.jpg,"What type of flowers adorn the temple, symbolizing auspiciousness?",marigold flowers
https://raw.githubusercontent.com/JustinSQiu/image-captioning-mturk/master/cvqa/Hindi_images/5920593584274675889_0.jpg,What color is the canopy that signifies prosperity?,gold
https://raw.githubusercontent.com/JustinSQiu/image-captioning-mturk/master/cvqa/Hindi_images/5920593584274675889_0.jpg,What is mounted atop the canopy representing the temple’s deity?,a flag
https://raw.githubusercontent.com/JustinSQiu/image-captioning-mturk/master/cvqa/Hindi_images/5920593584275105149_0.jpg,What does the lotus flower symbolize in Indian culture?,purity and resilience
https://raw.githubusercontent.com/JustinSQiu/image-captioning-mturk/master/cvqa/Hindi_images/5920593584275105149_0.jpg,What is the national flower of India?,lotus
https://raw.githubusercontent.com/JustinSQiu/image-captioning-mturk/master/cvqa/Hindi_images/5920593584275689011_0.jpg,Which language is represented by the red label?,Hindi
https://raw.githubusercontent.com/JustinSQiu/image-captioning-mturk/master/cvqa/Hindi_images/5920593584275689011_0.jpg,What language is inscribed on the blue label?,Urdu
https://raw.githubusercontent.com/JustinSQiu/image-captioning-mturk/master/cvqa/Hindi_images/5920593584275689011_0.jpg,What color is the label for the Gujarati language?,brown
https://raw.githubusercontent.com/JustinSQiu/image-captioning-mturk/master/cvqa/Hindi_images/5920593584278358540_0.jpg,Who is the leader depicted in the portrait?,Rajendra Prasad
https://raw.githubusercontent.com/JustinSQiu/image-captioning-mturk/master/cvqa/Hindi_images/5920593584278358540_0.jpg,What type of cap is worn by the leader?,topi
https://raw.githubusercontent.com/JustinSQiu/image-captioning-mturk/master/cvqa/Hindi_images/5920593584278358540_0.jpg,What unique feature does the leader's moustache have?,bi-colored
https://raw.githubusercontent.com/JustinSQiu/image-captioning-mturk/master/cvqa/Hindi_images/5920593584278486651_0.jpg,What unique property does the monument's metal alloy have?,never rusting
https://raw.githubusercontent.com/JustinSQiu/image-captioning-mturk/master/cvqa/Hindi_images/5920593584278486651_0.jpg,What type of tree is grand and expansive behind the monument?,a large tree
https://raw.githubusercontent.com/JustinSQiu/image-captioning-mturk/master/cvqa/Hindi_images/5920593584278486651_0.jpg,What enhances the aesthetic appeal of the monument?,a beautifully landscaped garden
https://raw.githubusercontent.com/JustinSQiu/image-captioning-mturk/master/cvqa/Hindi_images/5920593584278840461_0.jpg,What is the name of the street food represented on the plate?,bhel puri
https://raw.githubusercontent.com/JustinSQiu/image-captioning-mturk/master/cvqa/Hindi_images/5920593584278840461_0.jpg,What yellow topping adds a crispy texture to the bhel puri?,sev
https://raw.githubusercontent.com/JustinSQiu/image-captioning-mturk/master/cvqa/Hindi_images/5920593584278840461_0.jpg,What is the characteristic color of the curry that accompanies the bhel puri?,orange and red hues
https://raw.githubusercontent.com/JustinSQiu/image-captioning-mturk/master/cvqa/Hindi_images/5920593594271082002_0.jpg,What Indian brand is featured prominently in the supermarket?,Palai Ji
https://raw.githubusercontent.com/JustinSQiu/image-captioning-mturk/master/cvqa/Hindi_images/5920593594271082002_0.jpg,What type of biscuit package is described as a jumbo packet?,Palai Ji biscuits
https://raw.githubusercontent.com/JustinSQiu/image-captioning-mturk/master/cvqa/Hindi_images/5920593594271082002_0.jpg,What snack is typically enjoyed with tea in India?,Parle-G biscuits
https://raw.githubusercontent.com/JustinSQiu/image-captioning-mturk/master/cvqa/Hindi_images/5920593594271459840_0.jpg,What is the medicinal role of neem leaves in Indian culture?,traditional medicine
https://raw.githubusercontent.com/JustinSQiu/image-captioning-mturk/master/cvqa/Hindi_images/5920593594271459840_0.jpg,What natural remedy are neem leaves given to children for?,intestinal worms
https://raw.githubusercontent.com/JustinSQiu/image-captioning-mturk/master/cvqa/Hindi_images/5920593594271459840_0.jpg,What do the twigs of the neem tree serve as?,natural toothbrushes
https://raw.githubusercontent.com/JustinSQiu/image-captioning-mturk/master/cvqa/Hindi_images/5920593594271693202_0.jpg,What Indian sweet is depicted in the image?,jalebi
https://raw.githubusercontent.com/JustinSQiu/image-captioning-mturk/master/cvqa/Hindi_images/5920593594271693202_0.jpg,How is jalebi prepared before being soaked in syrup?,deep-fried in hot oil
https://raw.githubusercontent.com/JustinSQiu/image-captioning-mturk/master/cvqa/Hindi_images/5920593594271693202_0.jpg,What texture characteristic does jalebi have?,crispy exterior
https://raw.githubusercontent.com/JustinSQiu/image-captioning-mturk/master/cvqa/Hindi_images/5920593594271963022_0.jpg,What environmentally friendly plate are the samosas served on?,pattal
https://raw.githubusercontent.com/JustinSQiu/image-captioning-mturk/master/cvqa/Hindi_images/5920593594271963022_0.jpg,What is the key ingredient in the samosa filling?,potatoes
https://raw.githubusercontent.com/JustinSQiu/image-captioning-mturk/master/cvqa/Hindi_images/5920593594271963022_0.jpg,What type of chutney accompanies the samosas?,green chutney
https://raw.githubusercontent.com/JustinSQiu/image-captioning-mturk/master/cvqa/Hindi_images/5920593594272521334_0.jpg,What is the burning of Ravana a key feature of?,Dussehra festival
https://raw.githubusercontent.com/JustinSQiu/image-captioning-mturk/master/cvqa/Hindi_images/5920593594272521334_0.jpg,Who is Ravana's son that is set ablaze first?,Meghnath
https://raw.githubusercontent.com/JustinSQiu/image-captioning-mturk/master/cvqa/Hindi_images/5920593594272521334_0.jpg,What does the burning of Ravana symbolize?,triumph of good over evil
https://raw.githubusercontent.com/JustinSQiu/image-captioning-mturk/master/cvqa/Hindi_images/5920593594273079676_0.jpg,What festival is symbolized by colored powders in India?,Holi
https://raw.githubusercontent.com/JustinSQiu/image-captioning-mturk/master/cvqa/Hindi_images/5920593594273079676_0.jpg,What type of palace serves as the backdrop for the Holi celebration?,a white palace
https://raw.githubusercontent.com/JustinSQiu/image-captioning-mturk/master/cvqa/Hindi_images/5920593594273079676_0.jpg,What joyful activity does the young man engage in during Holi?,throwing vibrant colors
https://raw.githubusercontent.com/JustinSQiu/image-captioning-mturk/master/cvqa/Hindi_images/5920593594273181073_0.jpg,What unique activity is a man attempting related to the bird?,hitting the bird
https://raw.githubusercontent.com/JustinSQiu/image-captioning-mturk/master/cvqa/Hindi_images/5920593594273181073_0.jpg,What type of ground are the boys playing badminton on?,muddy ground
https://raw.githubusercontent.com/JustinSQiu/image-captioning-mturk/master/cvqa/Hindi_images/5920593594273181073_0.jpg,What attire suggests the weather is mild?,jeans
https://raw.githubusercontent.com/JustinSQiu/image-captioning-mturk/master/cvqa/Hindi_images/5920593594273444788_0.jpg,What is the traditional Indian name for jamun fruit?,Jambul
https://raw.githubusercontent.com/JustinSQiu/image-captioning-mturk/master/cvqa/Hindi_images/5920593594273444788_0.jpg,What summer significance does jamun have in Indian culture?,It ripens in summer
https://raw.githubusercontent.com/JustinSQiu/image-captioning-mturk/master/cvqa/Hindi_images/5920593594273444788_0.jpg,What is known for its medicinal properties in jamun?,Jamun seed
https://raw.githubusercontent.com/JustinSQiu/image-captioning-mturk/master/cvqa/Hindi_images/5920593594274139379_0.jpg,"What tradition does this bull game resemble, common in South India?",Jallikattu
https://raw.githubusercontent.com/JustinSQiu/image-captioning-mturk/master/cvqa/Hindi_images/5920593594274139379_0.jpg,What color shirts do the winning team typically wear?,orange shirts
https://raw.githubusercontent.com/JustinSQiu/image-captioning-mturk/master/cvqa/Hindi_images/5920593594274139379_0.jpg,"What type of competition is shown, involving bulls and teams?",a bull-related sport
https://raw.githubusercontent.com/JustinSQiu/image-captioning-mturk/master/cvqa/Hindi_images/5920593594274335208_0.jpg,What is the name of the architectural marvel located in Jaipur?,Hawa Mahal
https://raw.githubusercontent.com/JustinSQiu/image-captioning-mturk/master/cvqa/Hindi_images/5920593594274335208_0.jpg,What city is also known as the Pink City?,Jaipur
https://raw.githubusercontent.com/JustinSQiu/image-captioning-mturk/master/cvqa/Hindi_images/5920593594274335208_0.jpg,What are the domed pavilions on the Hawa Mahal called?,chhatris
https://raw.githubusercontent.com/JustinSQiu/image-captioning-mturk/master/cvqa/Hindi_images/5920593594274346196_0.jpg,What is the Indian name for honey mentioned?,madhu
https://raw.githubusercontent.com/JustinSQiu/image-captioning-mturk/master/cvqa/Hindi_images/5920593594274346196_0.jpg,What brand of honey is depicted with a vegetarian mark?,Dabur
https://raw.githubusercontent.com/JustinSQiu/image-captioning-mturk/master/cvqa/Hindi_images/5920593594274346196_0.jpg,What color is the label's border that adds elegance?,golden
https://raw.githubusercontent.com/JustinSQiu/image-captioning-mturk/master/cvqa/Hindi_images/5920593594274536011_0.jpg,What traditional Indian instrument is depicted?,sitar
https://raw.githubusercontent.com/JustinSQiu/image-captioning-mturk/master/cvqa/Hindi_images/5920593594274536011_0.jpg,What is the color of the upper part of the sitar?,rich brown hue
https://raw.githubusercontent.com/JustinSQiu/image-captioning-mturk/master/cvqa/Hindi_images/5920593594274536011_0.jpg,What feature symbolizes energy and movement?,decorative stripes
https://raw.githubusercontent.com/JustinSQiu/image-captioning-mturk/master/cvqa/Hindi_images/5920593594275282992_0.jpg,What season is indicated by the lush greenery and muddy terrain?,rainy season
https://raw.githubusercontent.com/JustinSQiu/image-captioning-mturk/master/cvqa/Hindi_images/5920593594275282992_0.jpg,What distinctive feature does the mother cow have?,small horns
https://raw.githubusercontent.com/JustinSQiu/image-captioning-mturk/master/cvqa/Hindi_images/5920593594275282992_0.jpg,What color is the soil in the image?,reddish hue
https://raw.githubusercontent.com/JustinSQiu/image-captioning-mturk/master/cvqa/Hindi_images/5920593594275536032_0.jpg,Who is the celebrated Bollywood actor featured in the image?,Amitabh Bachchan
https://raw.githubusercontent.com/JustinSQiu/image-captioning-mturk/master/cvqa/Hindi_images/5920593594275536032_0.jpg,What unique design feature is on Amitabh's eyeglasses?,white dot and red dot
https://raw.githubusercontent.com/JustinSQiu/image-captioning-mturk/master/cvqa/Hindi_images/5920593594275536032_0.jpg,What color is Amitabh's hair described as?,golden
https://raw.githubusercontent.com/JustinSQiu/image-captioning-mturk/master/cvqa/Hindi_images/5920593594275858662_0.jpg,What ice cream brand is prominently displayed above the parlor?,Amul
https://raw.githubusercontent.com/JustinSQiu/image-captioning-mturk/master/cvqa/Hindi_images/5920593594275858662_0.jpg,What type of women are notably present at the fair?,Muslim women
https://raw.githubusercontent.com/JustinSQiu/image-captioning-mturk/master/cvqa/Hindi_images/5920593594275858662_0.jpg,What items are hanging from the tent's overhead area?,ice cream cones
https://raw.githubusercontent.com/JustinSQiu/image-captioning-mturk/master/cvqa/Hindi_images/5920593594276528659_0.jpg,What traditional attire is the man wearing?,kurta and turban
https://raw.githubusercontent.com/JustinSQiu/image-captioning-mturk/master/cvqa/Hindi_images/5920593594276528659_0.jpg,What color is the first woman's saree?,purple
https://raw.githubusercontent.com/JustinSQiu/image-captioning-mturk/master/cvqa/Hindi_images/5920593594276528659_0.jpg,What type of clothing is the third woman wearing?,a blue suit
https://raw.githubusercontent.com/JustinSQiu/image-captioning-mturk/master/cvqa/Hindi_images/5920593594276609378_0.jpg,Who is the former President referred to as the 'Missile Man of India'?,Dr. A.P.J. Abdul Kalam
https://raw.githubusercontent.com/JustinSQiu/image-captioning-mturk/master/cvqa/Hindi_images/5920593594276609378_0.jpg,"What color symbolizes sacrifice and purity in Hinduism, seen draped above the flag?",saffron
https://raw.githubusercontent.com/JustinSQiu/image-captioning-mturk/master/cvqa/Hindi_images/5920593594276700015_0.jpg,Who is the Taj Mahal built for?,Mumtaz Mahal
https://raw.githubusercontent.com/JustinSQiu/image-captioning-mturk/master/cvqa/Hindi_images/5920593594276700015_0.jpg,What material is the Taj Mahal primarily made of?,white marble
https://raw.githubusercontent.com/JustinSQiu/image-captioning-mturk/master/cvqa/Hindi_images/5920593594276700015_0.jpg,What architectural feature surrounds the main dome?,four grand minarets
https://raw.githubusercontent.com/JustinSQiu/image-captioning-mturk/master/cvqa/Hindi_images/5920593594276879927_0.jpg,What profession does the man in the image represent?,milkman
https://raw.githubusercontent.com/JustinSQiu/image-captioning-mturk/master/cvqa/Hindi_images/5920593594276879927_0.jpg,What region's cultural heritage is reflected in the milkman's attire?,Maharashtra
https://raw.githubusercontent.com/JustinSQiu/image-captioning-mturk/master/cvqa/Hindi_images/5920593594276879927_0.jpg,What type of containers is the milkman using for delivery?,silver milk containers
https://raw.githubusercontent.com/JustinSQiu/image-captioning-mturk/master/cvqa/Hindi_images/5920593594276958914_0.jpg,What is the classical dance form being performed?,Bharatanatyam
https://raw.githubusercontent.com/JustinSQiu/image-captioning-mturk/master/cvqa/Hindi_images/5920593594276958914_0.jpg,What type of flower garland is commonly used in their hair?,white flower garland
https://raw.githubusercontent.com/JustinSQiu/image-captioning-mturk/master/cvqa/Hindi_images/5920593594276958914_0.jpg,"What decorative piece is called a ""tangdi""?",waist accessory
https://raw.githubusercontent.com/JustinSQiu/image-captioning-mturk/master/cvqa/Hindi_images/5920593594277770171_0.jpg,What is the color scheme of the traditional taxis?,black and yellow
https://raw.githubusercontent.com/JustinSQiu/image-captioning-mturk/master/cvqa/Hindi_images/5920593594277770171_0.jpg,What function do the rooftop racks serve?,carrying luggage
https://raw.githubusercontent.com/JustinSQiu/image-captioning-mturk/master/cvqa/Hindi_images/5920593594277770171_0.jpg,What type of environment is this taxi stand located in?,a tourist destination
https://raw.githubusercontent.com/JustinSQiu/image-captioning-mturk/master/cvqa/Hindi_images/5920593594277937361_0.jpg,What is the significance of Jio in India?,telecommunications expansion
https://raw.githubusercontent.com/JustinSQiu/image-captioning-mturk/master/cvqa/Hindi_images/5920593594277937361_0.jpg,What does the phrase 'Digital Life' reflect?,connectivity and modern lifestyle
https://raw.githubusercontent.com/JustinSQiu/image-captioning-mturk/master/cvqa/Hindi_images/5920593594278033257_0.jpg,What flower does the Lotus Temple resemble?,lotus flower
https://raw.githubusercontent.com/JustinSQiu/image-captioning-mturk/master/cvqa/Hindi_images/5920593594278033257_0.jpg,What cultural significance does the Lotus Temple represent?,purity and peace
https://raw.githubusercontent.com/JustinSQiu/image-captioning-mturk/master/cvqa/Hindi_images/5920593594278033257_0.jpg,What illuminated architectural feature is mentioned in the description?,bright lights guiding the way
https://raw.githubusercontent.com/JustinSQiu/image-captioning-mturk/master/cvqa/Hindi_images/5920593594278226910_0.jpg,What is the significance of October 2nd in India?,Gandhi Jayanti
https://raw.githubusercontent.com/JustinSQiu/image-captioning-mturk/master/cvqa/Hindi_images/5920593594278226910_0.jpg,What traditional garment is Gandhi wearing?,dhoti
https://raw.githubusercontent.com/JustinSQiu/image-captioning-mturk/master/cvqa/Hindi_images/5920593594278226910_0.jpg,What is Gandhi's stance indicating?,openness and humility
https://raw.githubusercontent.com/JustinSQiu/image-captioning-mturk/master/cvqa/Hindi_images/5920593594278226910_0.jpg,What does the garland around Gandhi's neck represent?,honor and respect
https://raw.githubusercontent.com/JustinSQiu/image-captioning-mturk/master/cvqa/Hindi_images/5920593594278297776_0.jpg,What traditional Indian sport is performed on the vertical pole?,Mallakhamb
https://raw.githubusercontent.com/JustinSQiu/image-captioning-mturk/master/cvqa/Hindi_images/5920593594278297776_0.jpg,What traditional attire are the boys wearing during the performance?,'nicker' outfits
https://raw.githubusercontent.com/JustinSQiu/image-captioning-mturk/master/cvqa/Hindi_images/5920593594278377501_0.jpg,What traditional garment is the first woman wearing?,Bengali saree
https://raw.githubusercontent.com/JustinSQiu/image-captioning-mturk/master/cvqa/Hindi_images/5920593594278377501_0.jpg,What yoga posture are the participants assuming?,Padmasana
https://raw.githubusercontent.com/JustinSQiu/image-captioning-mturk/master/cvqa/Hindi_images/5920593594278882211_0.jpg,What traditional garment is the lady wearing?,a multi-colored sari
https://raw.githubusercontent.com/JustinSQiu/image-captioning-mturk/master/cvqa/Hindi_images/5920593594278882211_0.jpg,What specific breathing practice is the girl engaged in?,yoga pranayama
https://raw.githubusercontent.com/JustinSQiu/image-captioning-mturk/master/cvqa/Hindi_images/5920593594278882211_0.jpg,What does the adult man's rings suggest?,cultural significance
https://raw.githubusercontent.com/JustinSQiu/image-captioning-mturk/master/cvqa/Hindi_images/5920593594279022343_0.jpg,What traditional Indian outfit is Kailash Satyarthi wearing underneath his jacket?,kurta-pajama
https://raw.githubusercontent.com/JustinSQiu/image-captioning-mturk/master/cvqa/Hindi_images/5920593594279022343_0.jpg,What pattern does Satyarthi's kurta feature?,"red, yellow, blue, and white stripes"
https://raw.githubusercontent.com/JustinSQiu/image-captioning-mturk/master/cvqa/Hindi_images/5920593594279022343_0.jpg,What does Satyarthi's white beard symbolize?,wisdom and experience
https://raw.githubusercontent.com/JustinSQiu/image-captioning-mturk/master/cvqa/Hindi_images/5920593594279170230_0.jpg,What is the name of the South Indian dish shown?,dosa
https://raw.githubusercontent.com/JustinSQiu/image-captioning-mturk/master/cvqa/Hindi_images/5920593594279170230_0.jpg,What are the brothy accompaniments served with dosa?,rasam and sambar
https://raw.githubusercontent.com/JustinSQiu/image-captioning-mturk/master/cvqa/Hindi_images/5920593594279170230_0.jpg,What type of chutney is included that may have fenugreek seeds?,coconut chutney
https://raw.githubusercontent.com/JustinSQiu/image-captioning-mturk/master/cvqa/Hindi_images/5920593594279235681_0.jpg,What life event is henna associated with?,weddings
https://raw.githubusercontent.com/JustinSQiu/image-captioning-mturk/master/cvqa/Hindi_images/5920593594279235681_0.jpg,What color is the henna traditionally desired for its vibrancy?,rich maroon
https://raw.githubusercontent.com/JustinSQiu/image-captioning-mturk/master/cvqa/Hindi_images/5920593594279235681_0.jpg,What does henna symbolize in festive occasions?,artistry and preparation
https://raw.githubusercontent.com/JustinSQiu/image-captioning-mturk/master/cvqa/Hindi_images/5920593604271036468_0.jpg,What type of snack is matri known for?,savory pastries
https://raw.githubusercontent.com/JustinSQiu/image-captioning-mturk/master/cvqa/Hindi_images/5920593604271036468_0.jpg,What flavor is characteristic of matri?,distinctly salty
https://raw.githubusercontent.com/JustinSQiu/image-captioning-mturk/master/cvqa/Hindi_images/5920593604271036468_0.jpg,What unique ingredient is included in matri?,pea seeds
https://raw.githubusercontent.com/JustinSQiu/image-captioning-mturk/master/cvqa/Hindi_images/5920593604271284656_0.jpg,What are the five spices represented in the container?,"red chili powder, mustard seeds, cumin seeds, turmeric, ground coriander"
https://raw.githubusercontent.com/JustinSQiu/image-captioning-mturk/master/cvqa/Hindi_images/5920593604271284656_0.jpg,What is the significance of turmeric in Indian cuisine?,culinary and medicinal properties
https://raw.githubusercontent.com/JustinSQiu/image-captioning-mturk/master/cvqa/Hindi_images/5920593604271284656_0.jpg,What type of container is commonly found in Indian households for spices?,traditional spice pots
https://raw.githubusercontent.com/JustinSQiu/image-captioning-mturk/master/cvqa/Hindi_images/5920593604271959084_0.jpg,"What bird is depicted above the trees, symbolizing Indian culture?",peacock
https://raw.githubusercontent.com/JustinSQiu/image-captioning-mturk/master/cvqa/Hindi_images/5920593604271959084_0.jpg,What traditional mode of transport is shown in the artwork?,bullock cart
https://raw.githubusercontent.com/JustinSQiu/image-captioning-mturk/master/cvqa/Hindi_images/5920593604272478631_0.jpg,What spiritual significance does the banyan tree hold?,sacred site
https://raw.githubusercontent.com/JustinSQiu/image-captioning-mturk/master/cvqa/Hindi_images/5920593604272478631_0.jpg,What colors are present on the platform around the banyan tree?,white and red
https://raw.githubusercontent.com/JustinSQiu/image-captioning-mturk/master/cvqa/Hindi_images/5920593604272478631_0.jpg,What does tying threads around the tree symbolize?,making wishes or seeking blessings
https://raw.githubusercontent.com/JustinSQiu/image-captioning-mturk/master/cvqa/Hindi_images/5920593604272846644_0.jpg,What important symbol does the temple's design resemble?,lotus flower
https://raw.githubusercontent.com/JustinSQiu/image-captioning-mturk/master/cvqa/Hindi_images/5920593604272846644_0.jpg,What detail marks the sacred entryway of the temple?,red strip along the door frame
https://raw.githubusercontent.com/JustinSQiu/image-captioning-mturk/master/cvqa/Hindi_images/5920593604272846644_0.jpg,What does the glass enclosure around the temple mirror?,lotus flower shape
https://raw.githubusercontent.com/JustinSQiu/image-captioning-mturk/master/cvqa/Hindi_images/5920593604272957118_0.jpg,What region in India is known for its Portuguese colonial architecture and churches?,Goa
https://raw.githubusercontent.com/JustinSQiu/image-captioning-mturk/master/cvqa/Hindi_images/5920593604272957118_0.jpg,What does the candle symbolize in the church?,faith and prayers
https://raw.githubusercontent.com/JustinSQiu/image-captioning-mturk/master/cvqa/Hindi_images/5920593604273753982_0.jpg,What feature indicates that this area is a tourist destination?,visible tourism
https://raw.githubusercontent.com/JustinSQiu/image-captioning-mturk/master/cvqa/Hindi_images/5920593604273753982_0.jpg,What natural feature is lined with trees along the shore?,an extensive river
https://raw.githubusercontent.com/JustinSQiu/image-captioning-mturk/master/cvqa/Hindi_images/5920593604274321076_0.jpg,What cultural significance do bangles hold for Indian women?,Integral aspect of adornment
https://raw.githubusercontent.com/JustinSQiu/image-captioning-mturk/master/cvqa/Hindi_images/5920593604274321076_0.jpg,What color is favored during the haldi ceremony?,light pink
https://raw.githubusercontent.com/JustinSQiu/image-captioning-mturk/master/cvqa/Hindi_images/5920593604274380071_0.jpg,Who is depicted on the 100 rupee note?,Mahatma Gandhi
https://raw.githubusercontent.com/JustinSQiu/image-captioning-mturk/master/cvqa/Hindi_images/5920593604274380071_0.jpg,What does 'Bapu' mean in Hindi?,father
https://raw.githubusercontent.com/JustinSQiu/image-captioning-mturk/master/cvqa/Hindi_images/5920593604274380071_0.jpg,What symbol representing strength is on the note?,four lions
https://raw.githubusercontent.com/JustinSQiu/image-captioning-mturk/master/cvqa/Hindi_images/5920593604274952520_0.jpg,What are the traditional Indian sweets displayed in the scene?,besan ladoos
https://raw.githubusercontent.com/JustinSQiu/image-captioning-mturk/master/cvqa/Hindi_images/5920593604274952520_0.jpg,What main ingredient is used to make ladoos?,gram flour
https://raw.githubusercontent.com/JustinSQiu/image-captioning-mturk/master/cvqa/Hindi_images/5920593604274962413_0.jpg,What festival is depicted in this scene?,Durga Puja
https://raw.githubusercontent.com/JustinSQiu/image-captioning-mturk/master/cvqa/Hindi_images/5920593604274962413_0.jpg,What ritual is the priest performing?,aarti
https://raw.githubusercontent.com/JustinSQiu/image-captioning-mturk/master/cvqa/Hindi_images/5920593604274962413_0.jpg,What does Goddess Durga sit atop of?,a demon
https://raw.githubusercontent.com/JustinSQiu/image-captioning-mturk/master/cvqa/Hindi_images/5920593604275047800_0.jpg,What traditional lentil dish is the main focus?,mung dal
https://raw.githubusercontent.com/JustinSQiu/image-captioning-mturk/master/cvqa/Hindi_images/5920593604275047800_0.jpg,What type of khichdi is included in the meal?,pearl millet khichdi
https://raw.githubusercontent.com/JustinSQiu/image-captioning-mturk/master/cvqa/Hindi_images/5920593604275047800_0.jpg,Which ingredient adds a flavorful crunch to the khichdi?,peanuts
https://raw.githubusercontent.com/JustinSQiu/image-captioning-mturk/master/cvqa/Hindi_images/5920593604275231951_0.jpg,What is the central theme written on the prominent banner?,Holi
https://raw.githubusercontent.com/JustinSQiu/image-captioning-mturk/master/cvqa/Hindi_images/5920593604275231951_0.jpg,How many individuals are positioned on the stage engaging in the festivities?,sixteen individuals
https://raw.githubusercontent.com/JustinSQiu/image-captioning-mturk/master/cvqa/Hindi_images/5920593604275231951_0.jpg,What do the two individuals in blue shirts likely represent?,event organization team
https://raw.githubusercontent.com/JustinSQiu/image-captioning-mturk/master/cvqa/Hindi_images/5920593604275796230_0.jpg,What is the sacred body of water surrounding the Golden Temple called?,Amrit Sarovar
https://raw.githubusercontent.com/JustinSQiu/image-captioning-mturk/master/cvqa/Hindi_images/5920593604275796230_0.jpg,What is the architectural style of the Golden Temple with three visible floors?,distinct architectural style
https://raw.githubusercontent.com/JustinSQiu/image-captioning-mturk/master/cvqa/Hindi_images/5920593604275796230_0.jpg,What does the red flag atop the temple symbolize?,the Sikh faith
https://raw.githubusercontent.com/JustinSQiu/image-captioning-mturk/master/cvqa/Hindi_images/5920593604276700638_0.jpg,What traditional Indian garment is featured in the shop?,saree
https://raw.githubusercontent.com/JustinSQiu/image-captioning-mturk/master/cvqa/Hindi_images/5920593604276700638_0.jpg,In which regions of India are the sarees likely made?,South India and Maharashtra
https://raw.githubusercontent.com/JustinSQiu/image-captioning-mturk/master/cvqa/Hindi_images/5920593604276700638_0.jpg,How many sarees are visible in the shop's display?,fourteen
https://raw.githubusercontent.com/JustinSQiu/image-captioning-mturk/master/cvqa/Hindi_images/5920593604276878378_0.jpg,What color is the paint on the bull's horns?,vibrant orange
https://raw.githubusercontent.com/JustinSQiu/image-captioning-mturk/master/cvqa/Hindi_images/5920593604276878378_0.jpg,What is the name of the shop with a yellow signboard?,M's Corner
https://raw.githubusercontent.com/JustinSQiu/image-captioning-mturk/master/cvqa/Hindi_images/5920593604276878378_0.jpg,What milk brand is promoted outside the shop?,Mayur Milk
https://raw.githubusercontent.com/JustinSQiu/image-captioning-mturk/master/cvqa/Hindi_images/5920593604276975451_0.jpg,What tangy fruit is included in the dish?,raw mango
https://raw.githubusercontent.com/JustinSQiu/image-captioning-mturk/master/cvqa/Hindi_images/5920593604276975451_0.jpg,What unique floor pattern is present beneath the dish?,marble pattern
https://raw.githubusercontent.com/JustinSQiu/image-captioning-mturk/master/cvqa/Hindi_images/5920593604277134857_0.jpg,What type of animal sculpture is prominently displayed on the building to the left?,a bull
https://raw.githubusercontent.com/JustinSQiu/image-captioning-mturk/master/cvqa/Hindi_images/5920593604277134857_0.jpg,What iconic temple does this structure resemble?,Tirupati Temple
https://raw.githubusercontent.com/JustinSQiu/image-captioning-mturk/master/cvqa/Hindi_images/5920593604277134857_0.jpg,What colors are used on the first notice board?,red and blue
https://raw.githubusercontent.com/JustinSQiu/image-captioning-mturk/master/cvqa/Hindi_images/5920593604277624480_0.jpg,What traditional attire is the person wearing?,kurta and churidar pajama
https://raw.githubusercontent.com/JustinSQiu/image-captioning-mturk/master/cvqa/Hindi_images/5920593604277624480_0.jpg,What festive elements are suspended in the air?,garlands of flowers
https://raw.githubusercontent.com/JustinSQiu/image-captioning-mturk/master/cvqa/Hindi_images/5920593604277624480_0.jpg,What cultural significance do the baskets hold?,ceremonial significance
https://raw.githubusercontent.com/JustinSQiu/image-captioning-mturk/master/cvqa/Hindi_images/5920593604277934673_0.jpg,What word is prominently featured on the glass indicating freshness?,"""Fresh"""
https://raw.githubusercontent.com/JustinSQiu/image-captioning-mturk/master/cvqa/Hindi_images/5920593604277934673_0.jpg,Which tropical fruits are used in the drink offerings?,pineapple and papaya
https://raw.githubusercontent.com/JustinSQiu/image-captioning-mturk/master/cvqa/Hindi_images/5920593604277934673_0.jpg,What color is the counter where drinks are served?,green
https://raw.githubusercontent.com/JustinSQiu/image-captioning-mturk/master/cvqa/Hindi_images/5920593604278275386_0.jpg,What species is specifically protected in Kaziranga National Park?,Indian rhinoceros
https://raw.githubusercontent.com/JustinSQiu/image-captioning-mturk/master/cvqa/Hindi_images/5920593604278275386_0.jpg,What does the rhinoceros rely on for its habitat?,water bodies
https://raw.githubusercontent.com/JustinSQiu/image-captioning-mturk/master/cvqa/Hindi_images/5920593604278275386_0.jpg,What conservation concern is associated with the rhinoceros's horns?,traditional medicine
https://raw.githubusercontent.com/JustinSQiu/image-captioning-mturk/master/cvqa/Hindi_images/5920593604278398121_0.jpg,What memorial is located near the statue?,Vivekananda Memorial
https://raw.githubusercontent.com/JustinSQiu/image-captioning-mturk/master/cvqa/Hindi_images/5920593604278398121_0.jpg,Who is the statue dedicated to?,Swami Vivekananda
https://raw.githubusercontent.com/JustinSQiu/image-captioning-mturk/master/cvqa/Hindi_images/5920593604278398121_0.jpg,What type of birds are observed at the base of the statue?,elegant white cranes
https://raw.githubusercontent.com/JustinSQiu/image-captioning-mturk/master/cvqa/Hindi_images/5920593604279458646_0.jpg,What type of arrangement is this food served in?,a thali
https://raw.githubusercontent.com/JustinSQiu/image-captioning-mturk/master/cvqa/Hindi_images/5920593604279458646_0.jpg,What is the pink-colored liquid on the plate?,raita
https://raw.githubusercontent.com/JustinSQiu/image-captioning-mturk/master/cvqa/Hindi_images/5920593604279458646_0.jpg,What type of bread is included that is typical in North Indian cuisine?,flatbread
https://raw.githubusercontent.com/JustinSQiu/image-captioning-mturk/master/cvqa/Hindi_images/5920593604279485439_0.jpg,What ceremonial worship moment is captured in the image?,aarti
https://raw.githubusercontent.com/JustinSQiu/image-captioning-mturk/master/cvqa/Hindi_images/5920593604279485439_0.jpg,What traditional decorations represent devotion at the temple?,flower garlands
https://raw.githubusercontent.com/JustinSQiu/image-captioning-mturk/master/cvqa/Hindi_images/5920593604279485439_0.jpg,What is the crowd participating in when seeking a direct vision of the divine?,darshan
https://raw.githubusercontent.com/JustinSQiu/image-captioning-mturk/master/cvqa/Hindi_images/5920593604279680247_0.jpg,What is the color of the statue representing a goddess?,golden
https://raw.githubusercontent.com/JustinSQiu/image-captioning-mturk/master/cvqa/Hindi_images/5920593604279680247_0.jpg,What is the shape of the statue's supporting pillar?,wide and blue
https://raw.githubusercontent.com/JustinSQiu/image-captioning-mturk/master/cvqa/Hindi_images/5920593604279680247_0.jpg,What specific feature is at the top of the minaret?,a wire
https://raw.githubusercontent.com/JustinSQiu/image-captioning-mturk/master/cvqa/Hindi_images/5920593604279863983_0.jpg,What sweet dumplings are featured on the thali?,modaks
https://raw.githubusercontent.com/JustinSQiu/image-captioning-mturk/master/cvqa/Hindi_images/5920593604279863983_0.jpg,What does the diya symbolize in Hindu rituals?,light and knowledge
https://raw.githubusercontent.com/JustinSQiu/image-captioning-mturk/master/cvqa/Hindi_images/5920593604279863983_0.jpg,What is draped on the wall behind the thali?,a pearl garland
https://raw.githubusercontent.com/JustinSQiu/image-captioning-mturk/master/cvqa/Hindi_images/6001307545419873585_0.jpg,What is the traditional Indian game described?,Chaupar
https://raw.githubusercontent.com/JustinSQiu/image-captioning-mturk/master/cvqa/Hindi_images/6001307545419873585_0.jpg,What colored tokens are specifically mentioned in the game?,"yellow, green, black, red"
https://raw.githubusercontent.com/JustinSQiu/image-captioning-mturk/master/cvqa/Hindi_images/6001307545419873585_0.jpg,What decorative elements are placed next to the game board?,about seven shells
https://raw.githubusercontent.com/JustinSQiu/image-captioning-mturk/master/cvqa/Hindi_images/6001309905417500685_0.jpg,What traditional game involves stacking stones and a ball?,Pittu
https://raw.githubusercontent.com/JustinSQiu/image-captioning-mturk/master/cvqa/Hindi_images/6001309905417500685_0.jpg,What distinctive feature is on top of the white building?,a water tank
https://raw.githubusercontent.com/JustinSQiu/image-captioning-mturk/master/cvqa/Hindi_images/6001309905417500685_0.jpg,What type of tree is mentioned in the scene?,a coconut tree
https://raw.githubusercontent.com/JustinSQiu/image-captioning-mturk/master/cvqa/Hindi_images/6001311185419847732_0.jpg,What Indian street food staple closely resembles golgappa?,kachori
https://raw.githubusercontent.com/JustinSQiu/image-captioning-mturk/master/cvqa/Hindi_images/6001311185419847732_0.jpg,What type of noodle is used as a topping?,bhujia
https://raw.githubusercontent.com/JustinSQiu/image-captioning-mturk/master/cvqa/Hindi_images/6001311185419847732_0.jpg,What ingredient adds a cooling effect to the dish?,yogurt
https://raw.githubusercontent.com/JustinSQiu/image-captioning-mturk/master/cvqa/Hindi_images/6001311185419847732_0.jpg,What common condiment is mentioned that adds tanginess?,chutney
https://raw.githubusercontent.com/JustinSQiu/image-captioning-mturk/master/cvqa/Hindi_images/6001326155418220760_0.jpg,What traditional garment are the participants wearing?,white lungis
https://raw.githubusercontent.com/JustinSQiu/image-captioning-mturk/master/cvqa/Hindi_images/6001326155418220760_0.jpg,What color umbrellas are held by participants in the boats?,yellow and red
https://raw.githubusercontent.com/JustinSQiu/image-captioning-mturk/master/cvqa/Hindi_images/6001326155418220760_0.jpg,How many men typically compete in each boat?,50 to 60 men
https://raw.githubusercontent.com/JustinSQiu/image-captioning-mturk/master/cvqa/Hindi_images/6001329595414180391_0.jpg,What traditional attire are the women wearing?,white sarees with red borders
https://raw.githubusercontent.com/JustinSQiu/image-captioning-mturk/master/cvqa/Hindi_images/6001329595414180391_0.jpg,What jewelry symbolizes marriage and prosperity in their culture?,mangalsutras
https://raw.githubusercontent.com/JustinSQiu/image-captioning-mturk/master/cvqa/Hindi_images/6001329595414180391_0.jpg,What is the significance of whitewashing the tree trunk?,part of cultural rituals
https://raw.githubusercontent.com/JustinSQiu/image-captioning-mturk/master/cvqa/Japanese_images/5919991134273951824_0.jpg,What is the traditional attire worn by practitioners?,keikogi and hakama
https://raw.githubusercontent.com/JustinSQiu/image-captioning-mturk/master/cvqa/Japanese_images/5919991134273951824_0.jpg,What martial arts are likely being practiced?,iaido or kenjutsu
https://raw.githubusercontent.com/JustinSQiu/image-captioning-mturk/master/cvqa/Japanese_images/5919991134273951824_0.jpg,What elements decorate the dojo's walls?,wooden plaques and awards
https://raw.githubusercontent.com/JustinSQiu/image-captioning-mturk/master/cvqa/Japanese_images/5919991134274775659_0.jpg,What characteristic design is the object reminiscent of?,classic flying saucer
https://raw.githubusercontent.com/JustinSQiu/image-captioning-mturk/master/cvqa/Japanese_images/5919991134274775659_0.jpg,What aspect of the photograph suggests its age?,graininess typical of older film
https://raw.githubusercontent.com/JustinSQiu/image-captioning-mturk/master/cvqa/Japanese_images/5919991134279239861_0.jpg,What does the sign on the building indicate about its purpose?,playing card manufacturing
https://raw.githubusercontent.com/JustinSQiu/image-captioning-mturk/master/cvqa/Japanese_images/5919991134279239861_0.jpg,What traditional architectural feature is present at the entrance?,sliding lattice door
https://raw.githubusercontent.com/JustinSQiu/image-captioning-mturk/master/cvqa/Japanese_images/5919991134279239861_0.jpg,Which company is hinted at in the historical context of the photograph?,Nintendo
https://raw.githubusercontent.com/JustinSQiu/image-captioning-mturk/master/cvqa/Japanese_images/5919991144272130082_0.jpg,What traditional Japanese tool is represented by the needle-like metal objects?,kenzan
https://raw.githubusercontent.com/JustinSQiu/image-captioning-mturk/master/cvqa/Japanese_images/5919991144272130082_0.jpg,What is the significance of the price tags in Japanese yen?,they indicate prices
https://raw.githubusercontent.com/JustinSQiu/image-captioning-mturk/master/cvqa/Japanese_images/5919991144272130082_0.jpg,What cultural practice does kenzan relate to?,Ikebana floral arrangements
https://raw.githubusercontent.com/JustinSQiu/image-captioning-mturk/master/cvqa/Japanese_images/5919991144273164266_0.jpg,What traditional Japanese holiday is associated with Ehou Maki?,a specific holiday
https://raw.githubusercontent.com/JustinSQiu/image-captioning-mturk/master/cvqa/Japanese_images/5919991144273164266_0.jpg,What type of plate features a blue striped pattern along its edge?,a small rectangular plate
https://raw.githubusercontent.com/JustinSQiu/image-captioning-mturk/master/cvqa/Japanese_images/5948825676366514339_0.jpg,What dog breed is known for its spirited personality and fox-like appearance?,Shiba Inu
https://raw.githubusercontent.com/JustinSQiu/image-captioning-mturk/master/cvqa/Japanese_images/5948825676366514339_0.jpg,Which region of Japan is reminiscent in the scene's atmosphere?,Okinawa
https://raw.githubusercontent.com/JustinSQiu/image-captioning-mturk/master/cvqa/Japanese_images/5948826606362219847_0.jpg,What is the unique hand gesture of the Buddha statue?,right hand extended forward
https://raw.githubusercontent.com/JustinSQiu/image-captioning-mturk/master/cvqa/Japanese_images/5948826606362219847_0.jpg,What decorates the altar in front of the Buddha?,incense sticks and flowers
https://raw.githubusercontent.com/JustinSQiu/image-captioning-mturk/master/cvqa/Japanese_images/5948826606362219847_0.jpg,What distinctive architectural feature is found on the ceiling?,lattice pattern
https://raw.githubusercontent.com/JustinSQiu/image-captioning-mturk/master/cvqa/Japanese_images/5948826606362923652_0.jpg,What type of traditional attire is highlighted in the image?,kimono
https://raw.githubusercontent.com/JustinSQiu/image-captioning-mturk/master/cvqa/Japanese_images/5948826606362923652_0.jpg,What color is the primary fabric of the kimono?,dark blue
https://raw.githubusercontent.com/JustinSQiu/image-captioning-mturk/master/cvqa/Japanese_images/5948826606362923652_0.jpg,What specific design technique is noted on the back of the kimono?,intricate swirling patterns
https://raw.githubusercontent.com/JustinSQiu/image-captioning-mturk/master/cvqa/Korean_images/5865743574271062023_0.jpg,What festival is highlighted with colorful powders in India?,Holi
https://raw.githubusercontent.com/JustinSQiu/image-captioning-mturk/master/cvqa/Korean_images/5865743574271062023_0.jpg,What unique feature does the Samsung Flip phone have?,a foldable design
https://raw.githubusercontent.com/JustinSQiu/image-captioning-mturk/master/cvqa/Korean_images/5865743574271361389_0.jpg,What season is indicated by the woman's clothing?,winter
https://raw.githubusercontent.com/JustinSQiu/image-captioning-mturk/master/cvqa/Korean_images/5865743574271361389_0.jpg,What language is on the beverage bottle?,Korean
https://raw.githubusercontent.com/JustinSQiu/image-captioning-mturk/master/cvqa/Korean_images/5865743574271361389_0.jpg,What indicates the beverage's potential cultural significance?,Korean writing
https://raw.githubusercontent.com/JustinSQiu/image-captioning-mturk/master/cvqa/Korean_images/5865743574271683339_0.jpg,What type of traditional Korean pillow is depicted?,bojagi pillow
https://raw.githubusercontent.com/JustinSQiu/image-captioning-mturk/master/cvqa/Korean_images/5865743574271683339_0.jpg,What traditional color palette is associated with these pillows?,obangsik colors
https://raw.githubusercontent.com/JustinSQiu/image-captioning-mturk/master/cvqa/Korean_images/5865743574272329748_0.jpg,What type of traditional instrument is prominently displayed in the photograph?,gayageum
https://raw.githubusercontent.com/JustinSQiu/image-captioning-mturk/master/cvqa/Korean_images/5865743574272329748_0.jpg,What decorative elements enhance the gayageum's beauty?,tassels and ornaments
https://raw.githubusercontent.com/JustinSQiu/image-captioning-mturk/master/cvqa/Korean_images/5865743574272329748_0.jpg,What patterns adorn the surface of the gayageum?,bamboo patterns
https://raw.githubusercontent.com/JustinSQiu/image-captioning-mturk/master/cvqa/Korean_images/5865743574272568880_0.jpg,What market is prominently displayed on the building?,Jagalchi Market
https://raw.githubusercontent.com/JustinSQiu/image-captioning-mturk/master/cvqa/Korean_images/5865743574272568880_0.jpg,What type of ferries dock at the terminal?,international passenger ferries
https://raw.githubusercontent.com/JustinSQiu/image-captioning-mturk/master/cvqa/Korean_images/5865743574272568880_0.jpg,What does the terminal's roof design evoke culturally?,waves and seagulls
https://raw.githubusercontent.com/JustinSQiu/image-captioning-mturk/master/cvqa/Korean_images/5865743574272793360_0.jpg,What is the name of the striking skyscraper in the image?,Lotte World Tower
https://raw.githubusercontent.com/JustinSQiu/image-captioning-mturk/master/cvqa/Korean_images/5865743574272793360_0.jpg,What colors are the autumn leaves at the edges of the image?,brown and red
https://raw.githubusercontent.com/JustinSQiu/image-captioning-mturk/master/cvqa/Korean_images/5865743574272793360_0.jpg,What kind of structure is near the amusement rides?,fairy-tale castle
https://raw.githubusercontent.com/JustinSQiu/image-captioning-mturk/master/cvqa/Korean_images/5865743574272883960_0.jpg,What season does the scene suggest?,spring
https://raw.githubusercontent.com/JustinSQiu/image-captioning-mturk/master/cvqa/Korean_images/5865743574272883960_0.jpg,What kind of animal is foraging in the scene?,wild boar
https://raw.githubusercontent.com/JustinSQiu/image-captioning-mturk/master/cvqa/Korean_images/5865743574272883960_0.jpg,What indicates that the animal may be a juvenile?,its small size
https://raw.githubusercontent.com/JustinSQiu/image-captioning-mturk/master/cvqa/Korean_images/5865743574273181338_0.jpg,What traditional Korean clothing do the performers wear?,hanbok
https://raw.githubusercontent.com/JustinSQiu/image-captioning-mturk/master/cvqa/Korean_images/5865743574273181338_0.jpg,What type of large drum is featured in the performance?,sepyongso-buk or yonggu
https://raw.githubusercontent.com/JustinSQiu/image-captioning-mturk/master/cvqa/Korean_images/5865743574273181338_0.jpg,What cultural symbols are on the large drum in the background?,Taeguk patterns
https://raw.githubusercontent.com/JustinSQiu/image-captioning-mturk/master/cvqa/Korean_images/5865743574273873253_0.jpg,What type of dessert is mango bingsu known for?,finely shaved ice
https://raw.githubusercontent.com/JustinSQiu/image-captioning-mturk/master/cvqa/Korean_images/5865743574273873253_0.jpg,What is drizzled on top of the mango bingsu?,mango syrup
https://raw.githubusercontent.com/JustinSQiu/image-captioning-mturk/master/cvqa/Korean_images/5865743574273873253_0.jpg,What nuts are used as a garnish on the dessert?,sliced almonds
https://raw.githubusercontent.com/JustinSQiu/image-captioning-mturk/master/cvqa/Korean_images/5865743574274692594_0.jpg,What is the local currency displayed on the kiosk?,South Korean won
https://raw.githubusercontent.com/JustinSQiu/image-captioning-mturk/master/cvqa/Korean_images/5865743574274692594_0.jpg,What seasonal fruit is featured in the beverage selection?,strawberries
https://raw.githubusercontent.com/JustinSQiu/image-captioning-mturk/master/cvqa/Korean_images/5865743574274692594_0.jpg,What rewards program is mentioned that is popular in South Korea?,Happy Points
https://raw.githubusercontent.com/JustinSQiu/image-captioning-mturk/master/cvqa/Korean_images/5865743574274919286_0.jpg,What is the name of the waterfall depicted?,Cheonjeyeon Waterfall
https://raw.githubusercontent.com/JustinSQiu/image-captioning-mturk/master/cvqa/Korean_images/5865743574274919286_0.jpg,What unique feature does Cheonjeyeon Waterfall have at night?,stunning nighttime illumination
https://raw.githubusercontent.com/JustinSQiu/image-captioning-mturk/master/cvqa/Korean_images/5865743574274919286_0.jpg,Where is Cheonjeyeon Waterfall located?,"Jeju Island, South Korea"
https://raw.githubusercontent.com/JustinSQiu/image-captioning-mturk/master/cvqa/Korean_images/5865743574275460631_0.jpg,What type of traditional bathhouse is depicted in the image?,Korean bathhouse
https://raw.githubusercontent.com/JustinSQiu/image-captioning-mturk/master/cvqa/Korean_images/5865743574275460631_0.jpg,What do the compartments in the room serve for?,storage of shoes
https://raw.githubusercontent.com/JustinSQiu/image-captioning-mturk/master/cvqa/Korean_images/5865743574275460631_0.jpg,What beverage is available for purchase in the refrigerated showcase?,cider
https://raw.githubusercontent.com/JustinSQiu/image-captioning-mturk/master/cvqa/Korean_images/5865743574275828431_0.jpg,What is the name of the coffee shop?,Baekdabang
https://raw.githubusercontent.com/JustinSQiu/image-captioning-mturk/master/cvqa/Korean_images/5865743574275828431_0.jpg,What signature snack is promoted?,Sweet Dog
https://raw.githubusercontent.com/JustinSQiu/image-captioning-mturk/master/cvqa/Korean_images/5865743574275828431_0.jpg,In which country is this cafe located?,South Korea
https://raw.githubusercontent.com/JustinSQiu/image-captioning-mturk/master/cvqa/Korean_images/5865743574275916300_0.jpg,What traditional offering is placed beneath the Buddha statue?,fruits and flowers
https://raw.githubusercontent.com/JustinSQiu/image-captioning-mturk/master/cvqa/Korean_images/5865743574275916300_0.jpg,What is the color of the cloth on the altar?,red cloth
https://raw.githubusercontent.com/JustinSQiu/image-captioning-mturk/master/cvqa/Korean_images/5865743574275916300_0.jpg,What cultural practice do individuals gathered around the Buddha engage in?,worship
https://raw.githubusercontent.com/JustinSQiu/image-captioning-mturk/master/cvqa/Korean_images/5865743574276100449_0.jpg,What is the cultural significance of the Hahoe mask?,Korean cultural heritage
https://raw.githubusercontent.com/JustinSQiu/image-captioning-mturk/master/cvqa/Korean_images/5865743574276100449_0.jpg,What traditional performances utilize the Hahoe mask?,mask dances
https://raw.githubusercontent.com/JustinSQiu/image-captioning-mturk/master/cvqa/Korean_images/5865743574276100449_0.jpg,Where is the mask suggested to be located?,by the Jeongju River
https://raw.githubusercontent.com/JustinSQiu/image-captioning-mturk/master/cvqa/Korean_images/5865743574276256813_0.jpg,What is the cultural significance of the jangdokdae?,Korean food storage culture
https://raw.githubusercontent.com/JustinSQiu/image-captioning-mturk/master/cvqa/Korean_images/5865743574276256813_0.jpg,What traditional Korean dish is commonly stored in jangdokdae?,kimchi
https://raw.githubusercontent.com/JustinSQiu/image-captioning-mturk/master/cvqa/Korean_images/5865743574276256813_0.jpg,What type of roof is characteristic of a hanok?,traditional tiled roof
https://raw.githubusercontent.com/JustinSQiu/image-captioning-mturk/master/cvqa/Korean_images/5865743574276565416_0.jpg,What unique feature of the salamander is displayed prominently in its environment?,"its shiny, brown skin"
https://raw.githubusercontent.com/JustinSQiu/image-captioning-mturk/master/cvqa/Korean_images/5865743574276565416_0.jpg,During which season are these salamanders commonly found in Korea?,spring breeding season
https://raw.githubusercontent.com/JustinSQiu/image-captioning-mturk/master/cvqa/Korean_images/5865743574276565416_0.jpg,What does the text at the bottom of the photo suggest about the image's purpose?,natural documentation purposes
https://raw.githubusercontent.com/JustinSQiu/image-captioning-mturk/master/cvqa/Korean_images/5865743574276740627_0.jpg,Which tree species is known for its vibrant yellow leaves in autumn?,ginkgo tree
https://raw.githubusercontent.com/JustinSQiu/image-captioning-mturk/master/cvqa/Korean_images/5865743574276740627_0.jpg,What color are the trunks of the maple trees in the native description?,black
https://raw.githubusercontent.com/JustinSQiu/image-captioning-mturk/master/cvqa/Korean_images/5865743574277031179_0.jpg,What distinct sign is featured at the top of the building?,red oval sign
https://raw.githubusercontent.com/JustinSQiu/image-captioning-mturk/master/cvqa/Korean_images/5865743574277031179_0.jpg,What architectural feature resembles an extended veranda?,protruding section
https://raw.githubusercontent.com/JustinSQiu/image-captioning-mturk/master/cvqa/Korean_images/5865743574277140706_0.jpg,What is the tallest mountain in South Korea featured in the image?,Hallasan
https://raw.githubusercontent.com/JustinSQiu/image-captioning-mturk/master/cvqa/Korean_images/5865743574277140706_0.jpg,What is the name of the crater lake at the center of Hallasan?,Baengnokdam
https://raw.githubusercontent.com/JustinSQiu/image-captioning-mturk/master/cvqa/Korean_images/5865743574277201429_0.jpg,What is the traditional Korean snack highlighted in the image?,hotteok
https://raw.githubusercontent.com/JustinSQiu/image-captioning-mturk/master/cvqa/Korean_images/5865743574277201429_0.jpg,During which season is hotteok particularly associated in Korea?,winter
https://raw.githubusercontent.com/JustinSQiu/image-captioning-mturk/master/cvqa/Korean_images/5865743574277201429_0.jpg,What is the filling of hotteok made of?,"sugar, cinnamon, and nuts"
https://raw.githubusercontent.com/JustinSQiu/image-captioning-mturk/master/cvqa/Korean_images/5865743574277362202_0.jpg,What company is the delivery truck associated with?,Coupang
https://raw.githubusercontent.com/JustinSQiu/image-captioning-mturk/master/cvqa/Korean_images/5865743574277362202_0.jpg,What phrase emphasizes Coupang's fast delivery service?,Rocket Delivery
https://raw.githubusercontent.com/JustinSQiu/image-captioning-mturk/master/cvqa/Korean_images/5865743574277362202_0.jpg,What color is the truck's license plate indicating business use?,yellow
https://raw.githubusercontent.com/JustinSQiu/image-captioning-mturk/master/cvqa/Korean_images/5865743574277776708_0.jpg,What are the small bowls of side dishes called in Korean cuisine?,banchan
https://raw.githubusercontent.com/JustinSQiu/image-captioning-mturk/master/cvqa/Korean_images/5865743574277776708_0.jpg,What is the bright red staple dish featured at the forefront?,radish kimchi
https://raw.githubusercontent.com/JustinSQiu/image-captioning-mturk/master/cvqa/Korean_images/5865743574277776708_0.jpg,"Which dish, known for its vibrant flavor, is a central part of the display?",napa cabbage kimchi
https://raw.githubusercontent.com/JustinSQiu/image-captioning-mturk/master/cvqa/Korean_images/5865743574278310846_0.jpg,What colors are the hibiscus flowers depicted in the image?,Pink and white
https://raw.githubusercontent.com/JustinSQiu/image-captioning-mturk/master/cvqa/Korean_images/5865743574278310846_0.jpg,What natural setting gives the photograph a sense of ruggedness?,mountainous scenery
https://raw.githubusercontent.com/JustinSQiu/image-captioning-mturk/master/cvqa/Korean_images/5865743574278310846_0.jpg,What hue contributes to the serene feel of the background?,striking blue
https://raw.githubusercontent.com/JustinSQiu/image-captioning-mturk/master/cvqa/Korean_images/5865743574279155104_0.jpg,What brand is featured prominently on the tray?,Osulloc
https://raw.githubusercontent.com/JustinSQiu/image-captioning-mturk/master/cvqa/Korean_images/5865743574279155104_0.jpg,What type of cake is showcased in the image?,matcha cake
https://raw.githubusercontent.com/JustinSQiu/image-captioning-mturk/master/cvqa/Korean_images/5865743574279155104_0.jpg,What traditional beverage is served in elegant cups?,matcha lattes
https://raw.githubusercontent.com/JustinSQiu/image-captioning-mturk/master/cvqa/Korean_images/5865743574279238671_0.jpg,What languages are used on the sign for international visitors?,"Korean, English, Japanese, Chinese"
https://raw.githubusercontent.com/JustinSQiu/image-captioning-mturk/master/cvqa/Korean_images/5865743574279238671_0.jpg,What modern structure is visible on the right side of the image?,a transparent glass entrance
https://raw.githubusercontent.com/JustinSQiu/image-captioning-mturk/master/cvqa/Korean_images/5865743574279849229_0.jpg,What type of videos are being shown on the ceiling monitor?,animated cartoons
https://raw.githubusercontent.com/JustinSQiu/image-captioning-mturk/master/cvqa/Korean_images/5865743574279849229_0.jpg,Which language is the text on the television in?,Korean
https://raw.githubusercontent.com/JustinSQiu/image-captioning-mturk/master/cvqa/Korean_images/5865743574279849229_0.jpg,What cultural element is evident in the subway's design?,modern transit systems
https://raw.githubusercontent.com/JustinSQiu/image-captioning-mturk/master/cvqa/Korean_images/5865743574279921963_0.jpg,What cultural significance does the E-Mart chain hold in South Korea?,a significant supermarket chain
https://raw.githubusercontent.com/JustinSQiu/image-captioning-mturk/master/cvqa/Korean_images/5865743574279921963_0.jpg,"What does the sign ""E-Mart 24"" indicate about the store's operating hours?",24 hours a day
https://raw.githubusercontent.com/JustinSQiu/image-captioning-mturk/master/cvqa/Korean_images/5865743584271268159_0.jpg,What traditional Korean sculptures are seen in the image?,Jangseung
https://raw.githubusercontent.com/JustinSQiu/image-captioning-mturk/master/cvqa/Korean_images/5865743584271268159_0.jpg,What inscriptions are carved on the Jangseung?,Chinese characters
https://raw.githubusercontent.com/JustinSQiu/image-captioning-mturk/master/cvqa/Korean_images/5865743584271268159_0.jpg,What purpose do Jangseung serve in Korean culture?,guardian deities
https://raw.githubusercontent.com/JustinSQiu/image-captioning-mturk/master/cvqa/Korean_images/5865743584271558826_0.jpg,What is the brand name featured in Hangul?,Chamisul
https://raw.githubusercontent.com/JustinSQiu/image-captioning-mturk/master/cvqa/Korean_images/5865743584271558826_0.jpg,What natural elements are illustrated on the packaging?,bamboo
https://raw.githubusercontent.com/JustinSQiu/image-captioning-mturk/master/cvqa/Korean_images/5865743584271558826_0.jpg,What company produces Chamisul soju?,Jinro
https://raw.githubusercontent.com/JustinSQiu/image-captioning-mturk/master/cvqa/Korean_images/5865743584271609196_0.jpg,What cultural practice does this image depict?,kimjang
https://raw.githubusercontent.com/JustinSQiu/image-captioning-mturk/master/cvqa/Korean_images/5865743584271609196_0.jpg,What specific attire indicates hygiene during preparation?,pink rubber gloves
https://raw.githubusercontent.com/JustinSQiu/image-captioning-mturk/master/cvqa/Korean_images/5865743584271609196_0.jpg,What type of cabbage is primarily used in the preparation?,napa cabbage
https://raw.githubusercontent.com/JustinSQiu/image-captioning-mturk/master/cvqa/Korean_images/5865743584271755211_0.jpg,What is the historical purpose of Cheomseongdae?,astronomical observations
https://raw.githubusercontent.com/JustinSQiu/image-captioning-mturk/master/cvqa/Korean_images/5865743584271755211_0.jpg,Which dynasty is associated with the construction of Cheomseongdae?,Silla Dynasty
https://raw.githubusercontent.com/JustinSQiu/image-captioning-mturk/master/cvqa/Korean_images/5865743584271755211_0.jpg,What does the design of the structure symbolize regarding Queen Seondeok?,27 layers for her reign
https://raw.githubusercontent.com/JustinSQiu/image-captioning-mturk/master/cvqa/Korean_images/5865743584271872926_0.jpg,What type of Korean pancake is most likely represented?,kimchi jeon
https://raw.githubusercontent.com/JustinSQiu/image-captioning-mturk/master/cvqa/Korean_images/5865743584271872926_0.jpg,What is the Korean word for pancake shown in the image?,전 (jeon)
https://raw.githubusercontent.com/JustinSQiu/image-captioning-mturk/master/cvqa/Korean_images/5865743584271872926_0.jpg,What ingredient indicates the pancake is savory and possibly spicy?,kimchi
https://raw.githubusercontent.com/JustinSQiu/image-captioning-mturk/master/cvqa/Korean_images/5865743584271943013_0.jpg,Who is the male celebrity in the photograph?,Yoo Jun-yeol
https://raw.githubusercontent.com/JustinSQiu/image-captioning-mturk/master/cvqa/Korean_images/5865743584271943013_0.jpg,What cultural aspect does this photo exemplify?,Korean dating culture
https://raw.githubusercontent.com/JustinSQiu/image-captioning-mturk/master/cvqa/Korean_images/5865743584271943013_0.jpg,What gesture suggests intimacy between Yoo Jun-yeol and Haeri?,resting her hand on his foot
https://raw.githubusercontent.com/JustinSQiu/image-captioning-mturk/master/cvqa/Korean_images/5865743584271981306_0.jpg,What type of alcohol is the central bottle?,soju
https://raw.githubusercontent.com/JustinSQiu/image-captioning-mturk/master/cvqa/Korean_images/5865743584271981306_0.jpg,What is the specific glass used for serving soju?,soju glass
https://raw.githubusercontent.com/JustinSQiu/image-captioning-mturk/master/cvqa/Korean_images/5865743584271981306_0.jpg,What cultural setting does the dining table suggest?,Korean restaurant
https://raw.githubusercontent.com/JustinSQiu/image-captioning-mturk/master/cvqa/Korean_images/5865743584272081790_0.jpg,What type of pot is used for serving the ramen?,earthenware pot
https://raw.githubusercontent.com/JustinSQiu/image-captioning-mturk/master/cvqa/Korean_images/5865743584272081790_0.jpg,What side dish enhances the Korean culinary experience?,kimchi
https://raw.githubusercontent.com/JustinSQiu/image-captioning-mturk/master/cvqa/Korean_images/5865743584272081790_0.jpg,What type of cheese is melting over the ramen?,yellow cheese
https://raw.githubusercontent.com/JustinSQiu/image-captioning-mturk/master/cvqa/Korean_images/5865743584272221251_0.jpg,What is the name of the traditional Korean game depicted in the image?,Yutnori
https://raw.githubusercontent.com/JustinSQiu/image-captioning-mturk/master/cvqa/Korean_images/5865743584272221251_0.jpg,What special occasions are typically celebrated with Yutnori?,Seollal and Chuseok
https://raw.githubusercontent.com/JustinSQiu/image-captioning-mturk/master/cvqa/Korean_images/5865743584272221251_0.jpg,What significant symbols are found on the Yut sticks?,unique gameplay symbols
https://raw.githubusercontent.com/JustinSQiu/image-captioning-mturk/master/cvqa/Korean_images/5865743584273578471_0.jpg,What season is suggested by the trees' appearance?,winter
https://raw.githubusercontent.com/JustinSQiu/image-captioning-mturk/master/cvqa/Korean_images/5865743584273578471_0.jpg,What colors are featured in the sculpture?,"red, blue, and green"
https://raw.githubusercontent.com/JustinSQiu/image-captioning-mturk/master/cvqa/Korean_images/5865743584273578471_0.jpg,What type of sculpture is at the center of the scene?,modern abstract sculpture
https://raw.githubusercontent.com/JustinSQiu/image-captioning-mturk/master/cvqa/Korean_images/5865743584273916719_0.jpg,What traditional Korean clothing is the seated individual wearing?,"durumagi, or hanbok"
https://raw.githubusercontent.com/JustinSQiu/image-captioning-mturk/master/cvqa/Korean_images/5865743584273916719_0.jpg,What instrument is the male performer holding?,janggu drum
https://raw.githubusercontent.com/JustinSQiu/image-captioning-mturk/master/cvqa/Korean_images/5865743584273916719_0.jpg,What role is the male performer taking in the performance?,gosu
https://raw.githubusercontent.com/JustinSQiu/image-captioning-mturk/master/cvqa/Korean_images/5865743584273985050_0.jpg,What is the term for the traditional Korean ritual table?,Jesa-sang
https://raw.githubusercontent.com/JustinSQiu/image-captioning-mturk/master/cvqa/Korean_images/5865743584273985050_0.jpg,What type of pancake is included in the offerings?,jeon
https://raw.githubusercontent.com/JustinSQiu/image-captioning-mturk/master/cvqa/Korean_images/5865743584273985050_0.jpg,What does the lit candles signify in this ritual?,welcoming ancestors' spirits
https://raw.githubusercontent.com/JustinSQiu/image-captioning-mturk/master/cvqa/Korean_images/5865743584274202064_0.jpg,What traditional event are the officials participating in?,ceremonial event
https://raw.githubusercontent.com/JustinSQiu/image-captioning-mturk/master/cvqa/Korean_images/5865743584274202064_0.jpg,What is the architectural feature of the main gate?,curved tiled roof
https://raw.githubusercontent.com/JustinSQiu/image-captioning-mturk/master/cvqa/Korean_images/5865743584274202064_0.jpg,What historical attire do the individuals resemble?,traditional military garments
https://raw.githubusercontent.com/JustinSQiu/image-captioning-mturk/master/cvqa/Korean_images/5865743584274202064_0.jpg,What significant decorations can be found on the gate?,Chinese characters
https://raw.githubusercontent.com/JustinSQiu/image-captioning-mturk/master/cvqa/Korean_images/5865743584274454370_0.jpg,What is the traditional Korean dish made from braised pig's trotters?,jokbal
https://raw.githubusercontent.com/JustinSQiu/image-captioning-mturk/master/cvqa/Korean_images/5865743584274454370_0.jpg,What are common accompaniments served with jokbal?,"shrimp sauce, garlic, ssamjang"
https://raw.githubusercontent.com/JustinSQiu/image-captioning-mturk/master/cvqa/Korean_images/5865743584275264977_0.jpg,"What type of tree is depicted, common in Korea?",pine tree
https://raw.githubusercontent.com/JustinSQiu/image-captioning-mturk/master/cvqa/Korean_images/5865743584275264977_0.jpg,What season is suggested by the clear sky and light?,spring
https://raw.githubusercontent.com/JustinSQiu/image-captioning-mturk/master/cvqa/Korean_images/5865743584275264977_0.jpg,What object adds mystery next to the tree?,yellow and black object
https://raw.githubusercontent.com/JustinSQiu/image-captioning-mturk/master/cvqa/Korean_images/5865743584275306627_0.jpg,What theme is the Etude House store designed around?,princess-themed aesthetic
https://raw.githubusercontent.com/JustinSQiu/image-captioning-mturk/master/cvqa/Korean_images/5865743584275306627_0.jpg,What colors predominantly decorate the store's exterior?,pink and white
https://raw.githubusercontent.com/JustinSQiu/image-captioning-mturk/master/cvqa/Korean_images/5865743584275306627_0.jpg,What does the multilingual signage indicate about Etude House's target audience?,international customer base
https://raw.githubusercontent.com/JustinSQiu/image-captioning-mturk/master/cvqa/Korean_images/5865743584275483473_0.jpg,What does the metallic sculpture resemble?,a human figure
https://raw.githubusercontent.com/JustinSQiu/image-captioning-mturk/master/cvqa/Korean_images/5865743584275483473_0.jpg,What seasonal colors enhance the scene?,reds and browns
https://raw.githubusercontent.com/JustinSQiu/image-captioning-mturk/master/cvqa/Korean_images/5865743584275483473_0.jpg,What type of bridge adds to the picturesque ambiance?,a stone bridge
https://raw.githubusercontent.com/JustinSQiu/image-captioning-mturk/master/cvqa/Korean_images/5865743584275614353_0.jpg,What cultural significance does the tiger hold in Korea?,Symbol of strength and bravery
https://raw.githubusercontent.com/JustinSQiu/image-captioning-mturk/master/cvqa/Korean_images/5865743584275614353_0.jpg,"In Korean art, what role does the tiger play?",Cultural icon and guardian
https://raw.githubusercontent.com/JustinSQiu/image-captioning-mturk/master/cvqa/Korean_images/5865743584275624278_0.jpg,What unique hue does the remarkable tree exhibit?,blue hue
https://raw.githubusercontent.com/JustinSQiu/image-captioning-mturk/master/cvqa/Korean_images/5865743584275624278_0.jpg,What geographical climate is suggested by the centrally towering plants?,subtropical or tropical
https://raw.githubusercontent.com/JustinSQiu/image-captioning-mturk/master/cvqa/Korean_images/5865743584276337732_0.jpg,What are mandu typically filled with?,meat and vegetables
https://raw.githubusercontent.com/JustinSQiu/image-captioning-mturk/master/cvqa/Korean_images/5865743584276337732_0.jpg,What is the main side dish served with mandu soup?,kimchi
https://raw.githubusercontent.com/JustinSQiu/image-captioning-mturk/master/cvqa/Korean_images/5865743584276337732_0.jpg,What type of powder is used to season kimchi?,gochugaru
https://raw.githubusercontent.com/JustinSQiu/image-captioning-mturk/master/cvqa/Korean_images/5865743584276817427_0.jpg,What traditional Korean dish is represented in the basin?,Mung bean jelly
https://raw.githubusercontent.com/JustinSQiu/image-captioning-mturk/master/cvqa/Korean_images/5865743584276817427_0.jpg,What currency is used in the transaction?,won
https://raw.githubusercontent.com/JustinSQiu/image-captioning-mturk/master/cvqa/Korean_images/5865743584276817427_0.jpg,What texture does the acorn jelly have?,elastic texture
https://raw.githubusercontent.com/JustinSQiu/image-captioning-mturk/master/cvqa/Korean_images/5865743584277086239_0.jpg,What traditional visual design principles does the Samsung logo reflect?,contemporary branding principles
https://raw.githubusercontent.com/JustinSQiu/image-captioning-mturk/master/cvqa/Korean_images/5865743584277086239_0.jpg,What country is Samsung Electronics associated with?,South Korea
https://raw.githubusercontent.com/JustinSQiu/image-captioning-mturk/master/cvqa/Korean_images/5865743584277086239_0.jpg,What year was Samsung founded?,1938
https://raw.githubusercontent.com/JustinSQiu/image-captioning-mturk/master/cvqa/Korean_images/5865743584277103161_0.jpg,What is the traditional Korean dish featuring boiled beef and vegetables?,Suyuk Jeongol
https://raw.githubusercontent.com/JustinSQiu/image-captioning-mturk/master/cvqa/Korean_images/5865743584277103161_0.jpg,What is the central dipping sauce made from?,soy sauce and sesame
https://raw.githubusercontent.com/JustinSQiu/image-captioning-mturk/master/cvqa/Korean_images/5865743584277360233_0.jpg,Who is the celebrated figure skater holding a medal?,Kim Yuna
https://raw.githubusercontent.com/JustinSQiu/image-captioning-mturk/master/cvqa/Korean_images/5865743584277360233_0.jpg,What significant floral gesture is present in the photo?,a bouquet of flowers
https://raw.githubusercontent.com/JustinSQiu/image-captioning-mturk/master/cvqa/Korean_images/5865743584277360233_0.jpg,What color are the embellishments on her costume?,shiny black
https://raw.githubusercontent.com/JustinSQiu/image-captioning-mturk/master/cvqa/Korean_images/5865743584277424649_0.jpg,What breed is the white dog known for its loyalty and intelligence?,Jindo
https://raw.githubusercontent.com/JustinSQiu/image-captioning-mturk/master/cvqa/Korean_images/5865743584277424649_0.jpg,What cultural significance does the Jindo dog have in Korea?,symbol of fidelity
https://raw.githubusercontent.com/JustinSQiu/image-captioning-mturk/master/cvqa/Korean_images/5865743584277572207_0.jpg,What messaging app is central to South Korean communication culture?,KakaoTalk
https://raw.githubusercontent.com/JustinSQiu/image-captioning-mturk/master/cvqa/Korean_images/5865743584277572207_0.jpg,What color is the logo's background?,yellow
https://raw.githubusercontent.com/JustinSQiu/image-captioning-mturk/master/cvqa/Korean_images/5865743584277572207_0.jpg,What word is displayed inside the speech bubble?,"""Chin"""
https://raw.githubusercontent.com/JustinSQiu/image-captioning-mturk/master/cvqa/Korean_images/5865743584277690404_0.jpg,What type of ginseng does the image potentially depict?,wild ginseng
https://raw.githubusercontent.com/JustinSQiu/image-captioning-mturk/master/cvqa/Korean_images/5865743584277690404_0.jpg,What colors are prominent on the ginseng root?,yellow and black
https://raw.githubusercontent.com/JustinSQiu/image-captioning-mturk/master/cvqa/Korean_images/5865743584277690404_0.jpg,Where was the photograph likely taken?,in a studio
https://raw.githubusercontent.com/JustinSQiu/image-captioning-mturk/master/cvqa/Korean_images/5865743584278103232_0.jpg,What Korean phrase is prominently displayed?,오징어 게임
https://raw.githubusercontent.com/JustinSQiu/image-captioning-mturk/master/cvqa/Korean_images/5865743584278103232_0.jpg,What shapes replace or accompany the Hangul characters?,"circles, triangles, squares"
https://raw.githubusercontent.com/JustinSQiu/image-captioning-mturk/master/cvqa/Korean_images/5865743584278291477_0.jpg,What is the main ingredient stuffed inside the whole chicken?,glutinous rice
https://raw.githubusercontent.com/JustinSQiu/image-captioning-mturk/master/cvqa/Korean_images/5865743584278291477_0.jpg,During which summer days is samgyetang traditionally enjoyed?,"Chobok, Jungbok, Malbok"
https://raw.githubusercontent.com/JustinSQiu/image-captioning-mturk/master/cvqa/Korean_images/5865743584278291477_0.jpg,What health benefits is samgyetang believed to provide?,enhanced immunity
https://raw.githubusercontent.com/JustinSQiu/image-captioning-mturk/master/cvqa/Korean_images/5865743584278414055_0.jpg,What large advertising phrase emphasizes affordability?,National Price
https://raw.githubusercontent.com/JustinSQiu/image-captioning-mturk/master/cvqa/Korean_images/5865743584278414055_0.jpg,Which supermarket chain is featured?,E-Mart
https://raw.githubusercontent.com/JustinSQiu/image-captioning-mturk/master/cvqa/Korean_images/5865743584278414055_0.jpg,Who manages E-Mart?,Shinsegae Group
https://raw.githubusercontent.com/JustinSQiu/image-captioning-mturk/master/cvqa/Korean_images/5865743584278488292_0.jpg,Who is the celebrity featured in the image?,Jeedragun
https://raw.githubusercontent.com/JustinSQiu/image-captioning-mturk/master/cvqa/Korean_images/5865743584278488292_0.jpg,What is the typical atmosphere of the event depicted?,formal or celebratory occasion
https://raw.githubusercontent.com/JustinSQiu/image-captioning-mturk/master/cvqa/Korean_images/5865743584278488292_0.jpg,What style colors is Jeedragun wearing?,black and white
https://raw.githubusercontent.com/JustinSQiu/image-captioning-mturk/master/cvqa/Korean_images/5865743584278608649_0.jpg,What traditional Korean practice are the individuals engaged in?,making kimchi
https://raw.githubusercontent.com/JustinSQiu/image-captioning-mturk/master/cvqa/Korean_images/5865743584278608649_0.jpg,What signifies the elder's role in the preparation?,white hair of a grandmother
https://raw.githubusercontent.com/JustinSQiu/image-captioning-mturk/master/cvqa/Korean_images/5865743584278608649_0.jpg,What indicates the festive atmosphere in kimjang season?,striking red clothing
https://raw.githubusercontent.com/JustinSQiu/image-captioning-mturk/master/cvqa/Korean_images/5865743584278799281_0.jpg,What is the name of the side dishes served with Korean barbecue?,banchan
https://raw.githubusercontent.com/JustinSQiu/image-captioning-mturk/master/cvqa/Korean_images/5865743584278799281_0.jpg,Which large mushroom is highlighted in the grilling process?,king oyster mushroom
https://raw.githubusercontent.com/JustinSQiu/image-captioning-mturk/master/cvqa/Korean_images/5865743584278799281_0.jpg,What dipping sauce is commonly used in Korean barbecue?,ssamjang
https://raw.githubusercontent.com/JustinSQiu/image-captioning-mturk/master/cvqa/Korean_images/5865743584278842085_0.jpg,What traditional Korean drink is being poured?,soju
https://raw.githubusercontent.com/JustinSQiu/image-captioning-mturk/master/cvqa/Korean_images/5865743584278842085_0.jpg,What is the significance of holding the glass with both hands?,Korean drinking etiquette
https://raw.githubusercontent.com/JustinSQiu/image-captioning-mturk/master/cvqa/Korean_images/5865743584278967277_0.jpg,What is the name of the festival celebrated in this image?,Boryeong Mud Festival
https://raw.githubusercontent.com/JustinSQiu/image-captioning-mturk/master/cvqa/Korean_images/5865743584278967277_0.jpg,What type of mud-related festival activity are the participants engaging in?,mud application
https://raw.githubusercontent.com/JustinSQiu/image-captioning-mturk/master/cvqa/Korean_images/5865743584279023713_0.jpg,What are the traditional stone statues called?,Dolhareubang
https://raw.githubusercontent.com/JustinSQiu/image-captioning-mturk/master/cvqa/Korean_images/5865743584279023713_0.jpg,What material are the Dolhareubang statues primarily made from?,basalt
https://raw.githubusercontent.com/JustinSQiu/image-captioning-mturk/master/cvqa/Korean_images/5865743584279023713_0.jpg,What do the statues symbolize in local folklore?,guardians or protectors
https://raw.githubusercontent.com/JustinSQiu/image-captioning-mturk/master/cvqa/Korean_images/5865743584279425144_0.jpg,What architectural style is the main building of Korea University designed in?,Gothic architectural style
https://raw.githubusercontent.com/JustinSQiu/image-captioning-mturk/master/cvqa/Korean_images/5865743584279425144_0.jpg,What emblem is featured on the university's red banner?,tiger motif
https://raw.githubusercontent.com/JustinSQiu/image-captioning-mturk/master/cvqa/Korean_images/5865743584279425144_0.jpg,Who is the statue in front of the university commemorating?,Kim Seong-soo
https://raw.githubusercontent.com/JustinSQiu/image-captioning-mturk/master/cvqa/Korean_images/5865743584279743190_0.jpg,What is the name of the traditional Korean pavilion?,누각 (Nugak)
https://raw.githubusercontent.com/JustinSQiu/image-captioning-mturk/master/cvqa/Korean_images/5865743584279743190_0.jpg,What decorative patterns are used on the pavilion's wooden structures?,Dancheong patterns
https://raw.githubusercontent.com/JustinSQiu/image-captioning-mturk/master/cvqa/Korean_images/5865743584279743190_0.jpg,What natural feature reflects the pavilion in the scene?,a pond
https://raw.githubusercontent.com/JustinSQiu/image-captioning-mturk/master/cvqa/Korean_images/5865743584279746538_0.jpg,What traditional board game are the individuals playing?,janggi
https://raw.githubusercontent.com/JustinSQiu/image-captioning-mturk/master/cvqa/Korean_images/5865743584279746538_0.jpg,What is the color of the pieces indicating a favorable position?,red
https://raw.githubusercontent.com/JustinSQiu/image-captioning-mturk/master/cvqa/Korean_images/5865743584279746538_0.jpg,What does the mat feature that adds cultural detail?,red characters
https://raw.githubusercontent.com/JustinSQiu/image-captioning-mturk/master/cvqa/Korean_images/5865743594271492505_0.jpg,What is the traditional decorative paintwork called in Korean architecture?,dancheong
https://raw.githubusercontent.com/JustinSQiu/image-captioning-mturk/master/cvqa/Korean_images/5865743594271492505_0.jpg,What vibrant colors are typically used in dancheong?,"green, red, yellow, pink"
https://raw.githubusercontent.com/JustinSQiu/image-captioning-mturk/master/cvqa/Korean_images/5865743594271492505_0.jpg,What patterns can be seen in the dancheong design?,floral designs and vessel motifs
https://raw.githubusercontent.com/JustinSQiu/image-captioning-mturk/master/cvqa/Korean_images/5865743594272218906_0.jpg,What is the main station name displayed in two languages?,Oedae-ap
https://raw.githubusercontent.com/JustinSQiu/image-captioning-mturk/master/cvqa/Korean_images/5865743594272218906_0.jpg,What is the station number for Oedae-ap?,121
https://raw.githubusercontent.com/JustinSQiu/image-captioning-mturk/master/cvqa/Korean_images/5865743594272218906_0.jpg,Which company operates the railway line indicated on the sign?,CoreRail
https://raw.githubusercontent.com/JustinSQiu/image-captioning-mturk/master/cvqa/Korean_images/5865743594272320972_0.jpg,What traditional Korean wrestling style is depicted?,ssireum
https://raw.githubusercontent.com/JustinSQiu/image-captioning-mturk/master/cvqa/Korean_images/5865743594272320972_0.jpg,What are the wrestlers wearing?,blue pants and red sash
https://raw.githubusercontent.com/JustinSQiu/image-captioning-mturk/master/cvqa/Korean_images/5865743594272320972_0.jpg,What type of mat is used for the wrestling match?,sand mat
https://raw.githubusercontent.com/JustinSQiu/image-captioning-mturk/master/cvqa/Korean_images/5865743594272336353_0.jpg,What cultural event are the female idols partaking in?,a K-POP concert
https://raw.githubusercontent.com/JustinSQiu/image-captioning-mturk/master/cvqa/Korean_images/5865743594272336353_0.jpg,What do the idols' outfits symbolize?,unity as a group
https://raw.githubusercontent.com/JustinSQiu/image-captioning-mturk/master/cvqa/Korean_images/5865743594272336353_0.jpg,What type of atmosphere does the crowd contribute to?,electric atmosphere
https://raw.githubusercontent.com/JustinSQiu/image-captioning-mturk/master/cvqa/Korean_images/5865743594272697734_0.jpg,What type of pot is used to serve the soup?,뚝배기 (ttukbae-gi)
https://raw.githubusercontent.com/JustinSQiu/image-captioning-mturk/master/cvqa/Korean_images/5865743594272697734_0.jpg,What traditional side dish is included that adds a spicy and tangy flavor?,red kimchi
https://raw.githubusercontent.com/JustinSQiu/image-captioning-mturk/master/cvqa/Korean_images/5865743594272697734_0.jpg,What presents a fresh contrast to the rich broth?,green vegetable salad
https://raw.githubusercontent.com/JustinSQiu/image-captioning-mturk/master/cvqa/Korean_images/5865743594272909423_0.jpg,What vibrant feature changes color on Namsan Tower?,illumination
https://raw.githubusercontent.com/JustinSQiu/image-captioning-mturk/master/cvqa/Korean_images/5865743594272909423_0.jpg,What landmark is indicated as a romantic spot for couples?,Namsan Tower
https://raw.githubusercontent.com/JustinSQiu/image-captioning-mturk/master/cvqa/Korean_images/5865743594273194106_0.jpg,What logo indicates that the car is a Kakao T taxi?,Kakao T logo
https://raw.githubusercontent.com/JustinSQiu/image-captioning-mturk/master/cvqa/Korean_images/5865743594273194106_0.jpg,What character associated with Kakao adds charm to the vehicle?,Ryan
https://raw.githubusercontent.com/JustinSQiu/image-captioning-mturk/master/cvqa/Korean_images/5865743594273480955_0.jpg,What design elements create a bright atmosphere in the airport?,large glass panels
https://raw.githubusercontent.com/JustinSQiu/image-captioning-mturk/master/cvqa/Korean_images/5865743594273480955_0.jpg,What feature provides a visual connection to the terminal?,transparent passageway
https://raw.githubusercontent.com/JustinSQiu/image-captioning-mturk/master/cvqa/Korean_images/5865743594273480955_0.jpg,What materials are prominently used in the airport's architecture?,metal and glass
https://raw.githubusercontent.com/JustinSQiu/image-captioning-mturk/master/cvqa/Korean_images/5865743594273571889_0.jpg,What traditional genre of painting does this artwork represent?,풍속화 (pungsokhwa)
https://raw.githubusercontent.com/JustinSQiu/image-captioning-mturk/master/cvqa/Korean_images/5865743594273571889_0.jpg,What Confucian item does the teacher wear that signifies propriety?,a black hat
https://raw.githubusercontent.com/JustinSQiu/image-captioning-mturk/master/cvqa/Korean_images/5865743594273571889_0.jpg,What historical educational focus is illustrated in the scene?,Chinese characters and Confucian classics
https://raw.githubusercontent.com/JustinSQiu/image-captioning-mturk/master/cvqa/Korean_images/5865743594274034767_0.jpg,What festival lights up the beach with rhythmic flashing?,shops and restaurants
https://raw.githubusercontent.com/JustinSQiu/image-captioning-mturk/master/cvqa/Korean_images/5865743594274034767_0.jpg,What colors create the dramatic backdrop during sunset?,mystical colors
https://raw.githubusercontent.com/JustinSQiu/image-captioning-mturk/master/cvqa/Korean_images/5865743594274034767_0.jpg,What feature of the buildings harmonizes with the evening sky?,glass facades
https://raw.githubusercontent.com/JustinSQiu/image-captioning-mturk/master/cvqa/Korean_images/5865743594274065189_0.jpg,What brand is associated with the sticker sheet?,PubLuck
https://raw.githubusercontent.com/JustinSQiu/image-captioning-mturk/master/cvqa/Korean_images/5865743594274065189_0.jpg,What feature makes the keyring resemble an animal?,the eye section shimmer
https://raw.githubusercontent.com/JustinSQiu/image-captioning-mturk/master/cvqa/Korean_images/5865743594274111100_0.jpg,What is the name of South Korea's high-speed train system?,KTX
https://raw.githubusercontent.com/JustinSQiu/image-captioning-mturk/master/cvqa/Korean_images/5865743594274111100_0.jpg,From which French train system did the KTX technology derive?,TGV
https://raw.githubusercontent.com/JustinSQiu/image-captioning-mturk/master/cvqa/Korean_images/5865743594274111100_0.jpg,What is the distinctive design feature of the KTX train?,rounded and streamlined design
https://raw.githubusercontent.com/JustinSQiu/image-captioning-mturk/master/cvqa/Korean_images/5865743594274317741_0.jpg,What season is chamoe celebrated as a quintessential fruit in Korea?,summer
https://raw.githubusercontent.com/JustinSQiu/image-captioning-mturk/master/cvqa/Korean_images/5865743594274317741_0.jpg,Where is the significant production area for chamoe located?,"Seongju, Gyeongsangbuk-do"
https://raw.githubusercontent.com/JustinSQiu/image-captioning-mturk/master/cvqa/Korean_images/5865743594274553469_0.jpg,What is the traditional name for this Korean pouch?,bokjumeoni
https://raw.githubusercontent.com/JustinSQiu/image-captioning-mturk/master/cvqa/Korean_images/5865743594274553469_0.jpg,What do the cranes symbolize in Korean culture?,good fortune and longevity
https://raw.githubusercontent.com/JustinSQiu/image-captioning-mturk/master/cvqa/Korean_images/5865743594274553469_0.jpg,What color is the pouch traditionally made from?,vibrant red fabric
https://raw.githubusercontent.com/JustinSQiu/image-captioning-mturk/master/cvqa/Korean_images/5865743594274726381_0.jpg,What is the name of the traditional Korean dish depicted?,Naengmyeon
https://raw.githubusercontent.com/JustinSQiu/image-captioning-mturk/master/cvqa/Korean_images/5865743594274726381_0.jpg,What style of Naengmyeon is shown in this photo?,Pyongyang-style
https://raw.githubusercontent.com/JustinSQiu/image-captioning-mturk/master/cvqa/Korean_images/5865743594274726381_0.jpg,What type of bowl is Naengmyeon traditionally served in?,stainless steel bowl
https://raw.githubusercontent.com/JustinSQiu/image-captioning-mturk/master/cvqa/Korean_images/5865743594275055702_0.jpg,What natural feature is prominently restored in Cheonggyecheon?,an artificial stream
https://raw.githubusercontent.com/JustinSQiu/image-captioning-mturk/master/cvqa/Korean_images/5865743594275055702_0.jpg,What unique historical change occurred to Cheonggyecheon?,covered and repurposed as a roadway
https://raw.githubusercontent.com/JustinSQiu/image-captioning-mturk/master/cvqa/Korean_images/5865743594275055702_0.jpg,What type of cultural environment does Cheonggyecheon provide?,eco-friendly relaxation space
https://raw.githubusercontent.com/JustinSQiu/image-captioning-mturk/master/cvqa/Korean_images/5865743594276207311_0.jpg,What traditional uniforms do the athletes wear?,white taekwondo uniforms
https://raw.githubusercontent.com/JustinSQiu/image-captioning-mturk/master/cvqa/Korean_images/5865743594276207311_0.jpg,What colors are the protective gear of the competitors?,red and blue
https://raw.githubusercontent.com/JustinSQiu/image-captioning-mturk/master/cvqa/Korean_images/5865743594276207311_0.jpg,What cultural heritage does taekwondo represent?,Korean tradition
https://raw.githubusercontent.com/JustinSQiu/image-captioning-mturk/master/cvqa/Korean_images/5865743594276407374_0.jpg,What traditional cooking vessel is prominently featured?,stone pot
https://raw.githubusercontent.com/JustinSQiu/image-captioning-mturk/master/cvqa/Korean_images/5865743594276407374_0.jpg,What substance indicates the pot is serving a warm dish?,water or scorched rice
https://raw.githubusercontent.com/JustinSQiu/image-captioning-mturk/master/cvqa/Korean_images/5865743594276407374_0.jpg,What is typically underneath the stone pot when served?,a plate
https://raw.githubusercontent.com/JustinSQiu/image-captioning-mturk/master/cvqa/Korean_images/5865743594276973714_0.jpg,What is the upper left hanbok's color and accent design?,Light olive green with red ribbon
https://raw.githubusercontent.com/JustinSQiu/image-captioning-mturk/master/cvqa/Korean_images/5865743594276973714_0.jpg,What traditional male attire does the upper right hanbok resemble?,Durumagi
https://raw.githubusercontent.com/JustinSQiu/image-captioning-mturk/master/cvqa/Korean_images/5865743594276973714_0.jpg,What color skirt does the lower right hanbok feature?,Blue
https://raw.githubusercontent.com/JustinSQiu/image-captioning-mturk/master/cvqa/Korean_images/5865743594277202389_0.jpg,In which country is KakaoTalk a popular messaging app?,South Korea
https://raw.githubusercontent.com/JustinSQiu/image-captioning-mturk/master/cvqa/Korean_images/5865743594277202389_0.jpg,What is the color scheme of the KakaoTalk icon?,yellow and black
https://raw.githubusercontent.com/JustinSQiu/image-captioning-mturk/master/cvqa/Korean_images/5865743594277202389_0.jpg,What word is prominently displayed inside the speech bubble?,"""Talk"""
https://raw.githubusercontent.com/JustinSQiu/image-captioning-mturk/master/cvqa/Korean_images/5865743594277304650_0.jpg,What phrase is emphasized in the promotional display?,"""Fold Flip Side"""
https://raw.githubusercontent.com/JustinSQiu/image-captioning-mturk/master/cvqa/Korean_images/5865743594277304650_0.jpg,Which innovative smartphone series features a dual-fold capability?,Galaxy Z Fold series
https://raw.githubusercontent.com/JustinSQiu/image-captioning-mturk/master/cvqa/Korean_images/5865743594277332487_0.jpg,What is the cultural significance of kite flying mentioned in the caption?,Bringing good fortune
https://raw.githubusercontent.com/JustinSQiu/image-captioning-mturk/master/cvqa/Korean_images/5865743594277332487_0.jpg,During which holidays is kite flying traditionally celebrated in Korea?,Lunar New Year and Full Moon Festival
https://raw.githubusercontent.com/JustinSQiu/image-captioning-mturk/master/cvqa/Korean_images/5865743594277397458_0.jpg,What playful pattern does the first artist's skirt feature?,sac pattern
https://raw.githubusercontent.com/JustinSQiu/image-captioning-mturk/master/cvqa/Korean_images/5865743594277397458_0.jpg,What luxurious detail is included in the fourth artist's dress?,fur accents
https://raw.githubusercontent.com/JustinSQiu/image-captioning-mturk/master/cvqa/Korean_images/5865743594277706023_0.jpg,What specific ingredient gives gimbap its distinctive yellow color?,pickled radish
https://raw.githubusercontent.com/JustinSQiu/image-captioning-mturk/master/cvqa/Korean_images/5865743594277706023_0.jpg,What does gimbap typically evoke in Korean culture?,cherished memories
https://raw.githubusercontent.com/JustinSQiu/image-captioning-mturk/master/cvqa/Korean_images/5865743594277770691_0.jpg,What is the name of the subway station shown in Hangul?,광화문
https://raw.githubusercontent.com/JustinSQiu/image-captioning-mturk/master/cvqa/Korean_images/5865743594277770691_0.jpg,What line color is associated with Gwanghwamun Station?,purple
https://raw.githubusercontent.com/JustinSQiu/image-captioning-mturk/master/cvqa/Korean_images/5865743594277770691_0.jpg,Which significant cultural site is near Gwanghwamun Station?,Gwanghwamun Plaza
https://raw.githubusercontent.com/JustinSQiu/image-captioning-mturk/master/cvqa/Korean_images/5865743594277859406_0.jpg,What unique accessory is PSY wearing around his neck?,a loosely tied bow tie
https://raw.githubusercontent.com/JustinSQiu/image-captioning-mturk/master/cvqa/Korean_images/5865743594277859406_0.jpg,What pose is PSY striking with his fingers?,a V pose
https://raw.githubusercontent.com/JustinSQiu/image-captioning-mturk/master/cvqa/Korean_images/5865743594277884410_0.jpg,What is the name of the traditional Korean dish depicted in the image?,kimchi fried rice
https://raw.githubusercontent.com/JustinSQiu/image-captioning-mturk/master/cvqa/Korean_images/5865743594277884410_0.jpg,What chili powder is specifically mentioned as part of kimchi fried rice?,gochugaru
https://raw.githubusercontent.com/JustinSQiu/image-captioning-mturk/master/cvqa/Korean_images/5865743594277884410_0.jpg,What additional seafood ingredient is mentioned on top of the egg?,crab
https://raw.githubusercontent.com/JustinSQiu/image-captioning-mturk/master/cvqa/Korean_images/5865743594278179712_0.jpg,What destination does the bus service indicate it is heading to?,Cheolsan-dong
https://raw.githubusercontent.com/JustinSQiu/image-captioning-mturk/master/cvqa/Korean_images/5865743594278179712_0.jpg,What unique design characteristic is noted between the two buses?,different design styles
https://raw.githubusercontent.com/JustinSQiu/image-captioning-mturk/master/cvqa/Korean_images/5865743594278179712_0.jpg,What vintage element reinforces the nostalgic feel of the scene?,an older car
https://raw.githubusercontent.com/JustinSQiu/image-captioning-mturk/master/cvqa/Korean_images/5865743594278718032_0.jpg,What is the name of the comforting soup made from ox bones?,Seolleongtang
https://raw.githubusercontent.com/JustinSQiu/image-captioning-mturk/master/cvqa/Korean_images/5865743594278718032_0.jpg,What traditional Korean side dish accompanies seolleongtang?,Kkakdugi
https://raw.githubusercontent.com/JustinSQiu/image-captioning-mturk/master/cvqa/Korean_images/5865743594278718032_0.jpg,What type of paste is served for dipping with the meal?,Doenjang
https://raw.githubusercontent.com/JustinSQiu/image-captioning-mturk/master/cvqa/Korean_images/5865743594278847791_0.jpg,What traditional Korean game is depicted?,Yutnori
https://raw.githubusercontent.com/JustinSQiu/image-captioning-mturk/master/cvqa/Korean_images/5865743594278847791_0.jpg,What cultural symbol is featured on the game board?,Taeguk pattern
https://raw.githubusercontent.com/JustinSQiu/image-captioning-mturk/master/cvqa/Korean_images/5865743594278847791_0.jpg,During which holiday is Yutnori commonly played?,Seollal
https://raw.githubusercontent.com/JustinSQiu/image-captioning-mturk/master/cvqa/Korean_images/5865743594278860418_0.jpg,What is the traditional Korean headpiece called?,gache
https://raw.githubusercontent.com/JustinSQiu/image-captioning-mturk/master/cvqa/Korean_images/5865743594278860418_0.jpg,What do the round pearl shapes represent in the headpiece?,glamour and elegance
https://raw.githubusercontent.com/JustinSQiu/image-captioning-mturk/master/cvqa/Korean_images/5865743594278860418_0.jpg,What ceremony is this headpiece traditionally worn for?,weddings
https://raw.githubusercontent.com/JustinSQiu/image-captioning-mturk/master/cvqa/Korean_images/5865743594279648038_0.jpg,What is the name of the building featured in the photo?,Blue House or Cheong Wa Dae
https://raw.githubusercontent.com/JustinSQiu/image-captioning-mturk/master/cvqa/Korean_images/5865743594279648038_0.jpg,What color are the distinctive tiles of the Blue House's roof?,light turquoise
https://raw.githubusercontent.com/JustinSQiu/image-captioning-mturk/master/cvqa/Korean_images/5865743594279648038_0.jpg,What traditional architectural style does the Blue House represent?,Joseon Dynasty palace styles
https://raw.githubusercontent.com/JustinSQiu/image-captioning-mturk/master/cvqa/Spanish_images/5865667054272004947_0.jpg,What season can be inferred from the trees in the background?,autumn
https://raw.githubusercontent.com/JustinSQiu/image-captioning-mturk/master/cvqa/Spanish_images/5865667054272004947_0.jpg,What distinguishes the cyclists' jerseys in the race?,variety of colors
https://raw.githubusercontent.com/JustinSQiu/image-captioning-mturk/master/cvqa/Spanish_images/5865667054272004947_0.jpg,What type of vehicles indicate the race's urban setting?,everyday cars
https://raw.githubusercontent.com/JustinSQiu/image-captioning-mturk/master/cvqa/Spanish_images/5865667054273712302_0.jpg,What festival highlights the use of bright powders?,Holi festival
https://raw.githubusercontent.com/JustinSQiu/image-captioning-mturk/master/cvqa/Spanish_images/5865667054273712302_0.jpg,What distinct architectural feature does the tall building have?,shikhara towers
https://raw.githubusercontent.com/JustinSQiu/image-captioning-mturk/master/cvqa/Spanish_images/5865667064271273078_0.jpg,What type of trees contribute to the tropical ambiance?,palm trees
https://raw.githubusercontent.com/JustinSQiu/image-captioning-mturk/master/cvqa/Spanish_images/5865667064271273078_0.jpg,What is the primary color of the stone arch?,brown stone
https://raw.githubusercontent.com/JustinSQiu/image-captioning-mturk/master/cvqa/Spanish_images/5865667064271273078_0.jpg,What type of street lies in front of the structure?,stone-paved street
https://raw.githubusercontent.com/JustinSQiu/image-captioning-mturk/master/cvqa/Spanish_images/5865667064271675593_0.jpg,What unique roadway structure spans over water?,circular roundabout
https://raw.githubusercontent.com/JustinSQiu/image-captioning-mturk/master/cvqa/Spanish_images/5865667064271675593_0.jpg,What natural feature slopes into the roundabout?,the water
https://raw.githubusercontent.com/JustinSQiu/image-captioning-mturk/master/cvqa/Spanish_images/5865667064273809917_0.jpg,What decorative elements are on the bag's design?,black gate with yellow elements
https://raw.githubusercontent.com/JustinSQiu/image-captioning-mturk/master/cvqa/Spanish_images/5865667064273809917_0.jpg,What color is the horse in the design?,vibrant red
https://raw.githubusercontent.com/JustinSQiu/image-captioning-mturk/master/cvqa/Spanish_images/5865667064273809917_0.jpg,What color are the rider's pants?,yellow
https://raw.githubusercontent.com/JustinSQiu/image-captioning-mturk/master/cvqa/Spanish_images/5865667064277334387_0.jpg,What language is the text on the fuel pump?,Spanish
https://raw.githubusercontent.com/JustinSQiu/image-captioning-mturk/master/cvqa/Spanish_images/5865667064277334387_0.jpg,What does the warning sign read?,danger
https://raw.githubusercontent.com/JustinSQiu/image-captioning-mturk/master/cvqa/Spanish_images/5865667064277334387_0.jpg,What are the red bags potentially used for?,storage or transportation
https://raw.githubusercontent.com/JustinSQiu/image-captioning-mturk/master/cvqa/Spanish_images/5865667064277708947_0.jpg,Who is the soccer player represented by the figurine?,Obdulio Varela
https://raw.githubusercontent.com/JustinSQiu/image-captioning-mturk/master/cvqa/Spanish_images/5865667064277708947_0.jpg,What color is the shirt of the figurine?,light blue
https://raw.githubusercontent.com/JustinSQiu/image-captioning-mturk/master/cvqa/Spanish_images/5865667064279994236_0.jpg,What traditional breakfast items are on her plate?,"scrambled eggs, ham, fries"
https://raw.githubusercontent.com/JustinSQiu/image-captioning-mturk/master/cvqa/Spanish_images/5865667064279994236_0.jpg,What type of wine is she likely drinking?,white wine
https://raw.githubusercontent.com/JustinSQiu/image-captioning-mturk/master/cvqa/Spanish_images/5865667064279994236_0.jpg,What modern accessory is she using while dining?,headphones
https://raw.githubusercontent.com/JustinSQiu/image-captioning-mturk/master/cvqa/Spanish_images/5865667074272055765_0.jpg,What kind of motif is present on the building?,religious motif
https://raw.githubusercontent.com/JustinSQiu/image-captioning-mturk/master/cvqa/Spanish_images/5865667074272055765_0.jpg,What type of structure is suggested to hold spiritual significance?,a shrine or monument
https://raw.githubusercontent.com/JustinSQiu/image-captioning-mturk/master/cvqa/Spanish_images/5865667074272055765_0.jpg,What features indicate a harmonious relationship between nature and architecture?,flowers and herbs
https://raw.githubusercontent.com/JustinSQiu/image-captioning-mturk/master/cvqa/Spanish_images/5865667074273272202_0.jpg,What historical period is reflected in the artwork surrounding the statue?,Renaissance or earlier
https://raw.githubusercontent.com/JustinSQiu/image-captioning-mturk/master/cvqa/Spanish_images/5865667074273272202_0.jpg,What type of armor is the man wearing?,battle armor
https://raw.githubusercontent.com/JustinSQiu/image-captioning-mturk/master/cvqa/Spanish_images/5865667074273272202_0.jpg,What is the environmental contrast highlighted in the scene?,historical art and modern architecture
https://raw.githubusercontent.com/JustinSQiu/image-captioning-mturk/master/cvqa/Spanish_images/5865738814278224643_0.jpg,What flower color symbolizes joy and new beginnings?,yellow flowers
https://raw.githubusercontent.com/JustinSQiu/image-captioning-mturk/master/cvqa/Spanish_images/5865738814278224643_0.jpg,What figure's portrait is present in the background?,the Virgin Mary
https://raw.githubusercontent.com/JustinSQiu/image-captioning-mturk/master/cvqa/Spanish_images/5865738814278224643_0.jpg,What does the purple shirt signify?,dignity and spirituality
https://raw.githubusercontent.com/JustinSQiu/image-captioning-mturk/master/cvqa/Spanish_images/5865738824279470899_0.jpg,What colorful dessert is the focal point of the meal?,popsicle-like dessert
https://raw.githubusercontent.com/JustinSQiu/image-captioning-mturk/master/cvqa/Spanish_images/5865738824279470899_0.jpg,What unique topping suggests spiciness on the popsicle?,a striking dash of red
https://raw.githubusercontent.com/JustinSQiu/image-captioning-mturk/master/cvqa/Spanish_images/5865738824279470899_0.jpg,What type of sauces are presented alongside the popsicle?,variety of sauces
https://raw.githubusercontent.com/JustinSQiu/image-captioning-mturk/master/cvqa/Spanish_images/5865738834273710820_0.jpg,What architectural landmark does the statue resemble?,Leaning Tower of Pisa
https://raw.githubusercontent.com/JustinSQiu/image-captioning-mturk/master/cvqa/Spanish_images/5865738834273710820_0.jpg,What symbolic elements are depicted at the base of the statue?,two women
https://raw.githubusercontent.com/JustinSQiu/image-captioning-mturk/master/cvqa/Spanish_images/5865738834275126080_0.jpg,What traditional Mexican wrestling is associated with this event?,lucha libre
https://raw.githubusercontent.com/JustinSQiu/image-captioning-mturk/master/cvqa/Spanish_images/5865738834275126080_0.jpg,What anniversary is being celebrated at this lucha libre event?,CMLL ANNIVERSARY
https://raw.githubusercontent.com/JustinSQiu/image-captioning-mturk/master/cvqa/Spanish_images/5865738834276092132_0.jpg,What two historical figures are inscribed on the circles?,Copernicus and Ptolemy
https://raw.githubusercontent.com/JustinSQiu/image-captioning-mturk/master/cvqa/Spanish_images/5865738834276092132_0.jpg,What is depicted in the bottom right corner of the artwork?,a horse
https://raw.githubusercontent.com/JustinSQiu/image-captioning-mturk/master/cvqa/Spanish_images/5865738834276092132_0.jpg,What type of site is illustrated at the bottom of the artwork?,a religious site
https://raw.githubusercontent.com/JustinSQiu/image-captioning-mturk/master/cvqa/Spanish_images/5865738834276897870_0.jpg,What is the role of the observer present in the scene?,umpire or coach
https://raw.githubusercontent.com/JustinSQiu/image-captioning-mturk/master/cvqa/Spanish_images/5865738834276897870_0.jpg,What does the sign displaying 'TV4' imply?,it may be broadcasted
https://raw.githubusercontent.com/JustinSQiu/image-captioning-mturk/master/cvqa/Spanish_images/5865738834276949871_0.jpg,What traditional attire is worn by some spectators in the crowd?,horse caps
https://raw.githubusercontent.com/JustinSQiu/image-captioning-mturk/master/cvqa/Spanish_images/5865738834276949871_0.jpg,"What color is the matador's clothing, and what does it symbolize?","black, dramatic tension"
https://raw.githubusercontent.com/JustinSQiu/image-captioning-mturk/master/cvqa/Spanish_images/5865738834276949871_0.jpg,What colors are the local football team's shirts worn by spectators?,blue and white
https://raw.githubusercontent.com/JustinSQiu/image-captioning-mturk/master/cvqa/Spanish_images/5865738834279096391_0.jpg,What activity is central to this celebration?,hitting a piñata
https://raw.githubusercontent.com/JustinSQiu/image-captioning-mturk/master/cvqa/Spanish_images/5865738834279096391_0.jpg,What cultural background is the piñata associated with?,Mexican culture
https://raw.githubusercontent.com/JustinSQiu/image-captioning-mturk/master/cvqa/Spanish_images/5865738834279096391_0.jpg,What are the colors of the piñata's clothing?,"black shirt, red pants"
https://raw.githubusercontent.com/JustinSQiu/image-captioning-mturk/master/cvqa/Spanish_images/5865738844272571208_0.jpg,What color is the large rock in the foreground?,brown
https://raw.githubusercontent.com/JustinSQiu/image-captioning-mturk/master/cvqa/Spanish_images/5865738844272571208_0.jpg,What type of lake is featured in the scene?,serene blue lake
https://raw.githubusercontent.com/JustinSQiu/image-captioning-mturk/master/cvqa/Spanish_images/5865738844272571208_0.jpg,What mountains are described with shikhara features?,towering mountains
https://raw.githubusercontent.com/JustinSQiu/image-captioning-mturk/master/cvqa/Spanish_images/5865738844274169374_0.jpg,What color hue is the river described as?,green-blue
https://raw.githubusercontent.com/JustinSQiu/image-captioning-mturk/master/cvqa/Spanish_images/5865738844274169374_0.jpg,What type of terrain is indicated by the mountains' brownish hue?,rocky terrain
https://raw.githubusercontent.com/JustinSQiu/image-captioning-mturk/master/cvqa/Spanish_images/5865738844274169374_0.jpg,What natural elements are found at the bases of the mountains?,patches of grass and clusters of trees
https://raw.githubusercontent.com/JustinSQiu/image-captioning-mturk/master/cvqa/Spanish_images/5865738844274276543_0.jpg,What thematic gesture does the figure on the horse make?,a commanding gesture
https://raw.githubusercontent.com/JustinSQiu/image-captioning-mturk/master/cvqa/Spanish_images/5865738844274276543_0.jpg,What features of the building indicate its significance?,multiple domes and statues
https://raw.githubusercontent.com/JustinSQiu/image-captioning-mturk/master/cvqa/Spanish_images/5865738844276655396_0.jpg,What unique fruit adds curiosity to the display?,a yellow fruit
https://raw.githubusercontent.com/JustinSQiu/image-captioning-mturk/master/cvqa/Spanish_images/5865738844276655396_0.jpg,What staple ingredient is particularly highlighted for Mexican cuisine?,avocados
https://raw.githubusercontent.com/JustinSQiu/image-captioning-mturk/master/cvqa/Spanish_images/5865738844276655396_0.jpg,Which type of red fruit is described as being embedded with seeds?,small red fruit
https://raw.githubusercontent.com/JustinSQiu/image-captioning-mturk/master/cvqa/Spanish_images/5865738844279489203_0.jpg,What does the sign above the bins say in Spanish?,"""Clean the Park"""
https://raw.githubusercontent.com/JustinSQiu/image-captioning-mturk/master/cvqa/Spanish_images/5865738844279489203_0.jpg,What distinctive feature does the animal have?,"a long, furry tail"
https://raw.githubusercontent.com/JustinSQiu/image-captioning-mturk/master/cvqa/Spanish_images/5865738854279920943_0.jpg,What cultural influence does the architecture suggest?,Latin American vibe
https://raw.githubusercontent.com/JustinSQiu/image-captioning-mturk/master/cvqa/Spanish_images/5865738854279920943_0.jpg,What type of vehicle is prominently parked on the street?,Mercedes Benz
https://raw.githubusercontent.com/JustinSQiu/image-captioning-mturk/master/cvqa/Spanish_images/5865763624272546329_0.jpg,What colors are the Chilean flags displayed in the market?,"blue, white, and red"
https://raw.githubusercontent.com/JustinSQiu/image-captioning-mturk/master/cvqa/Spanish_images/5865763624272546329_0.jpg,What does the greenery in the scene add to the environment?,natural beauty
https://raw.githubusercontent.com/JustinSQiu/image-captioning-mturk/master/cvqa/Spanish_images/5865763624272689576_0.jpg,What type of uniform do the girls wear?,formal school uniform
https://raw.githubusercontent.com/JustinSQiu/image-captioning-mturk/master/cvqa/Spanish_images/5865763624272689576_0.jpg,What color are the girls' sweaters?,dark blue
https://raw.githubusercontent.com/JustinSQiu/image-captioning-mturk/master/cvqa/Spanish_images/5865763624272689576_0.jpg,What indicates that one girl is listening to music?,headphones
https://raw.githubusercontent.com/JustinSQiu/image-captioning-mturk/master/cvqa/Spanish_images/5865763624276328465_0.jpg,What symbols on the wall represent deep affection and emotional attachment?,heart-shaped items
https://raw.githubusercontent.com/JustinSQiu/image-captioning-mturk/master/cvqa/Spanish_images/5865763624276328465_0.jpg,What do the small blue houses at the bottom likely hold?,lights
https://raw.githubusercontent.com/JustinSQiu/image-captioning-mturk/master/cvqa/Spanish_images/5865763624277225916_0.jpg,What brand is associated with this milk packaging?,Colun
https://raw.githubusercontent.com/JustinSQiu/image-captioning-mturk/master/cvqa/Spanish_images/5865763624277225916_0.jpg,What type of cows are mentioned as being grass-fed?,Chilean cows
https://raw.githubusercontent.com/JustinSQiu/image-captioning-mturk/master/cvqa/Spanish_images/5865763624278793741_0.jpg,What traditional clothing does the man wear that suggests rugged style?,cowboy hat and riding boots
https://raw.githubusercontent.com/JustinSQiu/image-captioning-mturk/master/cvqa/Spanish_images/5865763624278793741_0.jpg,What kind of shoes is the woman wearing that adds sophistication to her dance?,high heels
https://raw.githubusercontent.com/JustinSQiu/image-captioning-mturk/master/cvqa/Spanish_images/5865763634271112154_0.jpg,What seals are illustrated on the label?,illustration of seals
https://raw.githubusercontent.com/JustinSQiu/image-captioning-mturk/master/cvqa/Spanish_images/5865763634271112154_0.jpg,What cultural values does the brand emphasize?,environmental sustainability and animal welfare
https://raw.githubusercontent.com/JustinSQiu/image-captioning-mturk/master/cvqa/Spanish_images/5865763634274323742_0.jpg,What unique feature does the prominent rock have?,a substantial hole
https://raw.githubusercontent.com/JustinSQiu/image-captioning-mturk/master/cvqa/Spanish_images/5865763634274323742_0.jpg,What creates white foam on the ocean surface?,gentle waves lapping
https://raw.githubusercontent.com/JustinSQiu/image-captioning-mturk/master/cvqa/Spanish_images/5865763634278315141_0.jpg,What type of fish dish is likely featured on the white plate?,tuna
https://raw.githubusercontent.com/JustinSQiu/image-captioning-mturk/master/cvqa/Spanish_images/5865763634278315141_0.jpg,What bright yellow dish is likely served on the black plate?,soufflé
https://raw.githubusercontent.com/JustinSQiu/image-captioning-mturk/master/cvqa/Spanish_images/5865763634278315141_0.jpg,What garnishes are used with the fish dish?,green plants or vegetables
https://raw.githubusercontent.com/JustinSQiu/image-captioning-mturk/master/cvqa/Spanish_images/5865763644275213874_0.jpg,What unique topping is added to the hot dog?,guacamole
https://raw.githubusercontent.com/JustinSQiu/image-captioning-mturk/master/cvqa/Spanish_images/5865763644275213874_0.jpg,What type of bun is used for this hot dog?,elongated bun
https://raw.githubusercontent.com/JustinSQiu/image-captioning-mturk/master/cvqa/Spanish_images/5865906684273853254_0.jpg,What city is indicated by the unique spelling at the top of the building?,Havana
https://raw.githubusercontent.com/JustinSQiu/image-captioning-mturk/master/cvqa/Spanish_images/5865906684273853254_0.jpg,What era does the architecture surrounding the statue represent?,early 1900s
https://raw.githubusercontent.com/JustinSQiu/image-captioning-mturk/master/cvqa/Spanish_images/5865906684273853254_0.jpg,What type of structure enhances the historical ambience of the scene?,columns
https://raw.githubusercontent.com/JustinSQiu/image-captioning-mturk/master/cvqa/Spanish_images/5865906694272932443_0.jpg,What does the 'YPF' acronym suggest about the building?,an organization or facility
https://raw.githubusercontent.com/JustinSQiu/image-captioning-mturk/master/cvqa/Spanish_images/5865906694272932443_0.jpg,What natural feature is likely frozen and observed below the mountainous backdrop?,a lake
https://raw.githubusercontent.com/JustinSQiu/image-captioning-mturk/master/cvqa/Spanish_images/5865906694272932443_0.jpg,What symbol represents the harsh realities of winter in this landscape?,a solitary tree
https://raw.githubusercontent.com/JustinSQiu/image-captioning-mturk/master/cvqa/Spanish_images/5865906694275223095_0.jpg,What vibrant colors are prominently featured in the body of water?,blue undertones
https://raw.githubusercontent.com/JustinSQiu/image-captioning-mturk/master/cvqa/Spanish_images/5865906694275223095_0.jpg,What geological feature surrounds the water on one side?,rugged rocks and lush trees
https://raw.githubusercontent.com/JustinSQiu/image-captioning-mturk/master/cvqa/Spanish_images/5865906694275223095_0.jpg,What type of mountains extend into the horizon?,brown mountains with greenery
https://raw.githubusercontent.com/JustinSQiu/image-captioning-mturk/master/cvqa/Spanish_images/5865906694277017732_0.jpg,What type of cake is indicated by the three types of milk?,tres leches cake
https://raw.githubusercontent.com/JustinSQiu/image-captioning-mturk/master/cvqa/Spanish_images/5865906694277017732_0.jpg,What spice mix is famous in Latin cuisine mentioned in the description?,adobo seasoning
https://raw.githubusercontent.com/JustinSQiu/image-captioning-mturk/master/cvqa/Spanish_images/5865926944277554121_0.jpg,What does the acronym 'M.A.A.S.' stand for?,Anthropological and Contemporary Art Museum
https://raw.githubusercontent.com/JustinSQiu/image-captioning-mturk/master/cvqa/Spanish_images/5865926944277554121_0.jpg,What kind of artistic installation is seen in the distance?,bold color installation
https://raw.githubusercontent.com/JustinSQiu/image-captioning-mturk/master/cvqa/Spanish_images/5865926944277554121_0.jpg,What tropical plants embellish the walking area?,palm trees
https://raw.githubusercontent.com/JustinSQiu/image-captioning-mturk/master/cvqa/Spanish_images/5865926944279878517_0.jpg,What type of shorts is the man wearing?,gray boxer-style shorts
https://raw.githubusercontent.com/JustinSQiu/image-captioning-mturk/master/cvqa/Spanish_images/5865926944279878517_0.jpg,What is the man manipulating in his hands?,leaves and a stick
https://raw.githubusercontent.com/JustinSQiu/image-captioning-mturk/master/cvqa/Spanish_images/5865926944279878517_0.jpg,What feature of the trees indicates specific species or environmental factors?,gray bark
https://raw.githubusercontent.com/JustinSQiu/image-captioning-mturk/master/cvqa/Spanish_images/5865926954272648432_0.jpg,What types of items does the elderly woman sell?,"corn, seeds, and nuts"
https://raw.githubusercontent.com/JustinSQiu/image-captioning-mturk/master/cvqa/Spanish_images/5865926954272648432_0.jpg,What traditional setting reflects the essence of market life?,a bustling marketplace
https://raw.githubusercontent.com/JustinSQiu/image-captioning-mturk/master/cvqa/Spanish_images/5865926954273506418_0.jpg,What significant traditional attire are the ground attendees wearing?,gentleman's clothing
https://raw.githubusercontent.com/JustinSQiu/image-captioning-mturk/master/cvqa/Spanish_images/5865926954273506418_0.jpg,What type of caps are the men wearing that is common in equestrian circles?,horse caps
https://raw.githubusercontent.com/JustinSQiu/image-captioning-mturk/master/cvqa/Spanish_images/5865926954273506418_0.jpg,What type of riding environment does the backdrop suggest?,a sandy arena
https://raw.githubusercontent.com/JustinSQiu/image-captioning-mturk/master/cvqa/Spanish_images/5865926954274740290_0.jpg,What type of plantains are served with the fried fish?,tostones
https://raw.githubusercontent.com/JustinSQiu/image-captioning-mturk/master/cvqa/Spanish_images/5865926954274740290_0.jpg,What indicates the fish has been well-cooked?,golden brown exterior
https://raw.githubusercontent.com/JustinSQiu/image-captioning-mturk/master/cvqa/Spanish_images/5865926964279103622_0.jpg,What significant figures are depicted in the large photographs?,individuals expressing anger
https://raw.githubusercontent.com/JustinSQiu/image-captioning-mturk/master/cvqa/Spanish_images/5865926964279103622_0.jpg,What architectural feature contributes to the church's grandeur?,prominent domes
https://raw.githubusercontent.com/JustinSQiu/image-captioning-mturk/master/cvqa/Spanish_images/5865940574279808603_0.jpg,What is the architectural significance of the building described?,historical value
https://raw.githubusercontent.com/JustinSQiu/image-captioning-mturk/master/cvqa/Spanish_images/5865940574279808603_0.jpg,What materials were predominantly used in the construction?,stone
https://raw.githubusercontent.com/JustinSQiu/image-captioning-mturk/master/cvqa/Spanish_images/5865940574279808603_0.jpg,What type of silhouette does the building have?,vertical silhouette
https://raw.githubusercontent.com/JustinSQiu/image-captioning-mturk/master/cvqa/Spanish_images/5865940584279008958_0.jpg,What is the prominent color of the base in the image?,yellow
https://raw.githubusercontent.com/JustinSQiu/image-captioning-mturk/master/cvqa/Spanish_images/5865940584279008958_0.jpg,What type of bricks are mentioned in the description?,traditional bricks
https://raw.githubusercontent.com/JustinSQiu/image-captioning-mturk/master/cvqa/Spanish_images/5865940584279579579_0.jpg,What type of cheese is featured alongside ham and tomatoes?,white cheese
https://raw.githubusercontent.com/JustinSQiu/image-captioning-mturk/master/cvqa/Spanish_images/5865940584279579579_0.jpg,What drink is suggested to indicate a festive occasion?,champagne
https://raw.githubusercontent.com/JustinSQiu/image-captioning-mturk/master/cvqa/Spanish_images/5865940584279579579_0.jpg,What type of blouse is the woman in the photo wearing?,white blouse
https://raw.githubusercontent.com/JustinSQiu/image-captioning-mturk/master/cvqa/Spanish_images/5865940594272033530_0.jpg,What significant international tournament is the player participating in?,World Cup
https://raw.githubusercontent.com/JustinSQiu/image-captioning-mturk/master/cvqa/Spanish_images/5865940594272033530_0.jpg,What color is the player's team uniform?,red with yellow accents
https://raw.githubusercontent.com/JustinSQiu/image-captioning-mturk/master/cvqa/Spanish_images/5865940594272033530_0.jpg,What is the player's team number?,6
https://raw.githubusercontent.com/JustinSQiu/image-captioning-mturk/master/cvqa/Spanish_images/5865940594273100291_0.jpg,What type of artistic representation does the wood resemble?,a human face
https://raw.githubusercontent.com/JustinSQiu/image-captioning-mturk/master/cvqa/Spanish_images/5865940594273100291_0.jpg,What material is used for the nose of the face?,red wood
https://raw.githubusercontent.com/JustinSQiu/image-captioning-mturk/master/cvqa/Spanish_images/5865940594273100291_0.jpg,What type of structure is depicted atop the wooden piece?,a cap
https://raw.githubusercontent.com/JustinSQiu/image-captioning-mturk/master/cvqa/Spanish_images/5865940594276480611_0.jpg,Who is the prominent Spanish actress in the photo?,Penélope Cruz
https://raw.githubusercontent.com/JustinSQiu/image-captioning-mturk/master/cvqa/Spanish_images/5865940594276480611_0.jpg,What type of event does the setting suggest?,red carpet event
https://raw.githubusercontent.com/JustinSQiu/image-captioning-mturk/master/cvqa/Spanish_images/5865940594276480611_0.jpg,What color is Penélope Cruz's dress?,striking blue
https://raw.githubusercontent.com/JustinSQiu/image-captioning-mturk/master/cvqa/Spanish_images/5865940594277917908_0.jpg,What is the King's full name?,María Nora Hoy
https://raw.githubusercontent.com/JustinSQiu/image-captioning-mturk/master/cvqa/Spanish_images/5865940594277917908_0.jpg,What color is the tie he is wearing?,blue with white polka dots
https://raw.githubusercontent.com/JustinSQiu/image-captioning-mturk/master/cvqa/Spanish_images/5865940594277917908_0.jpg,During which years did he serve as Prime Minister?,2011 until 2018
https://raw.githubusercontent.com/JustinSQiu/image-captioning-mturk/master/cvqa/Tamil_images/5920593834271069432_0.jpg,What Indian beverage made with milk is typically colored pink?,rose milk
https://raw.githubusercontent.com/JustinSQiu/image-captioning-mturk/master/cvqa/Tamil_images/5920593834271069432_0.jpg,What cultural significance do the two types of glasses have?,featured in a song
https://raw.githubusercontent.com/JustinSQiu/image-captioning-mturk/master/cvqa/Tamil_images/5920593834271404586_0.jpg,What event indicates recent development at the station?,a growth banner
https://raw.githubusercontent.com/JustinSQiu/image-captioning-mturk/master/cvqa/Tamil_images/5920593834271404586_0.jpg,Who is mentioned in relation to the station's rain preparedness?,Kamarajar
https://raw.githubusercontent.com/JustinSQiu/image-captioning-mturk/master/cvqa/Tamil_images/5920593834271482095_0.jpg,What specific ingredient is covered with plastic?,king's potato
https://raw.githubusercontent.com/JustinSQiu/image-captioning-mturk/master/cvqa/Tamil_images/5920593834271482095_0.jpg,Who is the person seated in the background?,Vikram
https://raw.githubusercontent.com/JustinSQiu/image-captioning-mturk/master/cvqa/Tamil_images/5920593834271526404_0.jpg,What type of flatbread is served with the meal?,chapati
https://raw.githubusercontent.com/JustinSQiu/image-captioning-mturk/master/cvqa/Tamil_images/5920593834271526404_0.jpg,What southern Indian vegetable dish is included?,Colombo subji
https://raw.githubusercontent.com/JustinSQiu/image-captioning-mturk/master/cvqa/Tamil_images/5920593834271526404_0.jpg,What type of lentil stew is mentioned?,sambhar
https://raw.githubusercontent.com/JustinSQiu/image-captioning-mturk/master/cvqa/Tamil_images/5920593834271526404_0.jpg,What is the rich meat dish mentioned with gravy?,mutton curry
https://raw.githubusercontent.com/JustinSQiu/image-captioning-mturk/master/cvqa/Tamil_images/5920593834271567243_0.jpg,What type of tree represents a connection to community in the scene?,a village tree
https://raw.githubusercontent.com/JustinSQiu/image-captioning-mturk/master/cvqa/Tamil_images/5920593834271567243_0.jpg,What kind of ecosystem does the lush greenery resemble?,a well-maintained garden
https://raw.githubusercontent.com/JustinSQiu/image-captioning-mturk/master/cvqa/Tamil_images/5920593834271567243_0.jpg,What detail hints at decay in a lively setting?,a lifeless branch
https://raw.githubusercontent.com/JustinSQiu/image-captioning-mturk/master/cvqa/Tamil_images/5920593834271608414_0.jpg,What interactive element is mentioned regarding the conch shell?,blowing into the conch shell
https://raw.githubusercontent.com/JustinSQiu/image-captioning-mturk/master/cvqa/Tamil_images/5920593834271608414_0.jpg,What significant deity is enshrined in the temple?,a large deity
https://raw.githubusercontent.com/JustinSQiu/image-captioning-mturk/master/cvqa/Tamil_images/5920593834271608414_0.jpg,What aspect associated with the temple suggests dietary practices?,vegetarian aspect
https://raw.githubusercontent.com/JustinSQiu/image-captioning-mturk/master/cvqa/Tamil_images/5920593834271666248_0.jpg,What cultural attire do many individuals wear in the scene?,white attire
https://raw.githubusercontent.com/JustinSQiu/image-captioning-mturk/master/cvqa/Tamil_images/5920593834271666248_0.jpg,What type of trees are visible in front of the station?,three prominent trees
https://raw.githubusercontent.com/JustinSQiu/image-captioning-mturk/master/cvqa/Tamil_images/5920593834272648564_0.jpg,What color fabric is wrapped around the bells?,vibrant red material
https://raw.githubusercontent.com/JustinSQiu/image-captioning-mturk/master/cvqa/Tamil_images/5920593834272648564_0.jpg,What decorations adorn the red fabric around the bells?,gold-colored embellishments
https://raw.githubusercontent.com/JustinSQiu/image-captioning-mturk/master/cvqa/Tamil_images/5920593834272648564_0.jpg,What is the significance of the bells' arrangement?,offering to a deity
https://raw.githubusercontent.com/JustinSQiu/image-captioning-mturk/master/cvqa/Tamil_images/5920593834272953332_0.jpg,What is the name of the dance form she is performing?,Bharatanatyam
https://raw.githubusercontent.com/JustinSQiu/image-captioning-mturk/master/cvqa/Tamil_images/5920593834272953332_0.jpg,What traditional accessory is she wearing to enhance her attire?,a traditional necklace
https://raw.githubusercontent.com/JustinSQiu/image-captioning-mturk/master/cvqa/Tamil_images/5920593834272953332_0.jpg,What floral decoration is in her hair?,flowers
https://raw.githubusercontent.com/JustinSQiu/image-captioning-mturk/master/cvqa/Tamil_images/5920593834273282614_0.jpg,What traditional garment is the woman wearing?,a shawl
https://raw.githubusercontent.com/JustinSQiu/image-captioning-mturk/master/cvqa/Tamil_images/5920593834273282614_0.jpg,What does the display symbolize about the past?,lifestyle of ancient times
https://raw.githubusercontent.com/JustinSQiu/image-captioning-mturk/master/cvqa/Tamil_images/5920593834273282614_0.jpg,What architectural features are on the model house?,triangular roofs
https://raw.githubusercontent.com/JustinSQiu/image-captioning-mturk/master/cvqa/Tamil_images/5920593834273285626_0.jpg,What traditional celebration do the attendees seem to represent from the Southern regions of India?,a sport event
https://raw.githubusercontent.com/JustinSQiu/image-captioning-mturk/master/cvqa/Tamil_images/5920593834273285626_0.jpg,What does Mark throw at the fallen individuals?,orange peels
https://raw.githubusercontent.com/JustinSQiu/image-captioning-mturk/master/cvqa/Tamil_images/5920593834273684568_0.jpg,What time of day is indicated by the soft lighting?,morning hours
https://raw.githubusercontent.com/JustinSQiu/image-captioning-mturk/master/cvqa/Tamil_images/5920593834273684568_0.jpg,What natural features surround the rocky terrain?,various trees
https://raw.githubusercontent.com/JustinSQiu/image-captioning-mturk/master/cvqa/Tamil_images/5920593834274550467_0.jpg,What event is energizing the crowd in the stadium?,a football match
https://raw.githubusercontent.com/JustinSQiu/image-captioning-mturk/master/cvqa/Tamil_images/5920593834274550467_0.jpg,What signifies team affiliations among the spectators?,distinctive bandanas
https://raw.githubusercontent.com/JustinSQiu/image-captioning-mturk/master/cvqa/Tamil_images/5920593834274802146_0.jpg,Who ceremoniously cut the ribbon to mark the sports area opening?,Harbhajan
https://raw.githubusercontent.com/JustinSQiu/image-captioning-mturk/master/cvqa/Tamil_images/5920593834274802146_0.jpg,What type of fruit symbolizes hospitality at the gathering?,fresh dates
https://raw.githubusercontent.com/JustinSQiu/image-captioning-mturk/master/cvqa/Tamil_images/5920593834274802146_0.jpg,What is the color of the vibrant snacks presented on the table?,red
https://raw.githubusercontent.com/JustinSQiu/image-captioning-mturk/master/cvqa/Tamil_images/5920593834275020079_0.jpg,What does the extruder resemble?,a noodle maker
https://raw.githubusercontent.com/JustinSQiu/image-captioning-mturk/master/cvqa/Tamil_images/5920593834275020079_0.jpg,What color is the handle of the extruder?,brass color
https://raw.githubusercontent.com/JustinSQiu/image-captioning-mturk/master/cvqa/Tamil_images/5920593834275020079_0.jpg,What type of noodles are highlighted in the scene?,"fried noodles, sev"
https://raw.githubusercontent.com/JustinSQiu/image-captioning-mturk/master/cvqa/Tamil_images/5920593834275139325_0.jpg,What traditional dish are the potatoes being prepared for?,Thiruvaiyin
https://raw.githubusercontent.com/JustinSQiu/image-captioning-mturk/master/cvqa/Tamil_images/5920593834275139325_0.jpg,What is the spiced lentil soup that requires garlic and onions?,sambar
https://raw.githubusercontent.com/JustinSQiu/image-captioning-mturk/master/cvqa/Tamil_images/5920593834275139325_0.jpg,What essential step is taken for dessert preparation in Indian cooking?,cooling overnight
https://raw.githubusercontent.com/JustinSQiu/image-captioning-mturk/master/cvqa/Tamil_images/5920593834276479217_0.jpg,Who commissioned the Taj Mahal?,Shah Jahan
https://raw.githubusercontent.com/JustinSQiu/image-captioning-mturk/master/cvqa/Tamil_images/5920593834276479217_0.jpg,What was the Taj Mahal built in memory of?,Mumtaz Mahal
https://raw.githubusercontent.com/JustinSQiu/image-captioning-mturk/master/cvqa/Tamil_images/5920593834276479217_0.jpg,What local transportation method is evident in the foreground?,bicycles
https://raw.githubusercontent.com/JustinSQiu/image-captioning-mturk/master/cvqa/Tamil_images/5920593834277229335_0.jpg,What city in India is mentioned where the auto rickshaw is commonly seen?,Chennai
https://raw.githubusercontent.com/JustinSQiu/image-captioning-mturk/master/cvqa/Tamil_images/5920593834277229335_0.jpg,What whimsical elements resemble black sheep in the scene?,decorative elements
https://raw.githubusercontent.com/JustinSQiu/image-captioning-mturk/master/cvqa/Tamil_images/5920593834278015260_0.jpg,What are the passengers primarily engaged in during the train ride?,reading materials
https://raw.githubusercontent.com/JustinSQiu/image-captioning-mturk/master/cvqa/Tamil_images/5920593834278015260_0.jpg,Who is overseeing the passengers in the train compartment?,a conductor or staff member
https://raw.githubusercontent.com/JustinSQiu/image-captioning-mturk/master/cvqa/Tamil_images/5920593834279086633_0.jpg,What traditional headwear are many worshippers wearing?,hats
https://raw.githubusercontent.com/JustinSQiu/image-captioning-mturk/master/cvqa/Tamil_images/5920593834279086633_0.jpg,What is the significance of kneeling in the mosque?,an act of prayer
https://raw.githubusercontent.com/JustinSQiu/image-captioning-mturk/master/cvqa/Tamil_images/5920593834279573677_0.jpg,What type of fruit is featured on the tree?,mangoes
https://raw.githubusercontent.com/JustinSQiu/image-captioning-mturk/master/cvqa/Tamil_images/5920593834279573677_0.jpg,What city in Tamil Nadu is mentioned for its harvesting practices?,Madurai
https://raw.githubusercontent.com/JustinSQiu/image-captioning-mturk/master/cvqa/Tamil_images/5920593844271203931_0.jpg,What traditional attire is the priest wearing during the prayer ritual?,"jeep, kurta, and pajamas"
https://raw.githubusercontent.com/JustinSQiu/image-captioning-mturk/master/cvqa/Tamil_images/5920593844271203931_0.jpg,What is the vessel used for in religious ceremonies?,hold offerings or purification
https://raw.githubusercontent.com/JustinSQiu/image-captioning-mturk/master/cvqa/Tamil_images/5920593844271310268_0.jpg,What brand of ice cream is featured in the scene?,Amul
https://raw.githubusercontent.com/JustinSQiu/image-captioning-mturk/master/cvqa/Tamil_images/5920593844271310268_0.jpg,What type of hairstyle does the little girl have?,meticulously styled
https://raw.githubusercontent.com/JustinSQiu/image-captioning-mturk/master/cvqa/Tamil_images/5920593844271310268_0.jpg,What decorative item are the girls wearing at the festival?,rings
https://raw.githubusercontent.com/JustinSQiu/image-captioning-mturk/master/cvqa/Tamil_images/5920593844271777115_0.jpg,"What is the main dish served, known for its thin, crisp texture?",dosa
https://raw.githubusercontent.com/JustinSQiu/image-captioning-mturk/master/cvqa/Tamil_images/5920593844271777115_0.jpg,What is the flavorful lentil-based vegetable stew accompanying the dosa?,sambar
https://raw.githubusercontent.com/JustinSQiu/image-captioning-mturk/master/cvqa/Tamil_images/5920593844271777115_0.jpg,"What type of chutney is creamy and mildly spicy, made from grated coconut?",coconut chutney
https://raw.githubusercontent.com/JustinSQiu/image-captioning-mturk/master/cvqa/Tamil_images/5920593844271816304_0.jpg,What does the black band on the speaker indicate?,a uniform or accessory
https://raw.githubusercontent.com/JustinSQiu/image-captioning-mturk/master/cvqa/Tamil_images/5920593844271816304_0.jpg,What are the colors of the boxes on stage?,"red, white, black"
https://raw.githubusercontent.com/JustinSQiu/image-captioning-mturk/master/cvqa/Tamil_images/5920593844271816304_0.jpg,What type of event is this speech part of?,TEDxBitsGOA
https://raw.githubusercontent.com/JustinSQiu/image-captioning-mturk/master/cvqa/Tamil_images/5920593844271819813_0.jpg,What traditional garment are women showcasing during the event?,sari dresses
https://raw.githubusercontent.com/JustinSQiu/image-captioning-mturk/master/cvqa/Tamil_images/5920593844271819813_0.jpg,What wellness practice is occurring among the participants?,yoga session
https://raw.githubusercontent.com/JustinSQiu/image-captioning-mturk/master/cvqa/Tamil_images/5920593844271819813_0.jpg,What type of attire does the standout woman wear?,traditional sari
https://raw.githubusercontent.com/JustinSQiu/image-captioning-mturk/master/cvqa/Tamil_images/5920593844272231186_0.jpg,What inscription is found in Hindi on the note?,"""United Seven Borne 9059"""
https://raw.githubusercontent.com/JustinSQiu/image-captioning-mturk/master/cvqa/Tamil_images/5920593844272231186_0.jpg,Which symbol on the note represents moral righteousness?,Ashoka symbol
https://raw.githubusercontent.com/JustinSQiu/image-captioning-mturk/master/cvqa/Tamil_images/5920593844272231186_0.jpg,What colors are on the front and back of the note?,Lilac and greyish
https://raw.githubusercontent.com/JustinSQiu/image-captioning-mturk/master/cvqa/Tamil_images/5920593844272504622_0.jpg,What is the name of the train mentioned in the scene?,India Express
https://raw.githubusercontent.com/JustinSQiu/image-captioning-mturk/master/cvqa/Tamil_images/5920593844272504622_0.jpg,What color is the garage area painted?,bold red
https://raw.githubusercontent.com/JustinSQiu/image-captioning-mturk/master/cvqa/Tamil_images/5920593844272504622_0.jpg,What type of carriage is described as more economical?,second-class carriage
https://raw.githubusercontent.com/JustinSQiu/image-captioning-mturk/master/cvqa/Tamil_images/5920593844272703438_0.jpg,What festival atmosphere is suggested by the imagery?,courtroom atmosphere
https://raw.githubusercontent.com/JustinSQiu/image-captioning-mturk/master/cvqa/Tamil_images/5920593844272703438_0.jpg,What type of cattle is primarily featured in the scene?,domesticated cattle
https://raw.githubusercontent.com/JustinSQiu/image-captioning-mturk/master/cvqa/Tamil_images/5920593844272703438_0.jpg,What element emphasizes the lack of human presence in the scene?,group of cattle
https://raw.githubusercontent.com/JustinSQiu/image-captioning-mturk/master/cvqa/Tamil_images/5920593844272960142_0.jpg,What traditional Tamil festival is mentioned that involves sharing food?,Pongal
https://raw.githubusercontent.com/JustinSQiu/image-captioning-mturk/master/cvqa/Tamil_images/5920593844272960142_0.jpg,What unique fruit is combined with tamarind in the dish?,mango
https://raw.githubusercontent.com/JustinSQiu/image-captioning-mturk/master/cvqa/Tamil_images/5920593844272992296_0.jpg,What type of cover is prominently featured in the unit?,halter collar Jio cover
https://raw.githubusercontent.com/JustinSQiu/image-captioning-mturk/master/cvqa/Tamil_images/5920593844272992296_0.jpg,What item serves as a reason for the Jio list cover?,Jio scent card
https://raw.githubusercontent.com/JustinSQiu/image-captioning-mturk/master/cvqa/Tamil_images/5920593844272992296_0.jpg,What color is the box that resembles a color bar?,orange
https://raw.githubusercontent.com/JustinSQiu/image-captioning-mturk/master/cvqa/Tamil_images/5920593844273146000_0.jpg,Who is depicted delivering the speech?,Abdul Kalam
https://raw.githubusercontent.com/JustinSQiu/image-captioning-mturk/master/cvqa/Tamil_images/5920593844273146000_0.jpg,What item enhances the Indian national flag's appearance?,yellow designs
https://raw.githubusercontent.com/JustinSQiu/image-captioning-mturk/master/cvqa/Tamil_images/5920593844273146000_0.jpg,What type of shirt is Abdul Kalam wearing?,a crisp white shirt
https://raw.githubusercontent.com/JustinSQiu/image-captioning-mturk/master/cvqa/Tamil_images/5920593844273146000_0.jpg,What signifies his authority as a representative of India?,the Indian flag
https://raw.githubusercontent.com/JustinSQiu/image-captioning-mturk/master/cvqa/Tamil_images/5920593844273146000_0.jpg,Where is Abdul Kalam recognized as a cultural ambassador?,Brazil
https://raw.githubusercontent.com/JustinSQiu/image-captioning-mturk/master/cvqa/Tamil_images/5920593844273274387_0.jpg,What is the primary item used for lighting in the Hindu puja?,an oil lamp
https://raw.githubusercontent.com/JustinSQiu/image-captioning-mturk/master/cvqa/Tamil_images/5920593844273274387_0.jpg,"What sacred powder is commonly used in Hindu rituals, likely present in the setup?",kumkum
https://raw.githubusercontent.com/JustinSQiu/image-captioning-mturk/master/cvqa/Tamil_images/5920593844273274387_0.jpg,What does the white pedestal typically hold during the puja?,offerings
https://raw.githubusercontent.com/JustinSQiu/image-captioning-mturk/master/cvqa/Tamil_images/5920593844273621294_0.jpg,What does the child think about?,college life
https://raw.githubusercontent.com/JustinSQiu/image-captioning-mturk/master/cvqa/Tamil_images/5920593844273621294_0.jpg,What book does the child mention?,'Nukstar'
https://raw.githubusercontent.com/JustinSQiu/image-captioning-mturk/master/cvqa/Tamil_images/5920593844273654105_0.jpg,What traditional Indian sport emphasizes agility and strategic play?,Kabaddi
https://raw.githubusercontent.com/JustinSQiu/image-captioning-mturk/master/cvqa/Tamil_images/5920593844273654105_0.jpg,What is the name of one identified player in the game?,Maithi
https://raw.githubusercontent.com/JustinSQiu/image-captioning-mturk/master/cvqa/Tamil_images/5920593844273654105_0.jpg,What is the cultural demeanor of the crowd during the game?,high spirits
https://raw.githubusercontent.com/JustinSQiu/image-captioning-mturk/master/cvqa/Tamil_images/5920593844274177246_0.jpg,What symbolizes protection or devotion on the man's wrist?,a red bracelet
https://raw.githubusercontent.com/JustinSQiu/image-captioning-mturk/master/cvqa/Tamil_images/5920593844274177246_0.jpg,What type of design does the peculiar car resemble?,a settee or lounge chair
https://raw.githubusercontent.com/JustinSQiu/image-captioning-mturk/master/cvqa/Tamil_images/5920593844274202373_0.jpg,What cultural element does the color palette represent?,the essence of India
https://raw.githubusercontent.com/JustinSQiu/image-captioning-mturk/master/cvqa/Tamil_images/5920593844274202373_0.jpg,What does the lighter platter indicate in the image?,juxtaposition of prosperity and simplicity
https://raw.githubusercontent.com/JustinSQiu/image-captioning-mturk/master/cvqa/Tamil_images/5920593844274270558_0.jpg,What multilingual text indicates the location of the event?,Written in Tamil
https://raw.githubusercontent.com/JustinSQiu/image-captioning-mturk/master/cvqa/Tamil_images/5920593844274270558_0.jpg,What state in India is known for its numerous temples?,Tamil Nadu
https://raw.githubusercontent.com/JustinSQiu/image-captioning-mturk/master/cvqa/Tamil_images/5920593844274270558_0.jpg,What is used to enhance the festive ambiance?,an array of lights
https://raw.githubusercontent.com/JustinSQiu/image-captioning-mturk/master/cvqa/Tamil_images/5920593844274445175_0.jpg,What traditional garment are most boys wearing during yoga?,banyans
https://raw.githubusercontent.com/JustinSQiu/image-captioning-mturk/master/cvqa/Tamil_images/5920593844274445175_0.jpg,What do the boys' banyans signify in Indian culture?,traditional clothing
https://raw.githubusercontent.com/JustinSQiu/image-captioning-mturk/master/cvqa/Tamil_images/5920593844274445175_0.jpg,What role does the individual in jeans play in the yoga session?,leading the session
https://raw.githubusercontent.com/JustinSQiu/image-captioning-mturk/master/cvqa/Tamil_images/5920593844274482477_0.jpg,Which famous Indian cricketer is noted in the scene?,Sachin Tendulkar
https://raw.githubusercontent.com/JustinSQiu/image-captioning-mturk/master/cvqa/Tamil_images/5920593844274482477_0.jpg,What colors symbolize the Indian team in the match?,blue and white
https://raw.githubusercontent.com/JustinSQiu/image-captioning-mturk/master/cvqa/Tamil_images/5920593844274482477_0.jpg,What is the inscription seen above the stands?,"""member"""
https://raw.githubusercontent.com/JustinSQiu/image-captioning-mturk/master/cvqa/Tamil_images/5920593844274513994_0.jpg,What state in India is the scene depicted in?,Tamil Nadu
https://raw.githubusercontent.com/JustinSQiu/image-captioning-mturk/master/cvqa/Tamil_images/5920593844274513994_0.jpg,What language is the text written in?,Tamil
https://raw.githubusercontent.com/JustinSQiu/image-captioning-mturk/master/cvqa/Tamil_images/5920593844274513994_0.jpg,What type of vehicle is parked in front of the shop?,a scooter
https://raw.githubusercontent.com/JustinSQiu/image-captioning-mturk/master/cvqa/Tamil_images/5920593844274743996_0.jpg,What traditional sport is being showcased in this scene?,Jallikattu
https://raw.githubusercontent.com/JustinSQiu/image-captioning-mturk/master/cvqa/Tamil_images/5920593844274743996_0.jpg,What does the banner in the background say in Tamil?,Police Emergency 108
https://raw.githubusercontent.com/JustinSQiu/image-captioning-mturk/master/cvqa/Tamil_images/5920593844274743996_0.jpg,What color t-shirts are the majority of participants wearing?,vibrant yellow
https://raw.githubusercontent.com/JustinSQiu/image-captioning-mturk/master/cvqa/Tamil_images/5920593844275164921_0.jpg,What issue is highlighted regarding the bicycle parking area?,presence of trash and debris
https://raw.githubusercontent.com/JustinSQiu/image-captioning-mturk/master/cvqa/Tamil_images/5920593844275164921_0.jpg,What practical feature is mentioned for the bicycle parking?,shelter against bugs
https://raw.githubusercontent.com/JustinSQiu/image-captioning-mturk/master/cvqa/Tamil_images/5920593844275778595_0.jpg,What distinctive pattern decorates the taxis in the image?,black-brown flower pattern
https://raw.githubusercontent.com/JustinSQiu/image-captioning-mturk/master/cvqa/Tamil_images/5920593844275778595_0.jpg,What is the name of the iconic car model associated with Indian taxis?,Premier Padmini
https://raw.githubusercontent.com/JustinSQiu/image-captioning-mturk/master/cvqa/Tamil_images/5920593844275778595_0.jpg,What common name do the four individuals share?,Karthik
https://raw.githubusercontent.com/JustinSQiu/image-captioning-mturk/master/cvqa/Tamil_images/5920593844275805534_0.jpg,What medicinal value is suggested by the leaf observation?,substantial medicinal value
https://raw.githubusercontent.com/JustinSQiu/image-captioning-mturk/master/cvqa/Tamil_images/5920593844275805534_0.jpg,Which language lacks an equivalent term for ‘lap’?,Tamil
https://raw.githubusercontent.com/JustinSQiu/image-captioning-mturk/master/cvqa/Tamil_images/5920593844275805534_0.jpg,What does the two-hour clock represent in the scene?,theme of time
https://raw.githubusercontent.com/JustinSQiu/image-captioning-mturk/master/cvqa/Tamil_images/5920593844276445399_0.jpg,What colorful clothing items are emphasized in the players' attire?,stylish socks
https://raw.githubusercontent.com/JustinSQiu/image-captioning-mturk/master/cvqa/Tamil_images/5920593844276445399_0.jpg,What type of tree is visible in the background?,palm tree
https://raw.githubusercontent.com/JustinSQiu/image-captioning-mturk/master/cvqa/Tamil_images/5920593844276445399_0.jpg,What color is the ball one key player strikes?,green
https://raw.githubusercontent.com/JustinSQiu/image-captioning-mturk/master/cvqa/Tamil_images/5920593844276630150_0.jpg,Who is the prominent figure mentioned in relation to community efforts?,Arun
https://raw.githubusercontent.com/JustinSQiu/image-captioning-mturk/master/cvqa/Tamil_images/5920593844276630150_0.jpg,Which goddess plays a central role in supporting the community?,Lakshmi
https://raw.githubusercontent.com/JustinSQiu/image-captioning-mturk/master/cvqa/Tamil_images/5920593844277290844_0.jpg,What traditional dress style is the individual wearing?,full-cover attire
https://raw.githubusercontent.com/JustinSQiu/image-captioning-mturk/master/cvqa/Tamil_images/5920593844277290844_0.jpg,What natural feature enhances the charm of the photograph?,the morning sun
https://raw.githubusercontent.com/JustinSQiu/image-captioning-mturk/master/cvqa/Tamil_images/5920593844277290844_0.jpg,What type of footwear adds a contemporary element to the traditional attire?,Nike sneakers
https://raw.githubusercontent.com/JustinSQiu/image-captioning-mturk/master/cvqa/Tamil_images/5920593844277494714_0.jpg,What city is the Lotus Temple located in?,New Delhi
https://raw.githubusercontent.com/JustinSQiu/image-captioning-mturk/master/cvqa/Tamil_images/5920593844277494714_0.jpg,What flower does the temple's design symbolize?,lotus
https://raw.githubusercontent.com/JustinSQiu/image-captioning-mturk/master/cvqa/Tamil_images/5920593844277494714_0.jpg,What colors illuminate the temple at night?,light purple
https://raw.githubusercontent.com/JustinSQiu/image-captioning-mturk/master/cvqa/Tamil_images/5920593844277598170_0.jpg,What type of flour is specifically used in the dish?,sea flour
https://raw.githubusercontent.com/JustinSQiu/image-captioning-mturk/master/cvqa/Tamil_images/5920593844277598170_0.jpg,What is the cultural emphasis when serving this dish?,presentation during meal service
https://raw.githubusercontent.com/JustinSQiu/image-captioning-mturk/master/cvqa/Tamil_images/5920593844277598170_0.jpg,What type of snack is this dish categorized as?,traditional South Indian snack
https://raw.githubusercontent.com/JustinSQiu/image-captioning-mturk/master/cvqa/Tamil_images/5920593844278508257_0.jpg,What term refers to the lunch boxes delivered in Mumbai?,dabbas
https://raw.githubusercontent.com/JustinSQiu/image-captioning-mturk/master/cvqa/Tamil_images/5920593844278508257_0.jpg,What is the name of the delivery workers known for this service?,Dabbawalas
https://raw.githubusercontent.com/JustinSQiu/image-captioning-mturk/master/cvqa/Tamil_images/5920593844278508257_0.jpg,What cultural attire does the delivery person wear?,full sleeves
https://raw.githubusercontent.com/JustinSQiu/image-captioning-mturk/master/cvqa/Tamil_images/5920593844279665716_0.jpg,What indicates ongoing construction or maintenance work at the airport?,a bulldozer
https://raw.githubusercontent.com/JustinSQiu/image-captioning-mturk/master/cvqa/Tamil_images/5920593844279665716_0.jpg,What type of operations are suggested to be waiting to commence or resume?,ground operations
https://raw.githubusercontent.com/JustinSQiu/image-captioning-mturk/master/cvqa/Tamil_images/5920593844279717867_0.jpg,What is the cultural significance of the Aswad India symbol on his jacket?,pride in his heritage
https://raw.githubusercontent.com/JustinSQiu/image-captioning-mturk/master/cvqa/Tamil_images/5920593844279717867_0.jpg,What festival attire is suggested by his graphic design T-shirt?,casual and stylish aesthetics
https://raw.githubusercontent.com/JustinSQiu/image-captioning-mturk/master/cvqa/Tamil_images/5920593844279777454_0.jpg,What traditional garment is the elderly man wearing?,jipha
https://raw.githubusercontent.com/JustinSQiu/image-captioning-mturk/master/cvqa/Tamil_images/5920593844279777454_0.jpg,What hairstyle are the girls styling for the occasion?,elegant buns
https://raw.githubusercontent.com/JustinSQiu/image-captioning-mturk/master/cvqa/Tamil_images/5920593844279777454_0.jpg,What occasion is suggested by the festive clothing?,a wedding function
https://raw.githubusercontent.com/JustinSQiu/image-captioning-mturk/master/cvqa/Tamil_images/5920593844279777454_0.jpg,What accessory is draped over one girl's shoulder?,a dupatta
https://raw.githubusercontent.com/JustinSQiu/image-captioning-mturk/master/cvqa/Tamil_images/5920593844279862146_0.jpg,What significant event is the venue being prepared for?,a wedding ceremony
https://raw.githubusercontent.com/JustinSQiu/image-captioning-mturk/master/cvqa/Tamil_images/5920593844279862146_0.jpg,What colors are prominently used in the decorations?,white and brown tones
https://raw.githubusercontent.com/JustinSQiu/image-captioning-mturk/master/cvqa/Tamil_images/5920593844279862146_0.jpg,What unique architectural feature contributes to the church's grandeur?,stained glass window
https://raw.githubusercontent.com/JustinSQiu/image-captioning-mturk/master/cvqa/Tamil_images/5920593854272327412_0.jpg,What are the sweet treats discussed at the gathering?,laddus
https://raw.githubusercontent.com/JustinSQiu/image-captioning-mturk/master/cvqa/Tamil_images/5920593854272327412_0.jpg,What characteristic color is associated with the smaller laddus?,yellow and white
https://raw.githubusercontent.com/JustinSQiu/image-captioning-mturk/master/cvqa/Tamil_images/5920593854272327412_0.jpg,Who might have made the large laddu as a thoughtful offering?,a sister
https://raw.githubusercontent.com/JustinSQiu/image-captioning-mturk/master/cvqa/Tamil_images/5920593854272518895_0.jpg,What culture emphasizes the use of a dedicated spoon for each spice?,Indian cooking culture
https://raw.githubusercontent.com/JustinSQiu/image-captioning-mturk/master/cvqa/Tamil_images/5920593854272518895_0.jpg,What type of container is used for arranging spices in Indian kitchens?,Masala Dabba
https://raw.githubusercontent.com/JustinSQiu/image-captioning-mturk/master/cvqa/Tamil_images/5920593854272518895_0.jpg,What significant location is mentioned in relation to the spices?,Patroor
https://raw.githubusercontent.com/JustinSQiu/image-captioning-mturk/master/cvqa/Tamil_images/5920593854272599305_0.jpg,What popular chilled delicacy is highlighted in the scene?,Sabjas
https://raw.githubusercontent.com/JustinSQiu/image-captioning-mturk/master/cvqa/Tamil_images/5920593854272599305_0.jpg,Who is recognized for their expertise in crafting Sabjas?,the elder
https://raw.githubusercontent.com/JustinSQiu/image-captioning-mturk/master/cvqa/Tamil_images/5920593854272681445_0.jpg,What is the large statue on the island honoring?,a renowned artist
https://raw.githubusercontent.com/JustinSQiu/image-captioning-mturk/master/cvqa/Tamil_images/5920593854272681445_0.jpg,What natural feature guides visitors to the statue?,pathways intricately woven
https://raw.githubusercontent.com/JustinSQiu/image-captioning-mturk/master/cvqa/Tamil_images/5920593854272681445_0.jpg,Where is the statue positioned in relation to the coastline?,right on the beach
https://raw.githubusercontent.com/JustinSQiu/image-captioning-mturk/master/cvqa/Tamil_images/5920593854272717241_0.jpg,What vibrant color is associated with Tet in the image?,bright tet color
https://raw.githubusercontent.com/JustinSQiu/image-captioning-mturk/master/cvqa/Tamil_images/5920593854272717241_0.jpg,What kind of flowers are used to decorate the cushion?,traditional flowers
https://raw.githubusercontent.com/JustinSQiu/image-captioning-mturk/master/cvqa/Tamil_images/5920593854273729336_0.jpg,What is notable about the lion's mane in the photograph?,voluminous mane
https://raw.githubusercontent.com/JustinSQiu/image-captioning-mturk/master/cvqa/Tamil_images/5920593854273729336_0.jpg,How does the lion walk in the image?,with a confident demeanor
https://raw.githubusercontent.com/JustinSQiu/image-captioning-mturk/master/cvqa/Tamil_images/5920593854273729336_0.jpg,What color is the lion's coat described as?,rich brown hue
https://raw.githubusercontent.com/JustinSQiu/image-captioning-mturk/master/cvqa/Tamil_images/5920593854273904581_0.jpg,What tree has been uniquely embellished to resemble a book?,banyan tree
https://raw.githubusercontent.com/JustinSQiu/image-captioning-mturk/master/cvqa/Tamil_images/5920593854273904581_0.jpg,What color are the inscriptions on the banyan tree?,red
https://raw.githubusercontent.com/JustinSQiu/image-captioning-mturk/master/cvqa/Tamil_images/5920593854273975259_0.jpg,What traditional red powder is used in Hindu rituals?,kumkum
https://raw.githubusercontent.com/JustinSQiu/image-captioning-mturk/master/cvqa/Tamil_images/5920593854273975259_0.jpg,What month holds significant cultural importance in the rituals?,Kandhan
https://raw.githubusercontent.com/JustinSQiu/image-captioning-mturk/master/cvqa/Tamil_images/5920593854273975259_0.jpg,What is the protective structure associated with the pandemic in the temple?,Covid tower
https://raw.githubusercontent.com/JustinSQiu/image-captioning-mturk/master/cvqa/Tamil_images/5920593854274304708_0.jpg,What festival is this worship scene dedicated to?,Durga Puja
https://raw.githubusercontent.com/JustinSQiu/image-captioning-mturk/master/cvqa/Tamil_images/5920593854274304708_0.jpg,What color attire is the individual performing the puja wearing?,yellow attire
https://raw.githubusercontent.com/JustinSQiu/image-captioning-mturk/master/cvqa/Tamil_images/5920593854274304708_0.jpg,What does the presence of multiple hands reaching out symbolize?,collective devotion
https://raw.githubusercontent.com/JustinSQiu/image-captioning-mturk/master/cvqa/Tamil_images/5920593854274960595_0.jpg,What is the bull in the scene decorated with?,bright red paint
https://raw.githubusercontent.com/JustinSQiu/image-captioning-mturk/master/cvqa/Tamil_images/5920593854274960595_0.jpg,What script is featured on the shop sign?,Hindi
https://raw.githubusercontent.com/JustinSQiu/image-captioning-mturk/master/cvqa/Tamil_images/5920593854274960595_0.jpg,What animal is pulling the bullock cart?,a bull
https://raw.githubusercontent.com/JustinSQiu/image-captioning-mturk/master/cvqa/Tamil_images/5920593854275124713_0.jpg,What distinctive texture is incorporated into the background of the artwork?,brick-like texture
https://raw.githubusercontent.com/JustinSQiu/image-captioning-mturk/master/cvqa/Tamil_images/5920593854275124713_0.jpg,What emblem is featured prominently in the design?,university logo
https://raw.githubusercontent.com/JustinSQiu/image-captioning-mturk/master/cvqa/Tamil_images/5920593854275124713_0.jpg,What natural elements are depicted alongside the house in the artwork?,trees
https://raw.githubusercontent.com/JustinSQiu/image-captioning-mturk/master/cvqa/Tamil_images/5920593854275858556_0.jpg,What colors are the flags present in the scene?,yellow and orange
https://raw.githubusercontent.com/JustinSQiu/image-captioning-mturk/master/cvqa/Tamil_images/5920593854275858556_0.jpg,What cultural element is suggested by the vibrant red tent?,named after an actor
https://raw.githubusercontent.com/JustinSQiu/image-captioning-mturk/master/cvqa/Tamil_images/5920593854275858556_0.jpg,What type of gesture is the figure making with the bowl of milk?,ritualistic gesture
https://raw.githubusercontent.com/JustinSQiu/image-captioning-mturk/master/cvqa/Tamil_images/5920593854276761982_0.jpg,What color is the prominent focal gold element?,gold
https://raw.githubusercontent.com/JustinSQiu/image-captioning-mturk/master/cvqa/Tamil_images/5920593854276761982_0.jpg,What unusual feature stands out in the arrangement?,a plastic piece
https://raw.githubusercontent.com/JustinSQiu/image-captioning-mturk/master/cvqa/Tamil_images/5920593854276761982_0.jpg,What is the color of the ring-like glass design?,pink hue
https://raw.githubusercontent.com/JustinSQiu/image-captioning-mturk/master/cvqa/Tamil_images/5920593854277241644_0.jpg,What is the sacred site officially known as?,Harmandir Sahib
https://raw.githubusercontent.com/JustinSQiu/image-captioning-mturk/master/cvqa/Tamil_images/5920593854277241644_0.jpg,What do Sikhs chant to signify their devotion?,"""Gurudwara Gurudwara"""
https://raw.githubusercontent.com/JustinSQiu/image-captioning-mturk/master/cvqa/Tamil_images/5920593854277241644_0.jpg,What color scheme is prominently featured on the temple?,red and black
https://raw.githubusercontent.com/JustinSQiu/image-captioning-mturk/master/cvqa/Tamil_images/5920593854277284359_0.jpg,What traditional leaf is used for serving the rice dish?,banana leaf
https://raw.githubusercontent.com/JustinSQiu/image-captioning-mturk/master/cvqa/Tamil_images/5920593854277284359_0.jpg,What herb is garnished on the fish curry for flavor?,fresh coriander
https://raw.githubusercontent.com/JustinSQiu/image-captioning-mturk/master/cvqa/Tamil_images/5920593854277284359_0.jpg,What is the relationship of the rice dish to South Asian cuisine?,cultural significance
https://raw.githubusercontent.com/JustinSQiu/image-captioning-mturk/master/cvqa/Tamil_images/5920593854278804038_0.jpg,What word is prominently displayed in the shop's signage?,Aadhar
https://raw.githubusercontent.com/JustinSQiu/image-captioning-mturk/master/cvqa/Tamil_images/5920593854278804038_0.jpg,What languages are used on the signage?,English and Hindi
https://raw.githubusercontent.com/JustinSQiu/image-captioning-mturk/master/cvqa/Tamil_images/5920593854278804038_0.jpg,What is the function associated with this building?,speed post service
https://raw.githubusercontent.com/JustinSQiu/image-captioning-mturk/master/cvqa/Tamil_images/5920593854279047535_0.jpg,What significant symbol resembling a wheel is featured prominently in the temple?,chakra
https://raw.githubusercontent.com/JustinSQiu/image-captioning-mturk/master/cvqa/Tamil_images/5920593854279047535_0.jpg,What artistic choice creates the illusion of a woman surrounding the wheel?,elaborate designs
https://raw.githubusercontent.com/JustinSQiu/image-captioning-mturk/master/cvqa/Tamil_images/5920593854279047535_0.jpg,What vibrant feature encircles the wheel at the temple?,decorative fence
https://raw.githubusercontent.com/JustinSQiu/image-captioning-mturk/master/cvqa/Urdu_images/5865940244272217823_0.jpg,How many graves are visible in the scene?,eighteen graves
https://raw.githubusercontent.com/JustinSQiu/image-captioning-mturk/master/cvqa/Urdu_images/5865940244272217823_0.jpg,What kind of post is centrally located in the image?,a wooden post
https://raw.githubusercontent.com/JustinSQiu/image-captioning-mturk/master/cvqa/Urdu_images/5865940244272217823_0.jpg,What is the overall ambiance of the scene indicated by the grass?,feelings of peace
https://raw.githubusercontent.com/JustinSQiu/image-captioning-mturk/master/cvqa/Urdu_images/5865940244279605914_0.jpg,What is the name of the sweet being fried in the pot?,jalebi
https://raw.githubusercontent.com/JustinSQiu/image-captioning-mturk/master/cvqa/Urdu_images/5865940244279605914_0.jpg,Why is the preparation of jalebi culturally significant?,enjoyed during festivals
https://raw.githubusercontent.com/JustinSQiu/image-captioning-mturk/master/cvqa/Urdu_images/5865940254273472388_0.jpg,What is the significance of the Kaaba illustration on the wall?,most sacred site in Islam
https://raw.githubusercontent.com/JustinSQiu/image-captioning-mturk/master/cvqa/Urdu_images/5865940254273472388_0.jpg,What traditional attire do the men wear?,thobes or kurta tops
https://raw.githubusercontent.com/JustinSQiu/image-captioning-mturk/master/cvqa/Urdu_images/5865940254273472388_0.jpg,What is the prayer position depicted by one man?,prostration
https://raw.githubusercontent.com/JustinSQiu/image-captioning-mturk/master/cvqa/Urdu_images/5920943054272859071_0.jpg,What traditional outfit are the women wearing?,shalwar kameez
https://raw.githubusercontent.com/JustinSQiu/image-captioning-mturk/master/cvqa/Urdu_images/5920943054272859071_0.jpg,What elegant accessory do the women have?,dupattas
https://raw.githubusercontent.com/JustinSQiu/image-captioning-mturk/master/cvqa/Urdu_images/5920943054272859071_0.jpg,What color is the kameez of the woman on the left?,dark blue
https://raw.githubusercontent.com/JustinSQiu/image-captioning-mturk/master/cvqa/Urdu_images/5920943054273165487_0.jpg,What traditional attire is the groom wearing?,Red pajamas and white kurta
https://raw.githubusercontent.com/JustinSQiu/image-captioning-mturk/master/cvqa/Urdu_images/5920943054273165487_0.jpg,What color is the scarf draped around the groom's neck?,Red
https://raw.githubusercontent.com/JustinSQiu/image-captioning-mturk/master/cvqa/Urdu_images/5920943054273165487_0.jpg,What festive occasion does this scene depict?,Indian wedding
https://raw.githubusercontent.com/JustinSQiu/image-captioning-mturk/master/cvqa/Urdu_images/5920943054278260979_0.jpg,What specific dietary label is emphasized for the cream?,100% Vegetarian
https://raw.githubusercontent.com/JustinSQiu/image-captioning-mturk/master/cvqa/Urdu_images/5920943054278260979_0.jpg,What does the cream's packaging indicate about its origin?,Made in India
https://raw.githubusercontent.com/JustinSQiu/image-captioning-mturk/master/cvqa/Urdu_images/5920943054278260979_0.jpg,What is the total volume of the cream in the can?,ten milliliters
https://raw.githubusercontent.com/JustinSQiu/image-captioning-mturk/master/cvqa/Urdu_images/5920943064274989624_0.jpg,What traditional rugs are used during Salah?,prayer mats
https://raw.githubusercontent.com/JustinSQiu/image-captioning-mturk/master/cvqa/Urdu_images/5920943064274989624_0.jpg,What symbolizes spiritual enlightenment in the mosque?,golden chandelier
https://raw.githubusercontent.com/JustinSQiu/image-captioning-mturk/master/cvqa/Urdu_images/5920943064274989624_0.jpg,What is the significance of the mosque's doorways?,traditional architectural elements
https://raw.githubusercontent.com/JustinSQiu/image-captioning-mturk/master/cvqa/Urdu_images/5920943064277092122_0.jpg,What traditional drink is showcased that is popular during Ramadan?,Rooh Afza
https://raw.githubusercontent.com/JustinSQiu/image-captioning-mturk/master/cvqa/Urdu_images/5920943064277092122_0.jpg,What common ingredient is mixed with Rooh Afza to create a refreshing beverage?,milk
https://raw.githubusercontent.com/JustinSQiu/image-captioning-mturk/master/mmid_images/Chinese_images/bei_jing_labor's_sports_stadium-534-14.jpg,What is the color scheme of the spectator stands?,"Red, yellow, blue"
https://raw.githubusercontent.com/JustinSQiu/image-captioning-mturk/master/mmid_images/Chinese_images/bei_jing_labor's_sports_stadium-534-14.jpg,What items are arranged around the track that might represent various uses?,Black cylindrical objects
https://raw.githubusercontent.com/JustinSQiu/image-captioning-mturk/master/mmid_images/Chinese_images/bei_jing_labor's_sports_stadium-534-14.jpg,What does the banner in the venue appear to convey?,A welcoming message
https://raw.githubusercontent.com/JustinSQiu/image-captioning-mturk/master/mmid_images/Chinese_images/bei_jing_labor's_sports_stadium-534-26.jpg,What are the figures in the statue doing?,cheering in celebration
https://raw.githubusercontent.com/JustinSQiu/image-captioning-mturk/master/mmid_images/Chinese_images/bei_jing_labor's_sports_stadium-534-26.jpg,What does the man in the statue hold above his head?,a five-pointed star
https://raw.githubusercontent.com/JustinSQiu/image-captioning-mturk/master/mmid_images/Chinese_images/bei_jing_labor's_sports_stadium-534-26.jpg,What is the woman in the statue holding in her left hand?,a bouquet of flowers
https://raw.githubusercontent.com/JustinSQiu/image-captioning-mturk/master/mmid_images/Chinese_images/bei_jing_labor's_sports_stadium-534-53.jpg,What colors are associated with happiness and good fortune in the venue?,red and orange
https://raw.githubusercontent.com/JustinSQiu/image-captioning-mturk/master/mmid_images/Chinese_images/bei_jing_labor's_sports_stadium-534-53.jpg,What do the displayed national flags symbolize in the venue?,national pride
https://raw.githubusercontent.com/JustinSQiu/image-captioning-mturk/master/mmid_images/Chinese_images/bei_jing_labor's_sports_stadium-534-80.jpg,What is the architectural style of the building described in the native caption?,Prominent concert hall
https://raw.githubusercontent.com/JustinSQiu/image-captioning-mturk/master/mmid_images/Chinese_images/bei_jing_labor's_sports_stadium-534-80.jpg,What color indicates the freshness of the water in front of the building?,Deep green hue
https://raw.githubusercontent.com/JustinSQiu/image-captioning-mturk/master/mmid_images/Chinese_images/bei_jing_labor's_sports_stadium-534-80.jpg,What seasonal changes are suggested by the trees nearby?,Autumn or spring seasons
https://raw.githubusercontent.com/JustinSQiu/image-captioning-mturk/master/mmid_images/Chinese_images/beijing_para-olympics_good_fortune_ceremony-537-79.jpg,What is the name of the lizard in the first description?,Lily
https://raw.githubusercontent.com/JustinSQiu/image-captioning-mturk/master/mmid_images/Chinese_images/beijing_para-olympics_good_fortune_ceremony-537-79.jpg,What feature enhances the character's charm in Lily's depiction?,open collar
https://raw.githubusercontent.com/JustinSQiu/image-captioning-mturk/master/mmid_images/Chinese_images/beijing_pop_music_ceremony-539-31.jpg,What music ceremony is promoted in the background?,07 Annual Music Ceremony
https://raw.githubusercontent.com/JustinSQiu/image-captioning-mturk/master/mmid_images/Chinese_images/beijing_pop_music_ceremony-539-31.jpg,What color is the skirt of the second individual’s dress?,bright yellow
https://raw.githubusercontent.com/JustinSQiu/image-captioning-mturk/master/mmid_images/Chinese_images/beijing_pop_music_ceremony-539-31.jpg,What cultural significance does this event hold?,celebrates musical achievements
https://raw.githubusercontent.com/JustinSQiu/image-captioning-mturk/master/mmid_images/Chinese_images/beijing_pop_music_ceremony-539-80.jpg,Who is the prominent Chinese singer featured in the image?,Wang Feng
https://raw.githubusercontent.com/JustinSQiu/image-captioning-mturk/master/mmid_images/Chinese_images/beijing_pop_music_ceremony-539-80.jpg,What symbolic color is present in the backdrop indicating good fortune?,red
https://raw.githubusercontent.com/JustinSQiu/image-captioning-mturk/master/mmid_images/Chinese_images/beijing_pop_music_ceremony-539-80.jpg,What is the significance of the trophy he is holding?,recognition for his music
https://raw.githubusercontent.com/JustinSQiu/image-captioning-mturk/master/mmid_images/Chinese_images/beijing_pop_music_ceremony-539-83.jpg,What type of coat is the boy wearing?,fur coat
https://raw.githubusercontent.com/JustinSQiu/image-captioning-mturk/master/mmid_images/Chinese_images/beijing_pop_music_ceremony-539-83.jpg,What color are the boy's striking pants?,red
https://raw.githubusercontent.com/JustinSQiu/image-captioning-mturk/master/mmid_images/Chinese_images/beijing_pop_music_ceremony-539-83.jpg,What unique design do the boy's pants feature?,laser-printed design
https://raw.githubusercontent.com/JustinSQiu/image-captioning-mturk/master/mmid_images/Chinese_images/chiang_kai-shek_culture_and_education_foundation-184-04.jpg,What traditional attire is the elderly man wearing?,a traditional Chinese outfit
https://raw.githubusercontent.com/JustinSQiu/image-captioning-mturk/master/mmid_images/Chinese_images/chiang_kai-shek_culture_and_education_foundation-184-04.jpg,Which foundation is associated with the book he's holding?,Zhong Zheng Cultural Education Foundation
https://raw.githubusercontent.com/JustinSQiu/image-captioning-mturk/master/mmid_images/Chinese_images/chiang_kai-shek_culture_and_education_foundation-184-04.jpg,What kind of atmosphere does the color scheme create?,nostalgic atmosphere
https://raw.githubusercontent.com/JustinSQiu/image-captioning-mturk/master/mmid_images/Chinese_images/chiang_kai-shek_culture_and_education_foundation-184-19.jpg,What does the elderly woman wear that suggests she is listening?,headphones
https://raw.githubusercontent.com/JustinSQiu/image-captioning-mturk/master/mmid_images/Chinese_images/chiang_kai-shek_culture_and_education_foundation-184-19.jpg,What type of clothing indicates the woman assisting is there to help?,work clothes
https://raw.githubusercontent.com/JustinSQiu/image-captioning-mturk/master/mmid_images/Chinese_images/chiang_kai-shek_culture_and_education_foundation-184-19.jpg,What items are on the workstation table for attendees?,a book and a machine
https://raw.githubusercontent.com/JustinSQiu/image-captioning-mturk/master/mmid_images/Chinese_images/chiang_kai-shek_culture_and_education_foundation-184-43.jpg,What traditional attire is the seated individual wearing?,Zhongshan suit
https://raw.githubusercontent.com/JustinSQiu/image-captioning-mturk/master/mmid_images/Chinese_images/chiang_kai-shek_culture_and_education_foundation-184-43.jpg,What era does the photograph likely depict?,1930s or 1940s
https://raw.githubusercontent.com/JustinSQiu/image-captioning-mturk/master/mmid_images/Chinese_images/chiang_kai-shek_culture_and_education_foundation-184-43.jpg,What rank might the standing individual hold?,possibly a general
https://raw.githubusercontent.com/JustinSQiu/image-captioning-mturk/master/mmid_images/Chinese_images/chiang_kai-shek_culture_and_education_foundation-184-47.jpg,What type of Chinese characters are used at the event?,traditional Chinese characters
https://raw.githubusercontent.com/JustinSQiu/image-captioning-mturk/master/mmid_images/Chinese_images/chiang_kai-shek_culture_and_education_foundation-184-47.jpg,What is the name of the academic forum mentioned in the wall display?,Huangpu Military Academy International Academic Forum
https://raw.githubusercontent.com/JustinSQiu/image-captioning-mturk/master/mmid_images/Chinese_images/chiang_kai-shek_culture_and_education_foundation-184-52.jpg,What newspaper is featured prominently in the scene?,New Hong Kong Times
https://raw.githubusercontent.com/JustinSQiu/image-captioning-mturk/master/mmid_images/Chinese_images/chiang_kai-shek_culture_and_education_foundation-184-52.jpg,What type of environment is the background set in?,office environment
https://raw.githubusercontent.com/JustinSQiu/image-captioning-mturk/master/mmid_images/Chinese_images/chiang_kai-shek_culture_and_education_foundation-184-52.jpg,What colors are prominent in the image?,white and blue
https://raw.githubusercontent.com/JustinSQiu/image-captioning-mturk/master/mmid_images/Chinese_images/chiang_kai-shek_culture_and_education_foundation-184-65.jpg,Who is one of the men in the image?,Xi Jinping
https://raw.githubusercontent.com/JustinSQiu/image-captioning-mturk/master/mmid_images/Chinese_images/chiang_kai-shek_culture_and_education_foundation-184-65.jpg,What significant mural is in the background?,Great Hall of the People
https://raw.githubusercontent.com/JustinSQiu/image-captioning-mturk/master/mmid_images/Chinese_images/chiang_kai-shek_culture_and_education_foundation-184-65.jpg,What traditional activity is implied by the presence of the teacups?,discussion over tea
https://raw.githubusercontent.com/JustinSQiu/image-captioning-mturk/master/mmid_images/Chinese_images/chiang_kai-shek_culture_and_education_foundation-184-85.jpg,What type of animated environment are the children captivated by?,underwater world
https://raw.githubusercontent.com/JustinSQiu/image-captioning-mturk/master/mmid_images/Chinese_images/chiang_kai-shek_culture_and_education_foundation-184-85.jpg,What type of play items are the children using on the floor?,green and red toys
https://raw.githubusercontent.com/JustinSQiu/image-captioning-mturk/master/mmid_images/Chinese_images/chiang_kai-shek_culture_and_education_foundation-184-85.jpg,What emotions do the children exhibit towards the projection?,curiosity and delight
https://raw.githubusercontent.com/JustinSQiu/image-captioning-mturk/master/mmid_images/Chinese_images/chiang_kai-shek_culture_and_education_foundation-184-95.jpg,What is the event promoted in the poster?,2014 Modern China Youth Scholars' Camp
https://raw.githubusercontent.com/JustinSQiu/image-captioning-mturk/master/mmid_images/Chinese_images/chiang_kai-shek_culture_and_education_foundation-184-95.jpg,Which two organizing institutions are mentioned?,"National Chengchi University, Chung-Jen Cultural Education Foundation"
https://raw.githubusercontent.com/JustinSQiu/image-captioning-mturk/master/mmid_images/Chinese_images/chiang_kai-shek_culture_and_education_foundation-184-95.jpg,What years does the event span?,"August 3 to August 16, 2014"
https://raw.githubusercontent.com/JustinSQiu/image-captioning-mturk/master/mmid_images/Chinese_images/chinese_new_year's_day_special_programs-473-35.jpg,What cultural festival is highlighted in the text featured in the image?,Lunar New Year
https://raw.githubusercontent.com/JustinSQiu/image-captioning-mturk/master/mmid_images/Chinese_images/chinese_new_year's_day_special_programs-473-35.jpg,What animals represent the year depicted in the design?,monkeys
https://raw.githubusercontent.com/JustinSQiu/image-captioning-mturk/master/mmid_images/Chinese_images/chinese_new_year's_day_special_programs-473-35.jpg,What color symbolizes good fortune in Chinese culture as used in the design?,red
https://raw.githubusercontent.com/JustinSQiu/image-captioning-mturk/master/mmid_images/Chinese_images/chinese_new_year's_day_special_programs-473-58.jpg,What culturally significant color are attendees wearing for the Lunar New Year?,red
https://raw.githubusercontent.com/JustinSQiu/image-captioning-mturk/master/mmid_images/Chinese_images/chinese_new_year's_day_special_programs-473-58.jpg,Who is the identified female host on stage?,Tao Zhi Jie
https://raw.githubusercontent.com/JustinSQiu/image-captioning-mturk/master/mmid_images/Chinese_images/chinese_new_year's_day_special_programs-473-58.jpg,What company is broadcasting the event?,Sina Entertainment
https://raw.githubusercontent.com/JustinSQiu/image-captioning-mturk/master/mmid_images/Chinese_images/chinese_new_year's_day_special_programs-473-79.jpg,What does the inscribed text in the corner read?,soul match fuel
https://raw.githubusercontent.com/JustinSQiu/image-captioning-mturk/master/mmid_images/Chinese_images/chinese_new_year's_day_special_programs-473-79.jpg,What colors are present in the main decorative items?,"pink, red, white, purple"
https://raw.githubusercontent.com/JustinSQiu/image-captioning-mturk/master/mmid_images/Chinese_images/chinese_new_year's_day_special_programs-473-92.jpg,What do the red lanterns symbolize in this scene?,good fortune
https://raw.githubusercontent.com/JustinSQiu/image-captioning-mturk/master/mmid_images/Chinese_images/chinese_new_year's_day_special_programs-473-92.jpg,What phrase is displayed on the screen?,God of Wealth Charge Forward
https://raw.githubusercontent.com/JustinSQiu/image-captioning-mturk/master/mmid_images/Chinese_images/chinese_new_year's_day_special_programs-473-92.jpg,During which festival are the themes of this scene particularly relevant?,Lunar New Year
https://raw.githubusercontent.com/JustinSQiu/image-captioning-mturk/master/mmid_images/Chinese_images/chinese_new_year's_day_special_programs-473-97.jpg,What type of event is the male dancer performing at?,a dance performance
https://raw.githubusercontent.com/JustinSQiu/image-captioning-mturk/master/mmid_images/Chinese_images/chinese_new_year's_day_special_programs-473-97.jpg,What is unique about the female performer's dress?,a green and black collar
https://raw.githubusercontent.com/JustinSQiu/image-captioning-mturk/master/mmid_images/Chinese_images/chinese_new_year's_day_special_programs-473-97.jpg,What type of necklace is worn by the male dancer?,a noticeable necklace
"https://raw.githubusercontent.com/JustinSQiu/image-captioning-mturk/master/mmid_images/Chinese_images/chopper_--_i'm_not_food,_damn_it!-2499-38.jpg","What character is compared to Tarzan, suggesting a wild and primal nature?",the man resembling a wild creature
"https://raw.githubusercontent.com/JustinSQiu/image-captioning-mturk/master/mmid_images/Chinese_images/chopper_--_i'm_not_food,_damn_it!-2499-38.jpg",What traditional Japanese style is the artwork acknowledged to potentially derive from?,anime or manga
"https://raw.githubusercontent.com/JustinSQiu/image-captioning-mturk/master/mmid_images/Chinese_images/chopper_--_i'm_not_food,_damn_it!-2499-83.jpg",What does the upper-left Japanese text indicate?,Chapter One
"https://raw.githubusercontent.com/JustinSQiu/image-captioning-mturk/master/mmid_images/Chinese_images/chopper_--_i'm_not_food,_damn_it!-2499-83.jpg",What is prominently featured on the book cover?,Japanese characters
"https://raw.githubusercontent.com/JustinSQiu/image-captioning-mturk/master/mmid_images/Chinese_images/chopper_--_i'm_not_food,_damn_it!-2499-90.jpg",What type of telecommunications license was issued?,Value-added telecommunications services
"https://raw.githubusercontent.com/JustinSQiu/image-captioning-mturk/master/mmid_images/Chinese_images/chopper_--_i'm_not_food,_damn_it!-2499-90.jpg",Who issued the business license?,Miao Yu
"https://raw.githubusercontent.com/JustinSQiu/image-captioning-mturk/master/mmid_images/Chinese_images/chopper_--_i'm_not_food,_damn_it!-2499-90.jpg",What year was the license issued?,2015
https://raw.githubusercontent.com/JustinSQiu/image-captioning-mturk/master/mmid_images/Chinese_images/clubing_culture-868-05.jpg,What common practice is used to obscure the identities of the individuals?,blurring their eyes
https://raw.githubusercontent.com/JustinSQiu/image-captioning-mturk/master/mmid_images/Chinese_images/clubing_culture-868-05.jpg,What color is the dress worn by the intoxicated female?,red patterned dress
https://raw.githubusercontent.com/JustinSQiu/image-captioning-mturk/master/mmid_images/Chinese_images/clubing_culture-868-05.jpg,What hints at a security situation in the image?,a figure in a suit
https://raw.githubusercontent.com/JustinSQiu/image-captioning-mturk/master/mmid_images/Chinese_images/clubing_culture-868-09.jpg,What does the woman's attire suggest about the season?,summer-like casual vibe
https://raw.githubusercontent.com/JustinSQiu/image-captioning-mturk/master/mmid_images/Chinese_images/clubing_culture-868-09.jpg,What kind of connection is suggested by the man's hand?,tenderness
https://raw.githubusercontent.com/JustinSQiu/image-captioning-mturk/master/mmid_images/Chinese_images/clubing_culture-868-12.jpg,How many Barbie dolls are featured in the collection?,20 to 30
https://raw.githubusercontent.com/JustinSQiu/image-captioning-mturk/master/mmid_images/Chinese_images/clubing_culture-868-12.jpg,What unique feature does one blonde doll on the right have?,greenish tint in hair
https://raw.githubusercontent.com/JustinSQiu/image-captioning-mturk/master/mmid_images/Chinese_images/clubing_culture-868-12.jpg,What skin tones are represented in the Barbie collection?,"brown, yellow, and black"
https://raw.githubusercontent.com/JustinSQiu/image-captioning-mturk/master/mmid_images/Chinese_images/clubing_culture-868-14.jpg,What topic is the male speaker discussing related to Taiwanese girls?,casual attitudes
https://raw.githubusercontent.com/JustinSQiu/image-captioning-mturk/master/mmid_images/Chinese_images/clubing_culture-868-14.jpg,What type of media platform is featured in the image?,self-media platform
https://raw.githubusercontent.com/JustinSQiu/image-captioning-mturk/master/mmid_images/Chinese_images/clubing_culture-868-30.jpg,What do the blank pages of the notebook suggest?,ready to be filled
https://raw.githubusercontent.com/JustinSQiu/image-captioning-mturk/master/mmid_images/Chinese_images/clubing_culture-868-30.jpg,What colors are present in the blurred background?,"black, white, red, orange"
https://raw.githubusercontent.com/JustinSQiu/image-captioning-mturk/master/mmid_images/Chinese_images/clubing_culture-868-56.jpg,What type of drinks are the two individuals at the bar holding?,wine glasses
https://raw.githubusercontent.com/JustinSQiu/image-captioning-mturk/master/mmid_images/Chinese_images/clubing_culture-868-56.jpg,What might the stage in the upper left corner suggest about the bar?,live performances
https://raw.githubusercontent.com/JustinSQiu/image-captioning-mturk/master/mmid_images/Chinese_images/clubing_culture-868-81.jpg,What artistic photography style does the image represent?,still life photography
https://raw.githubusercontent.com/JustinSQiu/image-captioning-mturk/master/mmid_images/Chinese_images/clubing_culture-868-81.jpg,What colors are predominantly featured in the background?,brown and white
https://raw.githubusercontent.com/JustinSQiu/image-captioning-mturk/master/mmid_images/Chinese_images/clubing_culture-868-98.jpg,What traditional element represents the moon in the painting?,a gigantic moon
https://raw.githubusercontent.com/JustinSQiu/image-captioning-mturk/master/mmid_images/Chinese_images/clubing_culture-868-98.jpg,What type of tree is depicted in the painting?,a large tree
https://raw.githubusercontent.com/JustinSQiu/image-captioning-mturk/master/mmid_images/Chinese_images/clubing_culture-868-98.jpg,What color characterizes the grass under the tree?,greenery resembling grass
https://raw.githubusercontent.com/JustinSQiu/image-captioning-mturk/master/mmid_images/Chinese_images/cultural_history-1511-02.jpg,What ancient cultures are alluded to by the intricate designs?,ancient Egypt and Silk Road
https://raw.githubusercontent.com/JustinSQiu/image-captioning-mturk/master/mmid_images/Chinese_images/cultural_history-1511-02.jpg,Which animals are depicted in the context of trade?,camels and horses
https://raw.githubusercontent.com/JustinSQiu/image-captioning-mturk/master/mmid_images/Chinese_images/cultural_history-1511-39.jpg,What color is the man's outer garment indicating importance?,red
https://raw.githubusercontent.com/JustinSQiu/image-captioning-mturk/master/mmid_images/Chinese_images/cultural_history-1511-39.jpg,What type of tree symbolizes longevity in Chinese culture?,pine tree
https://raw.githubusercontent.com/JustinSQiu/image-captioning-mturk/master/mmid_images/Chinese_images/cultural_history-1511-39.jpg,What paper type enhances the subtlety of the ink wash paintings?,xuan paper
https://raw.githubusercontent.com/JustinSQiu/image-captioning-mturk/master/mmid_images/Chinese_images/cultural_history-1511-48.jpg,What ethnic community is discussed regarding integration?,Mongolian community
https://raw.githubusercontent.com/JustinSQiu/image-captioning-mturk/master/mmid_images/Chinese_images/cultural_history-1511-48.jpg,What historical scholarship is mentioned from the Later Jin dynasty?,Confucian scholarship
https://raw.githubusercontent.com/JustinSQiu/image-captioning-mturk/master/mmid_images/Chinese_images/cultural_history-1511-48.jpg,What concept involving colors is explored in Mongolian literature?,five colors and four bands
https://raw.githubusercontent.com/JustinSQiu/image-captioning-mturk/master/mmid_images/Chinese_images/cultural_history-1511-49.jpg,What colors dominate the abstract painting?,Brown and light yellow
https://raw.githubusercontent.com/JustinSQiu/image-captioning-mturk/master/mmid_images/Chinese_images/cultural_history-1511-49.jpg,What significant feature stands out in the painting?,A black eye
https://raw.githubusercontent.com/JustinSQiu/image-captioning-mturk/master/mmid_images/Chinese_images/cultural_history-1511-49.jpg,What may the wavy structure symbolize?,Internal organs like brain
https://raw.githubusercontent.com/JustinSQiu/image-captioning-mturk/master/mmid_images/Chinese_images/cultural_history-1511-54.jpg,What material is the bouquet jewelry piece primarily made of?,silver
https://raw.githubusercontent.com/JustinSQiu/image-captioning-mturk/master/mmid_images/Chinese_images/cultural_history-1511-54.jpg,What decorative feature is used to secure the bouquet?,a bow
https://raw.githubusercontent.com/JustinSQiu/image-captioning-mturk/master/mmid_images/Chinese_images/cultural_history-1511-54.jpg,What luxury embellishments are on the bouquet?,diamonds and silver beads
https://raw.githubusercontent.com/JustinSQiu/image-captioning-mturk/master/mmid_images/Chinese_images/cultural_history-1511-56.jpg,What significance does the deer head hold in various cultures?,Grace and nobility
https://raw.githubusercontent.com/JustinSQiu/image-captioning-mturk/master/mmid_images/Chinese_images/cultural_history-1511-56.jpg,What is the prominent color of the carvings that suggests they are made from gold?,Golden hue
https://raw.githubusercontent.com/JustinSQiu/image-captioning-mturk/master/mmid_images/Chinese_images/cultural_history-1511-56.jpg,What kind of patterns surround the human figures and animals?,Decorative patterns
https://raw.githubusercontent.com/JustinSQiu/image-captioning-mturk/master/mmid_images/Chinese_images/cultural_history-1511-64.jpg,What color is the central gemstone of the ring?,yellow-green
https://raw.githubusercontent.com/JustinSQiu/image-captioning-mturk/master/mmid_images/Chinese_images/cultural_history-1511-64.jpg,How many petals surround the gemstone?,six petals
https://raw.githubusercontent.com/JustinSQiu/image-captioning-mturk/master/mmid_images/Chinese_images/cultural_history-1511-64.jpg,What metal complements the floral design of the ring?,platinum or silver
https://raw.githubusercontent.com/JustinSQiu/image-captioning-mturk/master/mmid_images/Chinese_images/cultural_history-1511-77.jpg,What traditional Chinese art style is featured on the cover?,traditional Chinese art
https://raw.githubusercontent.com/JustinSQiu/image-captioning-mturk/master/mmid_images/Chinese_images/cultural_history-1511-77.jpg,What writing style is used for the excerpts on the cover?,Chinese calligraphy
https://raw.githubusercontent.com/JustinSQiu/image-captioning-mturk/master/mmid_images/Chinese_images/cultural_history-1511-77.jpg,What edition of the book is indicated on the cover?,third revised edition
https://raw.githubusercontent.com/JustinSQiu/image-captioning-mturk/master/mmid_images/Chinese_images/cultural_revolution_period-1516-40.jpg,"What type of clothing is worn by the individuals, symbolizing a significant movement in Chinese history?",Zhongshan suit
https://raw.githubusercontent.com/JustinSQiu/image-captioning-mturk/master/mmid_images/Chinese_images/cultural_revolution_period-1516-40.jpg,What historical item is featured that signifies hospitality?,old-fashioned kettle
https://raw.githubusercontent.com/JustinSQiu/image-captioning-mturk/master/mmid_images/Chinese_images/cultural_revolution_period-1516-49.jpg,What era of Chinese fashion is depicted in the boy's attire?,1980s and 1990s
https://raw.githubusercontent.com/JustinSQiu/image-captioning-mturk/master/mmid_images/Chinese_images/cultural_revolution_period-1516-49.jpg,What hairstyle is common for young girls in China during this period?,braids
https://raw.githubusercontent.com/JustinSQiu/image-captioning-mturk/master/mmid_images/Chinese_images/cultural_revolution_period-1516-78.jpg,What traditional tools are the individuals holding?,hoes and shoulder poles
https://raw.githubusercontent.com/JustinSQiu/image-captioning-mturk/master/mmid_images/Chinese_images/cultural_revolution_period-1516-78.jpg,What type of clothing suggests a historical period?,traditional Chinese military uniforms
https://raw.githubusercontent.com/JustinSQiu/image-captioning-mturk/master/mmid_images/Chinese_images/cultural_revolution_period-1516-78.jpg,What hairstyles are portrayed by some of the girls?,braids
https://raw.githubusercontent.com/JustinSQiu/image-captioning-mturk/master/mmid_images/Chinese_images/cultural_songs_for_greater_china-1911-28.jpg,Who is the female singer likely to be?,Ms. Anita Mui
https://raw.githubusercontent.com/JustinSQiu/image-captioning-mturk/master/mmid_images/Chinese_images/cultural_songs_for_greater_china-1911-28.jpg,What significant message is on her T-shirt?,Support Democracy in China
https://raw.githubusercontent.com/JustinSQiu/image-captioning-mturk/master/mmid_images/Chinese_images/cultural_songs_for_greater_china-1911-28.jpg,What cultural elements are present in the background?,Traditional Chinese characters
https://raw.githubusercontent.com/JustinSQiu/image-captioning-mturk/master/mmid_images/Chinese_images/cultural_songs_for_greater_china-1911-35.jpg,What color symbolizes hope or resistance in this protest?,yellow cloth
https://raw.githubusercontent.com/JustinSQiu/image-captioning-mturk/master/mmid_images/Chinese_images/cultural_songs_for_greater_china-1911-35.jpg,What is the significance of the red text on their clothing?,a statement against policies
https://raw.githubusercontent.com/JustinSQiu/image-captioning-mturk/master/mmid_images/Chinese_images/cultural_songs_for_greater_china-1911-35.jpg,Who is likely leading the demonstration?,the woman with the microphone
https://raw.githubusercontent.com/JustinSQiu/image-captioning-mturk/master/mmid_images/Chinese_images/cultural_songs_for_greater_china-1911-43.jpg,What does the text in traditional Chinese characters read?,Democratic Songs Dedicated to China
https://raw.githubusercontent.com/JustinSQiu/image-captioning-mturk/master/mmid_images/Chinese_images/cultural_songs_for_greater_china-1911-43.jpg,What symbolic item is the central figure holding?,a flower tube
https://raw.githubusercontent.com/JustinSQiu/image-captioning-mturk/master/mmid_images/Chinese_images/cultural_songs_for_greater_china-1911-43.jpg,What color clothing are the participants wearing to symbolize unity?,white clothing
https://raw.githubusercontent.com/JustinSQiu/image-captioning-mturk/master/mmid_images/Chinese_images/cultural_songs_for_greater_china-1911-55.jpg,What significant phrase does the girl say?,"Strive for Freedom, Long Live Democracy"
https://raw.githubusercontent.com/JustinSQiu/image-captioning-mturk/master/mmid_images/Chinese_images/cultural_songs_for_greater_china-1911-55.jpg,What does the white clothing symbolize in the gathering?,unity in their message
https://raw.githubusercontent.com/JustinSQiu/image-captioning-mturk/master/mmid_images/Chinese_images/cultural_songs_for_greater_china-1911-55.jpg,What political issues might this gathering relate to?,Taiwan's identity or governance
https://raw.githubusercontent.com/JustinSQiu/image-captioning-mturk/master/mmid_images/Chinese_images/cultural_songs_for_greater_china-1911-85.jpg,Who stands defiantly in front of the tanks?,a person clothed in white
https://raw.githubusercontent.com/JustinSQiu/image-captioning-mturk/master/mmid_images/Chinese_images/cultural_songs_for_greater_china-1911-85.jpg,What iconic moment in history does this image symbolize?,Tiananmen Square Protest
https://raw.githubusercontent.com/JustinSQiu/image-captioning-mturk/master/mmid_images/Chinese_images/culture_and_arts-1512-05.jpg,"What does the Chinese character ""义"" signify on the poster?",righteousness or justice
https://raw.githubusercontent.com/JustinSQiu/image-captioning-mturk/master/mmid_images/Chinese_images/culture_and_arts-1512-05.jpg,What is the theme emphasized by the design of the festival poster?,global inclusivity
https://raw.githubusercontent.com/JustinSQiu/image-captioning-mturk/master/mmid_images/Chinese_images/culture_and_arts-1512-53.jpg,What festive occasion is suggested by the red decor?,New Year celebrations
https://raw.githubusercontent.com/JustinSQiu/image-captioning-mturk/master/mmid_images/Chinese_images/culture_and_arts-1512-53.jpg,What are the hosts wearing that highlights the festive theme?,purple clothing
https://raw.githubusercontent.com/JustinSQiu/image-captioning-mturk/master/mmid_images/Chinese_images/culture_and_arts-1512-53.jpg,What color collar is the male host wearing?,striking red collar
https://raw.githubusercontent.com/JustinSQiu/image-captioning-mturk/master/mmid_images/Chinese_images/culture_and_arts-1512-71.jpg,What institution's brand is being launched?,Maritime World Cultural Art Center
https://raw.githubusercontent.com/JustinSQiu/image-captioning-mturk/master/mmid_images/Chinese_images/culture_and_arts-1512-71.jpg,What color palette is used for the event's visual style?,red and black
https://raw.githubusercontent.com/JustinSQiu/image-captioning-mturk/master/mmid_images/Chinese_images/culture_and_arts-1512-78.jpg,What does the label in the bottom right corner indicate about the location?,Changsha Evening News
https://raw.githubusercontent.com/JustinSQiu/image-captioning-mturk/master/mmid_images/Chinese_images/culture_and_arts-1512-78.jpg,What does the presence of two tall buildings under construction signify?,active urban development
https://raw.githubusercontent.com/JustinSQiu/image-captioning-mturk/master/mmid_images/Chinese_images/culture_and_arts-1512-78.jpg,What unique feature tops the structures resembling sports arenas?,wooden materials
https://raw.githubusercontent.com/JustinSQiu/image-captioning-mturk/master/mmid_images/Chinese_images/culture_and_arts-1512-83.jpg,What museum is being launched at the ceremony?,Beijing Dongyun Silk Culture and Art Museum
https://raw.githubusercontent.com/JustinSQiu/image-captioning-mturk/master/mmid_images/Chinese_images/culture_and_arts-1512-83.jpg,What traditional Chinese art form is depicted in the faint image?,weaving
https://raw.githubusercontent.com/JustinSQiu/image-captioning-mturk/master/mmid_images/Chinese_images/culture_and_arts-1512-83.jpg,"What color is associated with celebration in Chinese culture, prominently featured in the decorations?",red
https://raw.githubusercontent.com/JustinSQiu/image-captioning-mturk/master/mmid_images/Chinese_images/culture_of_taoism-2935-11.jpg,What do the four characters on the banner read?,Taoist Cultural Treasure
https://raw.githubusercontent.com/JustinSQiu/image-captioning-mturk/master/mmid_images/Chinese_images/culture_of_taoism-2935-11.jpg,What cultural symbols are included in the borders?,cloud patterns and lotus flowers
https://raw.githubusercontent.com/JustinSQiu/image-captioning-mturk/master/mmid_images/Chinese_images/culture_of_taoism-2935-27.jpg,What symbol at the center represents duality of nature?,Yin-Yang
https://raw.githubusercontent.com/JustinSQiu/image-captioning-mturk/master/mmid_images/Chinese_images/culture_of_taoism-2935-27.jpg,What creature represents strength and auspiciousness in Chinese culture?,a dragon
https://raw.githubusercontent.com/JustinSQiu/image-captioning-mturk/master/mmid_images/Chinese_images/culture_of_taoism-2935-27.jpg,What traditional diagram is depicted in this image?,Bagua diagram
https://raw.githubusercontent.com/JustinSQiu/image-captioning-mturk/master/mmid_images/Chinese_images/culture_of_taoism-2935-31.jpg,What colors do the Taoist priests' robes predominantly feature?,Yellow and blue robes
https://raw.githubusercontent.com/JustinSQiu/image-captioning-mturk/master/mmid_images/Chinese_images/culture_of_taoism-2935-31.jpg,What is the symbolic hat associated with Taoist practitioners called?,a small hat
https://raw.githubusercontent.com/JustinSQiu/image-captioning-mturk/master/mmid_images/Chinese_images/culture_of_taoism-2935-31.jpg,Which key figure in Taoist philosophy might the worship ceremony be dedicated to?,Laozi
https://raw.githubusercontent.com/JustinSQiu/image-captioning-mturk/master/mmid_images/Chinese_images/culture_of_taoism-2935-37.png,What traditional attire is worn by the individuals in the procession?,dao robes
https://raw.githubusercontent.com/JustinSQiu/image-captioning-mturk/master/mmid_images/Chinese_images/culture_of_taoism-2935-37.png,What messages are displayed on the yellow signs?,"""Avoid"" and ""Silence"""
https://raw.githubusercontent.com/JustinSQiu/image-captioning-mturk/master/mmid_images/Chinese_images/culture_of_taoism-2935-37.png,What symbol is present on the placards held by the figures?,bagua symbols
https://raw.githubusercontent.com/JustinSQiu/image-captioning-mturk/master/mmid_images/Chinese_images/culture_of_taoism-2935-37.png,What instrument is the central figure holding?,a gong
https://raw.githubusercontent.com/JustinSQiu/image-captioning-mturk/master/mmid_images/Chinese_images/culture_of_taoism-2935-93.jpg,What color do the reeds transition towards?,brown
https://raw.githubusercontent.com/JustinSQiu/image-captioning-mturk/master/mmid_images/Chinese_images/culture_of_taoism-2935-93.jpg,What effect do the white sparkling light spots create?,beauty and whimsy
https://raw.githubusercontent.com/JustinSQiu/image-captioning-mturk/master/mmid_images/Chinese_images/culture_of_taoism-2935-93.jpg,What type of art style is this painting?,watercolor style
https://raw.githubusercontent.com/JustinSQiu/image-captioning-mturk/master/mmid_images/Chinese_images/dance-2631-87.jpg,What does the text on the poster read?,"""Dancing Miracles"""
https://raw.githubusercontent.com/JustinSQiu/image-captioning-mturk/master/mmid_images/Chinese_images/dance-2631-87.jpg,What phrase is overlaying the image in Chinese characters?,"""Dance to Create Miracles"""
https://raw.githubusercontent.com/JustinSQiu/image-captioning-mturk/master/mmid_images/Chinese_images/dance-2631-90.jpg,"What brand sponsors the show ""Dancing Miracles""?",Qiaolezi
https://raw.githubusercontent.com/JustinSQiu/image-captioning-mturk/master/mmid_images/Chinese_images/dance-2631-90.jpg,"What is the color of the title ""Dancing Miracles""?",vibrant yellow
https://raw.githubusercontent.com/JustinSQiu/image-captioning-mturk/master/mmid_images/Chinese_images/dance_dance_dance-2638-07.jpg,What culinary specialty is promoted by the sign?,baptism roast
https://raw.githubusercontent.com/JustinSQiu/image-captioning-mturk/master/mmid_images/Chinese_images/dance_dance_dance-2638-07.jpg,What traditional Japanese dish is indicated by the text?,sukiyaki
https://raw.githubusercontent.com/JustinSQiu/image-captioning-mturk/master/mmid_images/Chinese_images/dance_dance_dance-2638-07.jpg,What flowers embellish the sign?,cherry blossoms
https://raw.githubusercontent.com/JustinSQiu/image-captioning-mturk/master/mmid_images/Chinese_images/dance_dance_dance-2638-19.jpg,What does the woman in the image hold?,an orange towel
https://raw.githubusercontent.com/JustinSQiu/image-captioning-mturk/master/mmid_images/Chinese_images/dance_dance_dance-2638-19.jpg,What color is the roller blind in the window?,red
https://raw.githubusercontent.com/JustinSQiu/image-captioning-mturk/master/mmid_images/Chinese_images/dance_dance_dance-2638-19.jpg,What does the sign on the wall read?,"""cuisine"""
https://raw.githubusercontent.com/JustinSQiu/image-captioning-mturk/master/mmid_images/Chinese_images/dance_dance_dance-2638-31.jpg,What type of treat is the woman holding?,cotton candy
https://raw.githubusercontent.com/JustinSQiu/image-captioning-mturk/master/mmid_images/Chinese_images/dance_dance_dance-2638-31.jpg,What colors are the decorative butterflies in the background?,red and dark red
https://raw.githubusercontent.com/JustinSQiu/image-captioning-mturk/master/mmid_images/Chinese_images/dance_dance_dance-2638-31.jpg,What activity might the woman be engaged in while holding the cotton candy?,savoring a treat
https://raw.githubusercontent.com/JustinSQiu/image-captioning-mturk/master/mmid_images/Chinese_images/dance_dance_dance-2638-49.jpg,What Chinese event is being promoted by the poster?,street dance
https://raw.githubusercontent.com/JustinSQiu/image-captioning-mturk/master/mmid_images/Chinese_images/dance_dance_dance-2638-49.jpg,What does the QR code connect to?,more information about a campaign
https://raw.githubusercontent.com/JustinSQiu/image-captioning-mturk/master/mmid_images/Chinese_images/dance_dance_dance-2638-49.jpg,What style of dance is depicted in the background?,B-boy moves
https://raw.githubusercontent.com/JustinSQiu/image-captioning-mturk/master/mmid_images/Chinese_images/dance_dance_dance-2638-59.jpg,What cultural performance style are the girls' outfits associated with?,K-pop dance performances
https://raw.githubusercontent.com/JustinSQiu/image-captioning-mturk/master/mmid_images/Chinese_images/dance_dance_dance-2638-59.jpg,What characters are on the background wall that confirm the setting?,Chinese characters
https://raw.githubusercontent.com/JustinSQiu/image-captioning-mturk/master/mmid_images/Chinese_images/dance_dance_dance-2638-71.jpeg,What dance style is being taught through the app?,belly dance
https://raw.githubusercontent.com/JustinSQiu/image-captioning-mturk/master/mmid_images/Chinese_images/dance_dance_dance-2638-71.jpeg,What color palette is used to emphasize the theme of the advertisement?,vibrant pink
https://raw.githubusercontent.com/JustinSQiu/image-captioning-mturk/master/mmid_images/Chinese_images/dance_dance_dance-2638-71.jpeg,What aspects does the advertisement emphasize about learning belly dance?,accessible and user-friendly
https://raw.githubusercontent.com/JustinSQiu/image-captioning-mturk/master/mmid_images/Chinese_images/dragon_boat_festival_may_5th_also_called_double_fifth_festiva-2322-30.jpg,What traditional food is associated with the Dragon Boat Festival?,sticky rice dumplings
https://raw.githubusercontent.com/JustinSQiu/image-captioning-mturk/master/mmid_images/Chinese_images/dragon_boat_festival_may_5th_also_called_double_fifth_festiva-2322-30.jpg,What is the significance of Qu Yuan during the Dragon Boat Festival?,to honor his memory
https://raw.githubusercontent.com/JustinSQiu/image-captioning-mturk/master/mmid_images/Chinese_images/dragon_boat_festival_may_5th_also_called_double_fifth_festiva-2322-30.jpg,What cultural virtue is exemplified by the tale of Filial Daughter Cao E?,filial piety
https://raw.githubusercontent.com/JustinSQiu/image-captioning-mturk/master/mmid_images/Chinese_images/festival_of_lanterns-371-30.jpg,What pattern is featured on the innermost lantern?,bamboo pattern
https://raw.githubusercontent.com/JustinSQiu/image-captioning-mturk/master/mmid_images/Chinese_images/festival_of_lanterns-371-30.jpg,What color is the dominant type of traditional lantern?,red
https://raw.githubusercontent.com/JustinSQiu/image-captioning-mturk/master/mmid_images/Chinese_images/festival_of_lanterns-371-30.jpg,What unique shape does the purple lantern take?,oval form
https://raw.githubusercontent.com/JustinSQiu/image-captioning-mturk/master/mmid_images/Chinese_images/festival_of_lanterns-371-56.jpg,What festivals does the text celebrate?,Lantern Festival and Valentine's Day
https://raw.githubusercontent.com/JustinSQiu/image-captioning-mturk/master/mmid_images/Chinese_images/festival_of_lanterns-371-56.jpg,What do the gold edges symbolize?,wealth and good fortune
https://raw.githubusercontent.com/JustinSQiu/image-captioning-mturk/master/mmid_images/Chinese_images/festival_of_lanterns-371-56.jpg,What character style is used in the phrase for 'double'?,traditional Chinese script
https://raw.githubusercontent.com/JustinSQiu/image-captioning-mturk/master/mmid_images/Chinese_images/festival_of_lanterns-371-67.jpg,What traditional Chinese food symbolizes family unity during the Lantern Festival?,yuanxiao
https://raw.githubusercontent.com/JustinSQiu/image-captioning-mturk/master/mmid_images/Chinese_images/festival_of_lanterns-371-67.jpg,What type of clothing are the children wearing?,traditional red clothing
https://raw.githubusercontent.com/JustinSQiu/image-captioning-mturk/master/mmid_images/Chinese_images/festival_of_lanterns-371-67.jpg,What do the lanterns symbolize in this festival?,light and hope
https://raw.githubusercontent.com/JustinSQiu/image-captioning-mturk/master/mmid_images/Chinese_images/festival_of_lanterns-371-68.jpg,What artistic motifs are scattered throughout the meadow?,butterfly-shaped elements
https://raw.githubusercontent.com/JustinSQiu/image-captioning-mturk/master/mmid_images/Chinese_images/festival_of_lanterns-371-68.jpg,What effects enhance the ambiance of the scene?,light and shadow effects
https://raw.githubusercontent.com/JustinSQiu/image-captioning-mturk/master/mmid_images/Chinese_images/festival_of_lanterns-371-68.jpg,What colors predominantly contribute to the serene atmosphere?,green and yellow
https://raw.githubusercontent.com/JustinSQiu/image-captioning-mturk/master/mmid_images/Chinese_images/festival_of_lanterns-371-83.jpg,What do the two characters on the left symbolize during the Chinese New Year?,light and hope
https://raw.githubusercontent.com/JustinSQiu/image-captioning-mturk/master/mmid_images/Chinese_images/festival_of_lanterns-371-83.jpg,"What animal is depicted in the lower left corner, representing good fortune?",a dragon
https://raw.githubusercontent.com/JustinSQiu/image-captioning-mturk/master/mmid_images/Chinese_images/festival_of_lanterns-371-83.jpg,What flowers are used to symbolize prosperity and good fortune?,peony flowers
https://raw.githubusercontent.com/JustinSQiu/image-captioning-mturk/master/mmid_images/Chinese_images/folk_art-1919-33.jpg,What traditional artistic inspiration is noted in the painting style?,traditional Chinese folk styles
https://raw.githubusercontent.com/JustinSQiu/image-captioning-mturk/master/mmid_images/Chinese_images/folk_art-1919-33.jpg,Which animals are prominently featured in this artwork that reflect Chinese paper-cutting designs?,"tiger, mouse, magpie"
https://raw.githubusercontent.com/JustinSQiu/image-captioning-mturk/master/mmid_images/Chinese_images/folk_art-1919-51.jpg,What distinctive feature does the main performer have on his costume?,long oval waist bone
https://raw.githubusercontent.com/JustinSQiu/image-captioning-mturk/master/mmid_images/Chinese_images/folk_art-1919-51.jpg,What do the background performers wear that complements the main character's attire?,white hats
https://raw.githubusercontent.com/JustinSQiu/image-captioning-mturk/master/mmid_images/Chinese_images/folk_art-1919-88.jpg,What traditional art form is represented in this image?,Chinese paper-cut art
https://raw.githubusercontent.com/JustinSQiu/image-captioning-mturk/master/mmid_images/Chinese_images/folk_art-1919-88.jpg,What color symbolizes good fortune in Chinese culture?,red
https://raw.githubusercontent.com/JustinSQiu/image-captioning-mturk/master/mmid_images/Chinese_images/folk_art-1919-88.jpg,What is the dragon's artistic feature that signifies its fierce nature?,two visible claws
"https://raw.githubusercontent.com/JustinSQiu/image-captioning-mturk/master/mmid_images/Chinese_images/food,_year-3197-19.jpg",What famous Taiwanese dish stands out in the display?,apple cake
"https://raw.githubusercontent.com/JustinSQiu/image-captioning-mturk/master/mmid_images/Chinese_images/food,_year-3197-19.jpg",What type of bun is featured distinctly in the image?,baozi
"https://raw.githubusercontent.com/JustinSQiu/image-captioning-mturk/master/mmid_images/Chinese_images/food,_year-3197-19.jpg",What regional diversity is emphasized in the food items?,Taiwanese cuisine
"https://raw.githubusercontent.com/JustinSQiu/image-captioning-mturk/master/mmid_images/Chinese_images/food,_year-3197-42.jpg",What label is on the leftmost bottle in the first row?,Taiji Maha
"https://raw.githubusercontent.com/JustinSQiu/image-captioning-mturk/master/mmid_images/Chinese_images/food,_year-3197-42.jpg",Which two bottles contain yellow pills?,both with red caps
"https://raw.githubusercontent.com/JustinSQiu/image-captioning-mturk/master/mmid_images/Chinese_images/food,_year-3197-42.jpg",What is the content of the third bottle from the left in the first row?,yellow granules
"https://raw.githubusercontent.com/JustinSQiu/image-captioning-mturk/master/mmid_images/Chinese_images/food,_year-3197-75.jpg",What does the left snack label indicate about its origin?,Specialty from the courtyard
"https://raw.githubusercontent.com/JustinSQiu/image-captioning-mturk/master/mmid_images/Chinese_images/food,_year-3197-75.jpg",What humorous phrase is on the right snack's packaging?,resistance to digging for nose boogers
https://raw.githubusercontent.com/JustinSQiu/image-captioning-mturk/master/mmid_images/Chinese_images/food-1517-03.jpg,What type of cups are used to hold the ingredients?,bacon cups
https://raw.githubusercontent.com/JustinSQiu/image-captioning-mturk/master/mmid_images/Chinese_images/food-1517-03.jpg,What kind of decorative pattern is on the napkin?,dark brown heart shapes
https://raw.githubusercontent.com/JustinSQiu/image-captioning-mturk/master/mmid_images/Chinese_images/food-1517-03.jpg,What dining experience is reflected in the presentation?,American-style dining
https://raw.githubusercontent.com/JustinSQiu/image-captioning-mturk/master/mmid_images/Chinese_images/food-1517-17.jpg,What cooking style is implied for the pig on the plate?,deep-frying
https://raw.githubusercontent.com/JustinSQiu/image-captioning-mturk/master/mmid_images/Chinese_images/food-1517-17.jpg,What does the newspaper underneath feature?,Chinese characters
https://raw.githubusercontent.com/JustinSQiu/image-captioning-mturk/master/mmid_images/Chinese_images/food-1517-17.jpg,How are the pig figures described in appearance?,strikingly abstract
https://raw.githubusercontent.com/JustinSQiu/image-captioning-mturk/master/mmid_images/Chinese_images/food-1517-48.jpg,What color symbolizes luck and happiness in Japanese culture?,red
https://raw.githubusercontent.com/JustinSQiu/image-captioning-mturk/master/mmid_images/Chinese_images/food-1517-48.jpg,What traditional utensils are essential for eating sushi?,chopsticks
https://raw.githubusercontent.com/JustinSQiu/image-captioning-mturk/master/mmid_images/Chinese_images/food-1517-48.jpg,What type of rice is sushi typically made with?,vinegared rice
https://raw.githubusercontent.com/JustinSQiu/image-captioning-mturk/master/mmid_images/Chinese_images/food-1517-54.jpg,What unique ingredient adds texture to the dish besides tofu?,black fungus
https://raw.githubusercontent.com/JustinSQiu/image-captioning-mturk/master/mmid_images/Chinese_images/food-1517-54.jpg,What garnish adds freshness to the stir-fried tofu?,fresh green onions
https://raw.githubusercontent.com/JustinSQiu/image-captioning-mturk/master/mmid_images/Chinese_images/food-1517-54.jpg,What color describes the pan-fried tofu?,golden brown
https://raw.githubusercontent.com/JustinSQiu/image-captioning-mturk/master/mmid_images/Chinese_images/food-1517-65.jpg,What is the name of the dish written in traditional Chinese characters?,Mao Dou Ren Hua Dan
https://raw.githubusercontent.com/JustinSQiu/image-captioning-mturk/master/mmid_images/Chinese_images/food-1517-65.jpg,What is the cultural significance of the script used for the dish's name?,"found in Taiwan, Hong Kong, or Macau"
https://raw.githubusercontent.com/JustinSQiu/image-captioning-mturk/master/mmid_images/Chinese_images/food-1517-65.jpg,What sauce is featured on the scrambled eggs?,mami
https://raw.githubusercontent.com/JustinSQiu/image-captioning-mturk/master/mmid_images/Chinese_images/food-1517-78.jpg,What traditional Chinese dish is included in the tutorial website's layout?,Hakka mochi
https://raw.githubusercontent.com/JustinSQiu/image-captioning-mturk/master/mmid_images/Chinese_images/food-1517-78.jpg,What breakfast item features in the mobile app's collection?,French toast
https://raw.githubusercontent.com/JustinSQiu/image-captioning-mturk/master/mmid_images/Chinese_images/food-1517-89.jpg,What type of seafood is mentioned as being included in the skewers?,shrimp and fish
https://raw.githubusercontent.com/JustinSQiu/image-captioning-mturk/master/mmid_images/Chinese_images/food-1517-89.jpg,What herbs are used for flavor and presentation in the skewers?,green onions
https://raw.githubusercontent.com/JustinSQiu/image-captioning-mturk/master/mmid_images/Chinese_images/food-1517-90.jpg,What type of bread is showcased in the first description?,flatbread
https://raw.githubusercontent.com/JustinSQiu/image-captioning-mturk/master/mmid_images/Chinese_images/food-1517-90.jpg,What whimsical motif is found on the blue tablecloth?,airplanes
https://raw.githubusercontent.com/JustinSQiu/image-captioning-mturk/master/mmid_images/Chinese_images/food-1517-90.jpg,What herb is used for garnish in the third description?,thyme
https://raw.githubusercontent.com/JustinSQiu/image-captioning-mturk/master/mmid_images/Chinese_images/food-1517-96.jpg,What traditional Japanese dish is featured in the second image?,oden
https://raw.githubusercontent.com/JustinSQiu/image-captioning-mturk/master/mmid_images/Chinese_images/food-1517-96.jpg,What ingredient adds a crunchy texture in Japanese cuisine?,lotus root
https://raw.githubusercontent.com/JustinSQiu/image-captioning-mturk/master/mmid_images/Chinese_images/food_security-3196-16.jpg,What do the Chinese characters around the plate refer to?,food additives
https://raw.githubusercontent.com/JustinSQiu/image-captioning-mturk/master/mmid_images/Chinese_images/food_security-3196-16.jpg,What phrase is the basketball player expressing in Chinese?,defenseless against
https://raw.githubusercontent.com/JustinSQiu/image-captioning-mturk/master/mmid_images/Chinese_images/food_security-3196-16.jpg,What specific substance is labeled on the green canister?,lean meat essence
https://raw.githubusercontent.com/JustinSQiu/image-captioning-mturk/master/mmid_images/Chinese_images/food_security-3196-19.jpg,"What color symbolizes freshness, health, and sustainability in the image?",green
https://raw.githubusercontent.com/JustinSQiu/image-captioning-mturk/master/mmid_images/Chinese_images/food_security-3196-19.jpg,What important phrase related to food safety is emphasized in the text?,"""food safety"""
https://raw.githubusercontent.com/JustinSQiu/image-captioning-mturk/master/mmid_images/Chinese_images/food_security-3196-55.jpg,What phrase indicates a theme of moral corruption in the artwork?,black-hearted enterprise
https://raw.githubusercontent.com/JustinSQiu/image-captioning-mturk/master/mmid_images/Chinese_images/food_security-3196-55.jpg,What is the phrase written along the sword?,death penalty
https://raw.githubusercontent.com/JustinSQiu/image-captioning-mturk/master/mmid_images/Chinese_images/food_security-3196-55.jpg,What does the blue bowl symbolize in the illustration?,food safety issues
https://raw.githubusercontent.com/JustinSQiu/image-captioning-mturk/master/mmid_images/Chinese_images/food_security-3196-66.jpg,What does the food safety law character shout?,Don’t do this! It’s suicide!
https://raw.githubusercontent.com/JustinSQiu/image-captioning-mturk/master/mmid_images/Chinese_images/food_security-3196-66.jpg,What does the handgun symbolize in the artwork?,hazardous pesticides
https://raw.githubusercontent.com/JustinSQiu/image-captioning-mturk/master/mmid_images/Chinese_images/food_security-3196-91.jpg,"Who is the author of ""The Most Original Food Safety Law in History""?",Xu Jun
https://raw.githubusercontent.com/JustinSQiu/image-captioning-mturk/master/mmid_images/Chinese_images/food_security-3196-91.jpg,What is the main theme regarding the woman depicted in the illustration?,enforcement of video safety law
https://raw.githubusercontent.com/JustinSQiu/image-captioning-mturk/master/mmid_images/Chinese_images/guangzhou_second_hot_song_final_awards_ceremony-1242-16.jpg,What uplifting message does the woman hold?,Find your ideal partner
https://raw.githubusercontent.com/JustinSQiu/image-captioning-mturk/master/mmid_images/Chinese_images/guangzhou_second_hot_song_final_awards_ceremony-1242-16.jpg,What music awards is referenced in the backdrop?,Song King Golden Melody Awards
https://raw.githubusercontent.com/JustinSQiu/image-captioning-mturk/master/mmid_images/Chinese_images/guangzhou_second_hot_song_final_awards_ceremony-1242-16.jpg,What elements suggest creativity in the billboard?,musical notes and colorful patterns
https://raw.githubusercontent.com/JustinSQiu/image-captioning-mturk/master/mmid_images/Chinese_images/guangzhou_second_hot_song_final_awards_ceremony-1242-17.jpg,What event are the trophies associated with?,Annual Music Gala of the Chinese Music Scene
https://raw.githubusercontent.com/JustinSQiu/image-captioning-mturk/master/mmid_images/Chinese_images/guangzhou_second_hot_song_final_awards_ceremony-1242-17.jpg,What symbol is featured on the trophies?,musical note
https://raw.githubusercontent.com/JustinSQiu/image-captioning-mturk/master/mmid_images/Chinese_images/guangzhou_second_hot_song_final_awards_ceremony-1242-18.jpg,What jewelry does the man in front wear?,a silver-toned necklace
https://raw.githubusercontent.com/JustinSQiu/image-captioning-mturk/master/mmid_images/Chinese_images/guangzhou_second_hot_song_final_awards_ceremony-1242-18.jpg,What symbolizes the man's status as a performer?,a skull pattern outfit
https://raw.githubusercontent.com/JustinSQiu/image-captioning-mturk/master/mmid_images/Chinese_images/guangzhou_second_hot_song_final_awards_ceremony-1242-18.jpg,What optical illusion is present in the image?,a child's hand appearance
https://raw.githubusercontent.com/JustinSQiu/image-captioning-mturk/master/mmid_images/Chinese_images/guangzhou_second_hot_song_final_awards_ceremony-1242-27.jpg,What specific music awards event is featured in the poster?,Second Jingge King Awards
https://raw.githubusercontent.com/JustinSQiu/image-captioning-mturk/master/mmid_images/Chinese_images/guangzhou_second_hot_song_final_awards_ceremony-1242-27.jpg,Which organizations are hosting the awards ceremony?,Guangzhou Television and Guangzhou Xinghai Arts Center
https://raw.githubusercontent.com/JustinSQiu/image-captioning-mturk/master/mmid_images/Chinese_images/guangzhou_second_hot_song_final_awards_ceremony-1242-64.jpg,What type of bracelet is the woman wearing?,jade bracelet
https://raw.githubusercontent.com/JustinSQiu/image-captioning-mturk/master/mmid_images/Chinese_images/guangzhou_second_hot_song_final_awards_ceremony-1242-64.jpg,What color accents are on the woman's dress?,white accents
https://raw.githubusercontent.com/JustinSQiu/image-captioning-mturk/master/mmid_images/Chinese_images/guangzhou_second_hot_song_final_awards_ceremony-1242-64.jpg,What autumn color enhances the background foliage?,vibrant red leaves
https://raw.githubusercontent.com/JustinSQiu/image-captioning-mturk/master/mmid_images/Chinese_images/hangzhou_huanglong_sports_stadium-1774-05.jpg,What is the name of the media company associated with the event?,Tencent Entertainment
https://raw.githubusercontent.com/JustinSQiu/image-captioning-mturk/master/mmid_images/Chinese_images/hangzhou_huanglong_sports_stadium-1774-05.jpg,What are the audience members holding that creates a warm yellow hue?,glow sticks
https://raw.githubusercontent.com/JustinSQiu/image-captioning-mturk/master/mmid_images/Chinese_images/hangzhou_huanglong_sports_stadium-1774-05.jpg,What feature is prominently displayed on stage to enhance the performance?,large screens
https://raw.githubusercontent.com/JustinSQiu/image-captioning-mturk/master/mmid_images/Chinese_images/health_first_grand_awards_ceremony-349-02.jpg,What health initiative is the woman promoting?,Health First
https://raw.githubusercontent.com/JustinSQiu/image-captioning-mturk/master/mmid_images/Chinese_images/health_first_grand_awards_ceremony-349-02.jpg,Where is the event taking place?,Tuen Mun Market
https://raw.githubusercontent.com/JustinSQiu/image-captioning-mturk/master/mmid_images/Chinese_images/health_first_grand_awards_ceremony-349-02.jpg,What does the woman's badge signify?,community health initiative
https://raw.githubusercontent.com/JustinSQiu/image-captioning-mturk/master/mmid_images/Chinese_images/health_first_grand_awards_ceremony-349-03.jpg,What does the sign held by the woman say?,Health Fest
https://raw.githubusercontent.com/JustinSQiu/image-captioning-mturk/master/mmid_images/Chinese_images/health_first_grand_awards_ceremony-349-03.jpg,What type of tree is illustrated in the background?,cartoon-style tree
https://raw.githubusercontent.com/JustinSQiu/image-captioning-mturk/master/mmid_images/Chinese_images/health_first_grand_awards_ceremony-349-07.jpg,What local media outlet is conducting the interview?,Weekend Weekly
https://raw.githubusercontent.com/JustinSQiu/image-captioning-mturk/master/mmid_images/Chinese_images/health_first_grand_awards_ceremony-349-07.jpg,What does the trophy indicate about the woman's career?,recently achieved recognition
https://raw.githubusercontent.com/JustinSQiu/image-captioning-mturk/master/mmid_images/Chinese_images/health_first_grand_awards_ceremony-349-07.jpg,What is the woman expressing through her smile?,joy and contentment
https://raw.githubusercontent.com/JustinSQiu/image-captioning-mturk/master/mmid_images/Chinese_images/health_first_grand_awards_ceremony-349-09.jpg,What personal achievement does the girl hold?,a trophy
https://raw.githubusercontent.com/JustinSQiu/image-captioning-mturk/master/mmid_images/Chinese_images/health_first_grand_awards_ceremony-349-09.jpg,What does the girl's hand gesture signify in this context?,delight and surprise
https://raw.githubusercontent.com/JustinSQiu/image-captioning-mturk/master/mmid_images/Chinese_images/health_first_grand_awards_ceremony-349-09.jpg,What media outlet's watermark is present in the photo?,Sina News
https://raw.githubusercontent.com/JustinSQiu/image-captioning-mturk/master/mmid_images/Chinese_images/health_first_grand_awards_ceremony-349-15.jpg,What cultural symbol is on her shoulder?,a traditional Chinese character
https://raw.githubusercontent.com/JustinSQiu/image-captioning-mturk/master/mmid_images/Chinese_images/health_first_grand_awards_ceremony-349-15.jpg,What type of event is she likely at?,a performance event
https://raw.githubusercontent.com/JustinSQiu/image-captioning-mturk/master/mmid_images/Chinese_images/health_first_grand_awards_ceremony-349-15.jpg,Where might she originate from?,Southeast Asia
https://raw.githubusercontent.com/JustinSQiu/image-captioning-mturk/master/mmid_images/Chinese_images/health_first_grand_awards_ceremony-349-17.jpg,What unique design is featured on the dress of the individual on the right?,white clouds resembling a sky
https://raw.githubusercontent.com/JustinSQiu/image-captioning-mturk/master/mmid_images/Chinese_images/health_first_grand_awards_ceremony-349-17.jpg,"What themes does the event focus on, as indicated by the text in the background?",health themes
https://raw.githubusercontent.com/JustinSQiu/image-captioning-mturk/master/mmid_images/Chinese_images/health_first_grand_awards_ceremony-349-23.jpg,What does the black and white color scheme likely symbolize in her dress?,elegance or contrast
https://raw.githubusercontent.com/JustinSQiu/image-captioning-mturk/master/mmid_images/Chinese_images/health_first_grand_awards_ceremony-349-23.jpg,What personal item does she wear on her left wrist?,a protective bracelet
https://raw.githubusercontent.com/JustinSQiu/image-captioning-mturk/master/mmid_images/Chinese_images/health_first_grand_awards_ceremony-349-23.jpg,What does the character in the background symbolize?,the award
https://raw.githubusercontent.com/JustinSQiu/image-captioning-mturk/master/mmid_images/Chinese_images/health_first_grand_awards_ceremony-349-31.jpg,What shopping center is featured in the background?,Tuen Mun Town Plaza
https://raw.githubusercontent.com/JustinSQiu/image-captioning-mturk/master/mmid_images/Chinese_images/health_first_grand_awards_ceremony-349-31.jpg,What social media platform is mentioned with a watermark?,Weibo
https://raw.githubusercontent.com/JustinSQiu/image-captioning-mturk/master/mmid_images/Chinese_images/health_first_grand_awards_ceremony-349-43.jpg,What does the man's hairstyle reflect?,a distinctly Chinese aesthetic
https://raw.githubusercontent.com/JustinSQiu/image-captioning-mturk/master/mmid_images/Chinese_images/health_first_grand_awards_ceremony-349-43.jpg,What type of pants is the man wearing?,dark blue or gray-green suit pants
https://raw.githubusercontent.com/JustinSQiu/image-captioning-mturk/master/mmid_images/Chinese_images/health_first_grand_awards_ceremony-349-43.jpg,What cultural value is indicated by the man's watch?,punctuality
https://raw.githubusercontent.com/JustinSQiu/image-captioning-mturk/master/mmid_images/Chinese_images/health_first_grand_awards_ceremony-349-44.jpg,Who is the recipient of the award?,Huang Meiqi
https://raw.githubusercontent.com/JustinSQiu/image-captioning-mturk/master/mmid_images/Chinese_images/health_first_grand_awards_ceremony-349-44.jpg,What is the significance of the nameplate?,Recognition in English and Chinese
https://raw.githubusercontent.com/JustinSQiu/image-captioning-mturk/master/mmid_images/Chinese_images/health_first_grand_awards_ceremony-349-44.jpg,What cultural community does the award connect to?,Chinese-speaking community
https://raw.githubusercontent.com/JustinSQiu/image-captioning-mturk/master/mmid_images/Chinese_images/health_first_grand_awards_ceremony-349-49.jpg,What event might this photograph have been taken during?,Spring Festival Gala
https://raw.githubusercontent.com/JustinSQiu/image-captioning-mturk/master/mmid_images/Chinese_images/health_first_grand_awards_ceremony-349-49.jpg,Who is the well-known figure mentioned in the description?,Baidu Xiaobai Niba
https://raw.githubusercontent.com/JustinSQiu/image-captioning-mturk/master/mmid_images/Chinese_images/health_first_grand_awards_ceremony-349-59.jpg,What type of event is indicated by the text 'Open Starry Night Gala'?,a grand opening
https://raw.githubusercontent.com/JustinSQiu/image-captioning-mturk/master/mmid_images/Chinese_images/health_first_grand_awards_ceremony-349-59.jpg,What color are the ribbons on the red carpet?,golden pear blossom
https://raw.githubusercontent.com/JustinSQiu/image-captioning-mturk/master/mmid_images/Chinese_images/health_first_grand_awards_ceremony-349-59.jpg,What is the name of the real estate company mentioned in the image?,"Baishi Hongrun Real Estate Development Co., Ltd."
https://raw.githubusercontent.com/JustinSQiu/image-captioning-mturk/master/mmid_images/Chinese_images/health_first_grand_awards_ceremony-349-61.jpg,What phrase is featured on the backdrop?,Capital Center
https://raw.githubusercontent.com/JustinSQiu/image-captioning-mturk/master/mmid_images/Chinese_images/health_first_grand_awards_ceremony-349-61.jpg,What city vibe does the venue suggest?,Hong Kong
https://raw.githubusercontent.com/JustinSQiu/image-captioning-mturk/master/mmid_images/Chinese_images/health_first_grand_awards_ceremony-349-61.jpg,What unique footwear is the man wearing?,pink shoes
https://raw.githubusercontent.com/JustinSQiu/image-captioning-mturk/master/mmid_images/Chinese_images/health_first_grand_awards_ceremony-349-89.jpg,What shopping center are the women representing?,Zhongmen Square
https://raw.githubusercontent.com/JustinSQiu/image-captioning-mturk/master/mmid_images/Chinese_images/health_first_grand_awards_ceremony-349-89.jpg,What type of medal are the women holding?,white medal with star
https://raw.githubusercontent.com/JustinSQiu/image-captioning-mturk/master/mmid_images/Chinese_images/health_first_grand_awards_ceremony-349-89.jpg,What brand is associated with the event in the bottom right corner?,Meki by TEDDYBAPE
https://raw.githubusercontent.com/JustinSQiu/image-captioning-mturk/master/mmid_images/Chinese_images/hong_kong_digital_music_awards_ceremony-3216-40.jpg,What does the girl in the background hold?,a bouquet of flowers
https://raw.githubusercontent.com/JustinSQiu/image-captioning-mturk/master/mmid_images/Chinese_images/hong_kong_digital_music_awards_ceremony-3216-40.jpg,What item does the girl in the foreground carry?,a gift box
https://raw.githubusercontent.com/JustinSQiu/image-captioning-mturk/master/mmid_images/Chinese_images/hong_kong_digital_music_awards_ceremony-3216-40.jpg,What color is the girl's skirt in the foreground?,light green
https://raw.githubusercontent.com/JustinSQiu/image-captioning-mturk/master/mmid_images/Chinese_images/hong_kong_digital_music_awards_ceremony-3216-47.jpg,What is the male singer wearing?,white clothing
https://raw.githubusercontent.com/JustinSQiu/image-captioning-mturk/master/mmid_images/Chinese_images/hong_kong_digital_music_awards_ceremony-3216-47.jpg,What colors illuminate the scene?,purple and blue lights
https://raw.githubusercontent.com/JustinSQiu/image-captioning-mturk/master/mmid_images/Chinese_images/hong_kong_digital_music_awards_ceremony-3216-47.jpg,What adorns the singer's ear?,an earring
https://raw.githubusercontent.com/JustinSQiu/image-captioning-mturk/master/mmid_images/Chinese_images/hong_kong_digital_music_awards_ceremony-3216-75.jpg,What patterns are reminiscent of newspaper print on the man's outfit?,newspaper print patterns
https://raw.githubusercontent.com/JustinSQiu/image-captioning-mturk/master/mmid_images/Chinese_images/hong_kong_digital_music_awards_ceremony-3216-75.jpg,What type of clothing is the woman wearing?,black clothing and white coat
https://raw.githubusercontent.com/JustinSQiu/image-captioning-mturk/master/mmid_images/Chinese_images/hong_kong_digital_music_awards_ceremony-3216-75.jpg,What is the setting created by the backdrop?,dark brown curtains
https://raw.githubusercontent.com/JustinSQiu/image-captioning-mturk/master/mmid_images/Chinese_images/hong_kong_radio_top_ten_chinese_golden_songs_award_ceremony-3227-02.jpg,What social media platform logo is present in the image?,WeChat icon
https://raw.githubusercontent.com/JustinSQiu/image-captioning-mturk/master/mmid_images/Chinese_images/hong_kong_radio_top_ten_chinese_golden_songs_award_ceremony-3227-02.jpg,What is the name of the event indicated in the image?,Bagua Hong Kong
https://raw.githubusercontent.com/JustinSQiu/image-captioning-mturk/master/mmid_images/Chinese_images/hong_kong_radio_top_ten_chinese_golden_songs_award_ceremony-3227-02.jpg,What color dress does the prominent girl wear?,light purple gown
https://raw.githubusercontent.com/JustinSQiu/image-captioning-mturk/master/mmid_images/Chinese_images/hong_kong_radio_top_ten_chinese_golden_songs_award_ceremony-3227-04.jpg,What specific music award event is being celebrated?,Top Ten Chinese Golden Songs
https://raw.githubusercontent.com/JustinSQiu/image-captioning-mturk/master/mmid_images/Chinese_images/hong_kong_radio_top_ten_chinese_golden_songs_award_ceremony-3227-04.jpg,What formal attire do the boys in the front row primarily wear?,dark suits
https://raw.githubusercontent.com/JustinSQiu/image-captioning-mturk/master/mmid_images/Chinese_images/hong_kong_radio_top_ten_chinese_golden_songs_award_ceremony-3227-04.jpg,How are the girls in the last row dressed?,evening gowns
https://raw.githubusercontent.com/JustinSQiu/image-captioning-mturk/master/mmid_images/Chinese_images/hong_kong_radio_top_ten_chinese_golden_songs_award_ceremony-3227-41.jpg,What music industry event is celebrated in the image?,awards ceremony
https://raw.githubusercontent.com/JustinSQiu/image-captioning-mturk/master/mmid_images/Chinese_images/hong_kong_radio_top_ten_chinese_golden_songs_award_ceremony-3227-41.jpg,What does the attire of the men indicate about their involvement?,"""Top Ten Chinese Music"" shirts"
https://raw.githubusercontent.com/JustinSQiu/image-captioning-mturk/master/mmid_images/Chinese_images/hong_kong_radio_top_ten_chinese_golden_songs_award_ceremony-3227-41.jpg,What type of cultural contributions are recognized at this event?,Chinese music achievements
https://raw.githubusercontent.com/JustinSQiu/image-captioning-mturk/master/mmid_images/Chinese_images/kate_culture-454-12.jpg,What color is the man's hair?,yellow
https://raw.githubusercontent.com/JustinSQiu/image-captioning-mturk/master/mmid_images/Chinese_images/kate_culture-454-12.jpg,What natural setting is in the background?,a bamboo grove
https://raw.githubusercontent.com/JustinSQiu/image-captioning-mturk/master/mmid_images/Chinese_images/kate_culture-454-12.jpg,What color are the decorative objects hanging in the background?,yellow
https://raw.githubusercontent.com/JustinSQiu/image-captioning-mturk/master/mmid_images/Chinese_images/kate_culture-454-55.jpg,What unique aspect enhances the outfit of the person in white clothing?,a skirt
https://raw.githubusercontent.com/JustinSQiu/image-captioning-mturk/master/mmid_images/Chinese_images/kate_culture-454-55.jpg,What type of gallery atmosphere is suggested by the arrangement of texts and images?,art exhibition
https://raw.githubusercontent.com/JustinSQiu/image-captioning-mturk/master/mmid_images/Chinese_images/kate_culture-454-55.jpg,What kind of light illuminates the text and images?,gentle lighting
https://raw.githubusercontent.com/JustinSQiu/image-captioning-mturk/master/mmid_images/Chinese_images/kate_culture-454-78.jpg,What art style is represented by the vibrant gradient in the image?,modern and stylish design
https://raw.githubusercontent.com/JustinSQiu/image-captioning-mturk/master/mmid_images/Chinese_images/kate_culture-454-78.jpg,How many posters are on the wall behind the person?,eleven posters
https://raw.githubusercontent.com/JustinSQiu/image-captioning-mturk/master/mmid_images/Chinese_images/kate_culture-454-81.jpg,What cultural contrast is highlighted in the first scene?,Foreigner in a Chinese setting
https://raw.githubusercontent.com/JustinSQiu/image-captioning-mturk/master/mmid_images/Chinese_images/kate_culture-454-81.jpg,What season is the woman in the first scene dressed for?,winter
https://raw.githubusercontent.com/JustinSQiu/image-captioning-mturk/master/mmid_images/Chinese_images/kate_culture-454-81.jpg,What notable feature does the woman wear in the second image?,fur-embellished maroon down jacket
https://raw.githubusercontent.com/JustinSQiu/image-captioning-mturk/master/mmid_images/Chinese_images/kate_culture-454-86.jpg,What season is suggested by the bare trees?,autumn or winter
https://raw.githubusercontent.com/JustinSQiu/image-captioning-mturk/master/mmid_images/Chinese_images/kate_culture-454-86.jpg,What kind of footwear adds edginess to her look?,black boots
https://raw.githubusercontent.com/JustinSQiu/image-captioning-mturk/master/mmid_images/Chinese_images/kate_culture-454-86.jpg,What specific character of the buildings indicates an academic setting?,text resembling 'University 07'
https://raw.githubusercontent.com/JustinSQiu/image-captioning-mturk/master/mmid_images/Chinese_images/kate_culture-454-89.jpg,What is the name of the prominent Chinese singer featured?,Zhang Shaohan
https://raw.githubusercontent.com/JustinSQiu/image-captioning-mturk/master/mmid_images/Chinese_images/kate_culture-454-89.jpg,What type of crown does Zhang Shaohan wear?,diamond-studded crown
https://raw.githubusercontent.com/JustinSQiu/image-captioning-mturk/master/mmid_images/Chinese_images/kate_culture-454-89.jpg,What ethnic minority is suggested for the second girl?,possibly ethnic minority
"https://raw.githubusercontent.com/JustinSQiu/image-captioning-mturk/master/mmid_images/Chinese_images/li_ximing,_beijing_secretary_municipal_committee_of_the_cpc,_criticized_the_students_to_conduct_cultural_revolution-2092-42.jpg",What was the purpose of the vigil held on June 4?,to commemorate Tiananmen Square
"https://raw.githubusercontent.com/JustinSQiu/image-captioning-mturk/master/mmid_images/Chinese_images/li_ximing,_beijing_secretary_municipal_committee_of_the_cpc,_criticized_the_students_to_conduct_cultural_revolution-2092-42.jpg",What is the title of the publication that includes the color report?,Beijing Spring Collection
"https://raw.githubusercontent.com/JustinSQiu/image-captioning-mturk/master/mmid_images/Chinese_images/li_ximing,_beijing_secretary_municipal_committee_of_the_cpc,_criticized_the_students_to_conduct_cultural_revolution-2092-42.jpg",In what language are the smaller text annotations inscribed?,traditional Chinese characters
"https://raw.githubusercontent.com/JustinSQiu/image-captioning-mturk/master/mmid_images/Chinese_images/li_ximing,_beijing_secretary_municipal_committee_of_the_cpc,_criticized_the_students_to_conduct_cultural_revolution-2092-52.jpg",What color is the man's jacket?,dark brown
"https://raw.githubusercontent.com/JustinSQiu/image-captioning-mturk/master/mmid_images/Chinese_images/li_ximing,_beijing_secretary_municipal_committee_of_the_cpc,_criticized_the_students_to_conduct_cultural_revolution-2092-52.jpg",What instrument is the man holding?,guitar
"https://raw.githubusercontent.com/JustinSQiu/image-captioning-mturk/master/mmid_images/Chinese_images/li_ximing,_beijing_secretary_municipal_committee_of_the_cpc,_criticized_the_students_to_conduct_cultural_revolution-2092-52.jpg",What pattern is on the woman's skirt?,red floral and green leaf
https://raw.githubusercontent.com/JustinSQiu/image-captioning-mturk/master/mmid_images/Chinese_images/major_sports-875-27.jpg,What major international event is highlighted in Zhangjiakou?,2022 Winter Olympics
https://raw.githubusercontent.com/JustinSQiu/image-captioning-mturk/master/mmid_images/Chinese_images/major_sports-875-27.jpg,What is depicted in the Olympic logo representing winter sports?,a skier
https://raw.githubusercontent.com/JustinSQiu/image-captioning-mturk/master/mmid_images/Chinese_images/major_sports-875-27.jpg,What do the Chinese characters in the image represent?,Beijing Olympics
https://raw.githubusercontent.com/JustinSQiu/image-captioning-mturk/master/mmid_images/Chinese_images/major_sports-875-91.jpg,Which flags are prominently displayed on the sailboats?,"United Kingdom, Japan, United States"
https://raw.githubusercontent.com/JustinSQiu/image-captioning-mturk/master/mmid_images/Chinese_images/major_sports-875-91.jpg,What type of competition is depicted in the image?,sailing competition
https://raw.githubusercontent.com/JustinSQiu/image-captioning-mturk/master/mmid_images/Chinese_images/major_sports-875-91.jpg,What does 'BRA' signify on the Brazilian sailboat?,Brazil
https://raw.githubusercontent.com/JustinSQiu/image-captioning-mturk/master/mmid_images/Chinese_images/major_sports-875-95.jpg,What significant marathon event does the interface promote?,2016 Chicago Marathon
https://raw.githubusercontent.com/JustinSQiu/image-captioning-mturk/master/mmid_images/Chinese_images/major_sports-875-95.jpg,What type of community activity is highlighted by athlete images?,marathon running
https://raw.githubusercontent.com/JustinSQiu/image-captioning-mturk/master/mmid_images/Chinese_images/marriage-954-41.jpg,What colorful flowers enhance the scene's natural beauty?,Various colorful flowers
https://raw.githubusercontent.com/JustinSQiu/image-captioning-mturk/master/mmid_images/Chinese_images/marriage-954-41.jpg,What does the quotation in the top left corner emphasize?,Importance of love in marriage
https://raw.githubusercontent.com/JustinSQiu/image-captioning-mturk/master/mmid_images/Chinese_images/marriage-954-41.jpg,What type of birds are illustrated in the top right corner?,Yellow birds
https://raw.githubusercontent.com/JustinSQiu/image-captioning-mturk/master/mmid_images/Chinese_images/marriage-954-75.jpg,What theme is emphasized in the Traditional Chinese text?,Happy marriages
https://raw.githubusercontent.com/JustinSQiu/image-captioning-mturk/master/mmid_images/Chinese_images/marriage-954-75.jpg,What specific type of flora surrounds the couple?,reeds
https://raw.githubusercontent.com/JustinSQiu/image-captioning-mturk/master/mmid_images/Chinese_images/marriage-954-75.jpg,What does the article's title suggest about adapting in marriage?,Reconciling differences
https://raw.githubusercontent.com/JustinSQiu/image-captioning-mturk/master/mmid_images/Chinese_images/music_pioneer_list_yearly_award_ceremony-2-10.jpg,What specific award is being celebrated in this ceremony?,Music Pioneer 2015 Annual Awards
https://raw.githubusercontent.com/JustinSQiu/image-captioning-mturk/master/mmid_images/Chinese_images/music_pioneer_list_yearly_award_ceremony-2-10.jpg,Which organization is associated with this awards ceremony?,Guangdong Radio and Television
https://raw.githubusercontent.com/JustinSQiu/image-captioning-mturk/master/mmid_images/Chinese_images/music_pioneer_list_yearly_award_ceremony-2-10.jpg,What unique design feature does the woman's dress have?,black and white straps
https://raw.githubusercontent.com/JustinSQiu/image-captioning-mturk/master/mmid_images/Chinese_images/music_pioneer_list_yearly_award_ceremony-2-55.jpg,What unique design does his suit resemble?,lightning bolts
https://raw.githubusercontent.com/JustinSQiu/image-captioning-mturk/master/mmid_images/Chinese_images/music_pioneer_list_yearly_award_ceremony-2-55.jpg,Which ear does he have an earring in?,right ear
https://raw.githubusercontent.com/JustinSQiu/image-captioning-mturk/master/mmid_images/Chinese_images/music_pioneer_list_yearly_award_ceremony-2-79.jpg,What Chinese ethnic aspect may the woman's hair color suggest?,Dyed hair color
https://raw.githubusercontent.com/JustinSQiu/image-captioning-mturk/master/mmid_images/Chinese_images/music_pioneer_list_yearly_award_ceremony-2-79.jpg,What is the color of the woman's outfit?,Red dress
https://raw.githubusercontent.com/JustinSQiu/image-captioning-mturk/master/mmid_images/Chinese_images/music_pioneer_list_yearly_award_ceremony-2-79.jpg,What type of event is this scene likely from?,Concert or musical event
https://raw.githubusercontent.com/JustinSQiu/image-captioning-mturk/master/mmid_images/Chinese_images/music_pioneer_list_yearly_award_ceremony-2-91.jpg,What specific feature does the singer's blue suit have?,white inner lining
https://raw.githubusercontent.com/JustinSQiu/image-captioning-mturk/master/mmid_images/Chinese_images/music_pioneer_list_yearly_award_ceremony-2-91.jpg,What color is the background that emphasizes the singer's presence?,deep red
https://raw.githubusercontent.com/JustinSQiu/image-captioning-mturk/master/mmid_images/Chinese_images/music_pioneer_list_yearly_award_ceremony-2-95.jpg,What cultural attire is the Muslim woman wearing?,blue headscarf and skirt
https://raw.githubusercontent.com/JustinSQiu/image-captioning-mturk/master/mmid_images/Chinese_images/music_pioneer_list_yearly_award_ceremony-2-95.jpg,What does the trophy represent in this context?,achievement and excellence
https://raw.githubusercontent.com/JustinSQiu/image-captioning-mturk/master/mmid_images/Chinese_images/music_pioneer_list_yearly_award_ceremony-2-95.jpg,What event is this ceremony celebrating?,Music Pioneer 2015 Annual Awards
"https://raw.githubusercontent.com/JustinSQiu/image-captioning-mturk/master/mmid_images/Chinese_images/national_capital,_city_of_the_world,_famous_cultural_city,_most_livable_city-1123-08.png",What unique architectural feature is prominent in the foreground?,striking building designs
"https://raw.githubusercontent.com/JustinSQiu/image-captioning-mturk/master/mmid_images/Chinese_images/national_capital,_city_of_the_world,_famous_cultural_city,_most_livable_city-1123-08.png",What effect does the blending of day and night create?,ethereal quality
"https://raw.githubusercontent.com/JustinSQiu/image-captioning-mturk/master/mmid_images/Chinese_images/national_capital,_city_of_the_world,_famous_cultural_city,_most_livable_city-1123-37.png",What historical sites are located in Beijing?,Forbidden City and Great Wall
"https://raw.githubusercontent.com/JustinSQiu/image-captioning-mturk/master/mmid_images/Chinese_images/national_capital,_city_of_the_world,_famous_cultural_city,_most_livable_city-1123-37.png",What city is famous for spicy hot pot?,Chongqing
"https://raw.githubusercontent.com/JustinSQiu/image-captioning-mturk/master/mmid_images/Chinese_images/national_capital,_city_of_the_world,_famous_cultural_city,_most_livable_city-1123-37.png",What is Guangzhou known for?,trade and Cantonese cuisine
"https://raw.githubusercontent.com/JustinSQiu/image-captioning-mturk/master/mmid_images/Chinese_images/national_capital,_city_of_the_world,_famous_cultural_city,_most_livable_city-1123-64.jpg",What is the significance of Gongyi in the plan?,Lü Processing Base and Cultural District
"https://raw.githubusercontent.com/JustinSQiu/image-captioning-mturk/master/mmid_images/Chinese_images/national_capital,_city_of_the_world,_famous_cultural_city,_most_livable_city-1123-64.jpg",What does the color green represent on the map?,"growth, prosperity, and environmental considerations"
"https://raw.githubusercontent.com/JustinSQiu/image-captioning-mturk/master/mmid_images/Chinese_images/national_capital,_city_of_the_world,_famous_cultural_city,_most_livable_city-1123-75.jpg",What festival traditionally celebrates with bright powders in India?,Holi
"https://raw.githubusercontent.com/JustinSQiu/image-captioning-mturk/master/mmid_images/Chinese_images/national_capital,_city_of_the_world,_famous_cultural_city,_most_livable_city-1123-75.jpg",What distinctive color indicates high sediment in the river?,brownish-yellow hue
"https://raw.githubusercontent.com/JustinSQiu/image-captioning-mturk/master/mmid_images/Chinese_images/national_capital,_city_of_the_world,_famous_cultural_city,_most_livable_city-1123-75.jpg",What type of play areas are highlighted for children's recreation?,playgrounds
"https://raw.githubusercontent.com/JustinSQiu/image-captioning-mturk/master/mmid_images/Chinese_images/national_capital,_city_of_the_world,_famous_cultural_city,_most_livable_city-1123-85.jpg",What social media platform is mentioned for accessing services in China?,WeChat
"https://raw.githubusercontent.com/JustinSQiu/image-captioning-mturk/master/mmid_images/Chinese_images/national_capital,_city_of_the_world,_famous_cultural_city,_most_livable_city-1123-85.jpg",What type of layout in advertisements is referenced as common?,promotional style
"https://raw.githubusercontent.com/JustinSQiu/image-captioning-mturk/master/mmid_images/Chinese_images/national_capital,_city_of_the_world,_famous_cultural_city,_most_livable_city-1123-99.png",What is the central theme of the map related to Beijing?,urban planning strategies
"https://raw.githubusercontent.com/JustinSQiu/image-captioning-mturk/master/mmid_images/Chinese_images/national_capital,_city_of_the_world,_famous_cultural_city,_most_livable_city-1123-99.png",What phrase describes the proposed developmental strategy for Beijing?,"one bamboo, one household"
https://raw.githubusercontent.com/JustinSQiu/image-captioning-mturk/master/mmid_images/Chinese_images/nowhere_to_hide_dance-2636-11.jpg,Who is the artist performing at the concert?,Xu Haihao
https://raw.githubusercontent.com/JustinSQiu/image-captioning-mturk/master/mmid_images/Chinese_images/nowhere_to_hide_dance-2636-11.jpg,What is the title of the concert?,No Escape
https://raw.githubusercontent.com/JustinSQiu/image-captioning-mturk/master/mmid_images/Chinese_images/nowhere_to_hide_dance-2636-11.jpg,In which city is the concert taking place?,Nanjing
https://raw.githubusercontent.com/JustinSQiu/image-captioning-mturk/master/mmid_images/Chinese_images/political_culture-1498-10.jpg,What universities endorsed the book?,Tsinghua University and Renmin University
https://raw.githubusercontent.com/JustinSQiu/image-captioning-mturk/master/mmid_images/Chinese_images/political_culture-1498-10.jpg,Who is one notable scholar that endorsed the book?,Lian Mei
https://raw.githubusercontent.com/JustinSQiu/image-captioning-mturk/master/mmid_images/Chinese_images/political_culture-1498-10.jpg,What is the subtitle of the book?,A Reflection on American Political Culture
https://raw.githubusercontent.com/JustinSQiu/image-captioning-mturk/master/mmid_images/Chinese_images/political_culture-1498-12.jpg,What does the blue color symbolize in Chinese culture?,healing and peace
https://raw.githubusercontent.com/JustinSQiu/image-captioning-mturk/master/mmid_images/Chinese_images/political_culture-1498-12.jpg,What cultural element is represented by the rockery?,harmony with nature
https://raw.githubusercontent.com/JustinSQiu/image-captioning-mturk/master/mmid_images/Chinese_images/political_culture-1498-12.jpg,Which dynasty's themes are highlighted by the emperor figure?,Tang dynasty
https://raw.githubusercontent.com/JustinSQiu/image-captioning-mturk/master/mmid_images/Chinese_images/political_culture-1498-41.jpg,What is the significance of the blue signs displaying a left-pointing label?,They direct travelers.
https://raw.githubusercontent.com/JustinSQiu/image-captioning-mturk/master/mmid_images/Chinese_images/political_culture-1498-41.jpg,What cultural craft is showcased in the storefront on the right side?,Russian nesting dolls
https://raw.githubusercontent.com/JustinSQiu/image-captioning-mturk/master/mmid_images/Chinese_images/political_culture-1498-70.jpg,"What type of event does the scene evoke, related to the American political culture?",presidential election
https://raw.githubusercontent.com/JustinSQiu/image-captioning-mturk/master/mmid_images/Chinese_images/political_culture-1498-70.jpg,What does the assortment of papers in the background suggest?,planning or campaign strategies
https://raw.githubusercontent.com/JustinSQiu/image-captioning-mturk/master/mmid_images/Chinese_images/prize_giving_ceremony_metro-radio_mandarin_power_nation-wide_most_popular_idol-1534-02.jpg,Who is the well-known singer holding the award?,Yang Zongwei
https://raw.githubusercontent.com/JustinSQiu/image-captioning-mturk/master/mmid_images/Chinese_images/prize_giving_ceremony_metro-radio_mandarin_power_nation-wide_most_popular_idol-1534-02.jpg,What does the trophy he holds signify?,an award of honor
https://raw.githubusercontent.com/JustinSQiu/image-captioning-mturk/master/mmid_images/Chinese_images/prize_giving_ceremony_metro-radio_mandarin_power_nation-wide_most_popular_idol-1534-02.jpg,What social media platform does the one-eyed doll represent?,Sina Weibo
https://raw.githubusercontent.com/JustinSQiu/image-captioning-mturk/master/mmid_images/Chinese_images/prize_giving_ceremony_metro-radio_mandarin_power_nation-wide_most_popular_idol-1534-02.jpg,What is the name of the awards ceremony?,New City Mandarin Awards
https://raw.githubusercontent.com/JustinSQiu/image-captioning-mturk/master/mmid_images/Chinese_images/prize_giving_ceremony_metro-radio_mandarin_power_nation-wide_most_popular_idol-1534-07.jpg,What awards did Yang Zongwei win at the New City Mandarin Music Awards?,four awards
https://raw.githubusercontent.com/JustinSQiu/image-captioning-mturk/master/mmid_images/Chinese_images/prize_giving_ceremony_metro-radio_mandarin_power_nation-wide_most_popular_idol-1534-07.jpg,Which platform features the webpage?,Sina Music
https://raw.githubusercontent.com/JustinSQiu/image-captioning-mturk/master/mmid_images/Chinese_images/prize_giving_ceremony_metro-radio_mandarin_power_nation-wide_most_popular_idol-1534-07.jpg,What rumor is there about Jay Chou?,planning to marry in December
https://raw.githubusercontent.com/JustinSQiu/image-captioning-mturk/master/mmid_images/Chinese_images/prize_giving_ceremony_metro-radio_mandarin_power_nation-wide_most_popular_idol-1534-17.jpg,Who is the male celebrity featured in the image?,Yang Zongwei
https://raw.githubusercontent.com/JustinSQiu/image-captioning-mturk/master/mmid_images/Chinese_images/prize_giving_ceremony_metro-radio_mandarin_power_nation-wide_most_popular_idol-1534-17.jpg,What does the text in the bottom right corner signify?,Yang Zongwei Supporter’s Association Opera House
https://raw.githubusercontent.com/JustinSQiu/image-captioning-mturk/master/mmid_images/Chinese_images/prize_giving_ceremony_metro-radio_mandarin_power_nation-wide_most_popular_idol-1534-23.jpg,What type of dress is the girl wearing?,a classic black dress
https://raw.githubusercontent.com/JustinSQiu/image-captioning-mturk/master/mmid_images/Chinese_images/prize_giving_ceremony_metro-radio_mandarin_power_nation-wide_most_popular_idol-1534-23.jpg,What color is the trophy's body?,bright yellow
https://raw.githubusercontent.com/JustinSQiu/image-captioning-mturk/master/mmid_images/Chinese_images/prize_giving_ceremony_metro-radio_mandarin_power_nation-wide_most_popular_idol-1534-23.jpg,What does the trophy symbolize?,achievement or recognition
https://raw.githubusercontent.com/JustinSQiu/image-captioning-mturk/master/mmid_images/Chinese_images/prize_giving_ceremony_metro-radio_mandarin_power_nation-wide_most_popular_idol-1534-23.jpg,What hairstyle does the girl have?,a ponytail
https://raw.githubusercontent.com/JustinSQiu/image-captioning-mturk/master/mmid_images/Chinese_images/prize_giving_ceremony_metro-radio_mandarin_power_nation-wide_most_popular_idol-1534-60.jpg,What is the significance of the trophy she is holding?,Mandarin Award Ceremony
https://raw.githubusercontent.com/JustinSQiu/image-captioning-mturk/master/mmid_images/Chinese_images/prize_giving_ceremony_metro-radio_mandarin_power_nation-wide_most_popular_idol-1534-60.jpg,What colors are prominently featured in the background decorations?,red and green
https://raw.githubusercontent.com/JustinSQiu/image-captioning-mturk/master/mmid_images/Chinese_images/prize_giving_ceremony_metro-radio_mandarin_power_nation-wide_most_popular_idol-1534-79.jpg,What is the name of the event celebrated in this image?,Music Award
https://raw.githubusercontent.com/JustinSQiu/image-captioning-mturk/master/mmid_images/Chinese_images/prize_giving_ceremony_metro-radio_mandarin_power_nation-wide_most_popular_idol-1534-79.jpg,What does the red background symbolize in Chinese culture?,good fortune and happiness
https://raw.githubusercontent.com/JustinSQiu/image-captioning-mturk/master/mmid_images/Chinese_images/prize_giving_ceremony_metro-radio_mandarin_power_nation-wide_most_popular_idol-1534-79.jpg,What is the Mandarin term for the Music Award?,音乐奖 (Yīnyuè Jiǎng)
https://raw.githubusercontent.com/JustinSQiu/image-captioning-mturk/master/mmid_images/Chinese_images/prize_giving_ceremony_metro-radio_mandarin_power_nation-wide_most_popular_idol-1534-81.jpg,What does the award-winning woman hold in her right hand?,a trophy
https://raw.githubusercontent.com/JustinSQiu/image-captioning-mturk/master/mmid_images/Chinese_images/prize_giving_ceremony_metro-radio_mandarin_power_nation-wide_most_popular_idol-1534-81.jpg,What colors are the dresses worn by the women in the foreground?,black dresses
https://raw.githubusercontent.com/JustinSQiu/image-captioning-mturk/master/mmid_images/Chinese_images/prize_giving_ceremony_metro-radio_mandarin_power_nation-wide_most_popular_idol-1534-81.jpg,What type of event is this scene depicting?,an awards ceremony
https://raw.githubusercontent.com/JustinSQiu/image-captioning-mturk/master/mmid_images/Chinese_images/prize_giving_ceremony_metro-radio_mandarin_power_nation-wide_most_popular_idol-1534-89.jpg,What does the woman display in her right hand in the top image?,a trophy
https://raw.githubusercontent.com/JustinSQiu/image-captioning-mturk/master/mmid_images/Chinese_images/prize_giving_ceremony_metro-radio_mandarin_power_nation-wide_most_popular_idol-1534-89.jpg,What is written in the top right corner of the first image?,"""Live"""
https://raw.githubusercontent.com/JustinSQiu/image-captioning-mturk/master/mmid_images/Chinese_images/prize_giving_ceremony_metro-radio_mandarin_power_nation-wide_most_popular_idol-1534-89.jpg,What type of earrings does she wear in the middle image?,large triangular earrings
https://raw.githubusercontent.com/JustinSQiu/image-captioning-mturk/master/mmid_images/Chinese_images/prize_giving_ceremony_metro-radio_mandarin_power_nation-wide_most_popular_idol-1534-91.jpg,Who is the likely well-known personality resembling Xu Song?,a celebrity
https://raw.githubusercontent.com/JustinSQiu/image-captioning-mturk/master/mmid_images/Chinese_images/prize_giving_ceremony_metro-radio_mandarin_power_nation-wide_most_popular_idol-1534-91.jpg,Which brands are represented with microphones in the scene?,"Tudou, Sohu, iQIYI"
https://raw.githubusercontent.com/JustinSQiu/image-captioning-mturk/master/mmid_images/Chinese_images/prize_giving_ceremony_metro-radio_mandarin_power_nation-wide_most_popular_idol-1534-91.jpg,What is the color of the backdrop in the image?,vibrant blue
https://raw.githubusercontent.com/JustinSQiu/image-captioning-mturk/master/mmid_images/Chinese_images/prize_giving_ceremony_metro-radio_mandarin_power_nation-wide_most_popular_idol-1534-95.jpg,What country's celebrity culture is suggested as the context of this image?,Taiwan
https://raw.githubusercontent.com/JustinSQiu/image-captioning-mturk/master/mmid_images/Chinese_images/prize_giving_ceremony_metro-radio_mandarin_power_nation-wide_most_popular_idol-1534-95.jpg,What popular social media platform is mentioned in the image?,Weibo
https://raw.githubusercontent.com/JustinSQiu/image-captioning-mturk/master/mmid_images/Chinese_images/prize_giving_ceremony_metro-radio_mandarin_power_nation-wide_most_popular_idol-1534-95.jpg,What unique feature is included inside the trophies the woman holds?,flowers
https://raw.githubusercontent.com/JustinSQiu/image-captioning-mturk/master/mmid_images/Chinese_images/qingming_festival-1999-07.jpg,What traditional Chinese festival is referenced in the image?,Qingming Festival
https://raw.githubusercontent.com/JustinSQiu/image-captioning-mturk/master/mmid_images/Chinese_images/qingming_festival-1999-07.jpg,What flower is prominently featured in the composition?,lotus flower
https://raw.githubusercontent.com/JustinSQiu/image-captioning-mturk/master/mmid_images/Chinese_images/qingming_festival-1999-07.jpg,What artistic style does the image resemble?,traditional Chinese ink painting
https://raw.githubusercontent.com/JustinSQiu/image-captioning-mturk/master/mmid_images/Chinese_images/qingming_festival-1999-28.jpg,What festival does the image represent?,Qingming Festival
https://raw.githubusercontent.com/JustinSQiu/image-captioning-mturk/master/mmid_images/Chinese_images/qingming_festival-1999-28.jpg,What items are traditionally burned as offerings?,joss paper
https://raw.githubusercontent.com/JustinSQiu/image-captioning-mturk/master/mmid_images/Chinese_images/qingming_festival-1999-28.jpg,What fruit symbolizes prosperity in Chinese culture?,apples
https://raw.githubusercontent.com/JustinSQiu/image-captioning-mturk/master/mmid_images/Chinese_images/qingming_festival-1999-28.jpg,What color is the headscarf worn by the woman?,green
https://raw.githubusercontent.com/JustinSQiu/image-captioning-mturk/master/mmid_images/Chinese_images/qingming_festival-1999-40.jpg,What is the significance of the hats worn by the individuals?,indicate rainy weather
https://raw.githubusercontent.com/JustinSQiu/image-captioning-mturk/master/mmid_images/Chinese_images/qingming_festival-1999-40.jpg,What activity are the individuals engaged in at the cemetery?,cleaning and honoring the deceased
https://raw.githubusercontent.com/JustinSQiu/image-captioning-mturk/master/mmid_images/Chinese_images/qingming_festival-1999-40.jpg,What colors are the umbrellas being used by the individuals?,light blue and dark blue
https://raw.githubusercontent.com/JustinSQiu/image-captioning-mturk/master/mmid_images/Chinese_images/qingming_festival-1999-74.jpg,What creature's ambiguous representation is in the painting?,a swan
https://raw.githubusercontent.com/JustinSQiu/image-captioning-mturk/master/mmid_images/Chinese_images/qingming_festival-1999-74.jpg,What color are the mist's eyes?,yellow
https://raw.githubusercontent.com/JustinSQiu/image-captioning-mturk/master/mmid_images/Chinese_images/qingming_festival-1999-74.jpg,Which lunar phase is depicted in the painting?,half moon
https://raw.githubusercontent.com/JustinSQiu/image-captioning-mturk/master/mmid_images/Chinese_images/qingming_festival-1999-82.jpg,What does the Qingming Festival primarily honor?,ancestors
https://raw.githubusercontent.com/JustinSQiu/image-captioning-mturk/master/mmid_images/Chinese_images/qingming_festival-1999-82.jpg,What traditional poem is included in the artwork?,Qingming
https://raw.githubusercontent.com/JustinSQiu/image-captioning-mturk/master/mmid_images/Chinese_images/qingming_festival-1999-82.jpg,What animal carries a tub in the traditional painting?,a cow
https://raw.githubusercontent.com/JustinSQiu/image-captioning-mturk/master/mmid_images/Chinese_images/qingming_festival-1999-98.jpg,What does the leaping fish symbolize in the illustration?,progress and overcoming obstacles
https://raw.githubusercontent.com/JustinSQiu/image-captioning-mturk/master/mmid_images/Chinese_images/qingming_festival-1999-98.jpg,What delicate creature adds a whimsical touch to the scene?,a butterfly
https://raw.githubusercontent.com/JustinSQiu/image-captioning-mturk/master/mmid_images/Chinese_images/queen_of_no_marriage-1506-13.jpg,What phrase is displayed in the upper left corner?,Defeated Queen
https://raw.githubusercontent.com/JustinSQiu/image-captioning-mturk/master/mmid_images/Chinese_images/queen_of_no_marriage-1506-13.jpg,What type of gathering is taking place in the bar setting?,a festive atmosphere
https://raw.githubusercontent.com/JustinSQiu/image-captioning-mturk/master/mmid_images/Chinese_images/queen_of_no_marriage-1506-16.jpg,What film or project is being promoted by the individuals?,Defeated Dog
https://raw.githubusercontent.com/JustinSQiu/image-captioning-mturk/master/mmid_images/Chinese_images/queen_of_no_marriage-1506-16.jpg,What do the Chinese characters on the billboard say?,败犬
https://raw.githubusercontent.com/JustinSQiu/image-captioning-mturk/master/mmid_images/Chinese_images/queen_of_no_marriage-1506-31.jpg,What distinctive feature decorates the central bottle on the tables?,red patterns
https://raw.githubusercontent.com/JustinSQiu/image-captioning-mturk/master/mmid_images/Chinese_images/queen_of_no_marriage-1506-31.jpg,How does the woman in the foreground style her hair?,blunt bangs
https://raw.githubusercontent.com/JustinSQiu/image-captioning-mturk/master/mmid_images/Chinese_images/queen_of_no_marriage-1506-39.jpg,What type of cake is featured in the image?,red fruit cake
https://raw.githubusercontent.com/JustinSQiu/image-captioning-mturk/master/mmid_images/Chinese_images/queen_of_no_marriage-1506-39.jpg,What cultural elements are present in the background?,Chinese characters
https://raw.githubusercontent.com/JustinSQiu/image-captioning-mturk/master/mmid_images/Chinese_images/queen_of_no_marriage-1506-39.jpg,What does the left side of the image depict in terms of atmosphere?,a formal or corporate atmosphere
https://raw.githubusercontent.com/JustinSQiu/image-captioning-mturk/master/mmid_images/Chinese_images/queen_of_no_marriage-1506-41.jpg,What traditional summer-themed outfit does the girl on the far left wear?,a white swimsuit
https://raw.githubusercontent.com/JustinSQiu/image-captioning-mturk/master/mmid_images/Chinese_images/queen_of_no_marriage-1506-41.jpg,What accessory does the girl on the far left have?,a hat
https://raw.githubusercontent.com/JustinSQiu/image-captioning-mturk/master/mmid_images/Chinese_images/queen_of_no_marriage-1506-41.jpg,What kind of tattoo does the middle girl have?,a visible tattoo
https://raw.githubusercontent.com/JustinSQiu/image-captioning-mturk/master/mmid_images/Chinese_images/queen_of_no_marriage-1506-45.jpg,What type of festival event is this celebration likely part of?,a larger celebratory event
https://raw.githubusercontent.com/JustinSQiu/image-captioning-mturk/master/mmid_images/Chinese_images/queen_of_no_marriage-1506-45.jpg,Which celebrity nationality are the individuals associated with?,Taiwan
https://raw.githubusercontent.com/JustinSQiu/image-captioning-mturk/master/mmid_images/Chinese_images/queen_of_no_marriage-1506-48.jpg,What style do the words on the Christmas tree resemble?,Taiwanese characters
https://raw.githubusercontent.com/JustinSQiu/image-captioning-mturk/master/mmid_images/Chinese_images/queen_of_no_marriage-1506-48.jpg,What animal motif is reflected in the foreground elements?,leopard motif
https://raw.githubusercontent.com/JustinSQiu/image-captioning-mturk/master/mmid_images/Chinese_images/queen_of_no_marriage-1506-48.jpg,What suggests a Taiwanese cultural context in the image?,desktop image
https://raw.githubusercontent.com/JustinSQiu/image-captioning-mturk/master/mmid_images/Chinese_images/queen_of_no_marriage-1506-49.jpg,What romantic phrase is displayed at the center bottom of the image?,"""Defeated Queen"""
https://raw.githubusercontent.com/JustinSQiu/image-captioning-mturk/master/mmid_images/Chinese_images/queen_of_no_marriage-1506-49.jpg,"What does the phrase ""拜犬"" translate to in English?","""to pay homage to a dog"""
https://raw.githubusercontent.com/JustinSQiu/image-captioning-mturk/master/mmid_images/Chinese_images/queen_of_no_marriage-1506-49.jpg,What cultural connection is suggested by the presence of traditional Chinese characters?,Hong Kong or Taiwan
https://raw.githubusercontent.com/JustinSQiu/image-captioning-mturk/master/mmid_images/Chinese_images/queen_of_no_marriage-1506-54.jpg,Who is the celebrated male figure known for Chinese television dramas?,a Chinese actor
https://raw.githubusercontent.com/JustinSQiu/image-captioning-mturk/master/mmid_images/Chinese_images/queen_of_no_marriage-1506-54.jpg,What region is known for its vibrant entertainment scene related to the actors?,Taiwan
https://raw.githubusercontent.com/JustinSQiu/image-captioning-mturk/master/mmid_images/Chinese_images/queen_of_no_marriage-1506-54.jpg,What do the Chinese characters likely represent in the image?,a Taiwanese television station logo
https://raw.githubusercontent.com/JustinSQiu/image-captioning-mturk/master/mmid_images/Chinese_images/queen_of_no_marriage-1506-58.jpg,Who is the well-known Taiwanese star in the image?,Ruan Dingtian
https://raw.githubusercontent.com/JustinSQiu/image-captioning-mturk/master/mmid_images/Chinese_images/queen_of_no_marriage-1506-58.jpg,Which Asian celebrity is wearing a cream-colored trench coat?,Liang Jingru
https://raw.githubusercontent.com/JustinSQiu/image-captioning-mturk/master/mmid_images/Chinese_images/queen_of_no_marriage-1506-58.jpg,What type of hat does the young woman wear?,white hat with blue decorations
https://raw.githubusercontent.com/JustinSQiu/image-captioning-mturk/master/mmid_images/Chinese_images/queen_of_no_marriage-1506-62.jpg,Who is the male celebrity holding the dog?,Ruan Jingtian
https://raw.githubusercontent.com/JustinSQiu/image-captioning-mturk/master/mmid_images/Chinese_images/queen_of_no_marriage-1506-62.jpg,What type of event does the festive attire suggest?,a holiday evening
https://raw.githubusercontent.com/JustinSQiu/image-captioning-mturk/master/mmid_images/Chinese_images/queen_of_no_marriage-1506-62.jpg,How is the dog described in a humorous way?,very ugly
https://raw.githubusercontent.com/JustinSQiu/image-captioning-mturk/master/mmid_images/Chinese_images/queen_of_no_marriage-1506-65.jpg,What is the Chinese title on the backdrop associated with the drama?,Queen of Losers
https://raw.githubusercontent.com/JustinSQiu/image-captioning-mturk/master/mmid_images/Chinese_images/queen_of_no_marriage-1506-65.jpg,What kind of dog is featured in the first image?,an unattractive breed
https://raw.githubusercontent.com/JustinSQiu/image-captioning-mturk/master/mmid_images/Chinese_images/queen_of_no_marriage-1506-65.jpg,What style of clothing do the actors in the first image wear?,formal suit-like appearance
https://raw.githubusercontent.com/JustinSQiu/image-captioning-mturk/master/mmid_images/Chinese_images/representatives_come_together_for_god_of_liberty's_opening_ceremony_and_release_balloon-1464-42.jpg,What ethical theme does the female teacher's message reflect?,relinquishing fame and fortune
https://raw.githubusercontent.com/JustinSQiu/image-captioning-mturk/master/mmid_images/Chinese_images/representatives_come_together_for_god_of_liberty's_opening_ceremony_and_release_balloon-1464-42.jpg,What indicates that the male teacher in the center is an English teacher?,"""that is"" phrase"
https://raw.githubusercontent.com/JustinSQiu/image-captioning-mturk/master/mmid_images/Chinese_images/representatives_come_together_for_god_of_liberty's_opening_ceremony_and_release_balloon-1464-42.jpg,What subject is implied by the numbers on the blackboard behind the older male teacher?,mathematics
https://raw.githubusercontent.com/JustinSQiu/image-captioning-mturk/master/mmid_images/Chinese_images/representatives_come_together_for_god_of_liberty's_opening_ceremony_and_release_balloon-1464-47.jpg,Who is the well-known Chinese television host in the image?,Le Jia
https://raw.githubusercontent.com/JustinSQiu/image-captioning-mturk/master/mmid_images/Chinese_images/representatives_come_together_for_god_of_liberty's_opening_ceremony_and_release_balloon-1464-47.jpg,What does his shiny bald head suggest about cultural assumptions?,He's not a monk
https://raw.githubusercontent.com/JustinSQiu/image-captioning-mturk/master/mmid_images/Chinese_images/representatives_come_together_for_god_of_liberty's_opening_ceremony_and_release_balloon-1464-47.jpg,What is the media outlet or website referenced in the image?,Jin Chu Wang
https://raw.githubusercontent.com/JustinSQiu/image-captioning-mturk/master/mmid_images/Chinese_images/representatives_come_together_for_god_of_liberty's_opening_ceremony_and_release_balloon-1464-55.jpg,What traditional instrument is being played by the musicians?,suona
https://raw.githubusercontent.com/JustinSQiu/image-captioning-mturk/master/mmid_images/Chinese_images/representatives_come_together_for_god_of_liberty's_opening_ceremony_and_release_balloon-1464-55.jpg,What is the theme of the performance highlighted by the banners?,celebrating rural life
https://raw.githubusercontent.com/JustinSQiu/image-captioning-mturk/master/mmid_images/Chinese_images/representatives_come_together_for_god_of_liberty's_opening_ceremony_and_release_balloon-1464-56.jpg,What traditional act do the women perform to signify their graduation?,throwing graduation caps
https://raw.githubusercontent.com/JustinSQiu/image-captioning-mturk/master/mmid_images/Chinese_images/representatives_come_together_for_god_of_liberty's_opening_ceremony_and_release_balloon-1464-56.jpg,What color and pattern does one girl on the far left wear?,blue top with red and white patterns
https://raw.githubusercontent.com/JustinSQiu/image-captioning-mturk/master/mmid_images/Chinese_images/representatives_come_together_for_god_of_liberty's_opening_ceremony_and_release_balloon-1464-56.jpg,What does one girl hold in her left hand that matches her outfit?,a piece of fabric
"https://raw.githubusercontent.com/JustinSQiu/image-captioning-mturk/master/mmid_images/Chinese_images/research_guiding_bureau,_foreign_education_bureau,_sport_administration_and_managing_department-1724-26.jpg","What do the colors blue, green, yellow, and cyan represent on the map?",administrative regions
"https://raw.githubusercontent.com/JustinSQiu/image-captioning-mturk/master/mmid_images/Chinese_images/research_guiding_bureau,_foreign_education_bureau,_sport_administration_and_managing_department-1724-26.jpg",Which provinces are highlighted on the map?,"Ryanggang Province, South Hamgyong Province, Pyongan Province"
"https://raw.githubusercontent.com/JustinSQiu/image-captioning-mturk/master/mmid_images/Chinese_images/research_guiding_bureau,_foreign_education_bureau,_sport_administration_and_managing_department-1724-26.jpg","What is indicated by the term ""Pyongyang Special City""?",the capital city of North Korea
https://raw.githubusercontent.com/JustinSQiu/image-captioning-mturk/master/mmid_images/Chinese_images/savage_culture_editorial_department-2980-13.jpg,"What does the title ""Formosa"" signify in relation to Taiwan?",historical name of Taiwan
https://raw.githubusercontent.com/JustinSQiu/image-captioning-mturk/master/mmid_images/Chinese_images/savage_culture_editorial_department-2980-13.jpg,What does the illustration of the Earth represent?,global perspective
https://raw.githubusercontent.com/JustinSQiu/image-captioning-mturk/master/mmid_images/Chinese_images/savage_culture_editorial_department-2980-13.jpg,Which landscape features are characteristic of Taiwan's terrain in the image?,mountain ranges and rivers
https://raw.githubusercontent.com/JustinSQiu/image-captioning-mturk/master/mmid_images/Chinese_images/savage_culture_editorial_department-2980-19.jpg,What traditional Japanese meal style is emphasized in the book title?,bento
https://raw.githubusercontent.com/JustinSQiu/image-captioning-mturk/master/mmid_images/Chinese_images/savage_culture_editorial_department-2980-19.jpg,Who is the author recognized on the second book cover?,Water Bottle
https://raw.githubusercontent.com/JustinSQiu/image-captioning-mturk/master/mmid_images/Chinese_images/savage_culture_editorial_department-2980-27.jpg,What culturally significant items resembling red envelopes are prominently displayed?,red envelopes
https://raw.githubusercontent.com/JustinSQiu/image-captioning-mturk/master/mmid_images/Chinese_images/savage_culture_editorial_department-2980-27.jpg,What celebrations are typically associated with red envelopes?,Lunar New Year or weddings
https://raw.githubusercontent.com/JustinSQiu/image-captioning-mturk/master/mmid_images/Chinese_images/savage_culture_editorial_department-2980-30.jpg,What type of pen is prominently displayed on the table?,a handmade pen
https://raw.githubusercontent.com/JustinSQiu/image-captioning-mturk/master/mmid_images/Chinese_images/savage_culture_editorial_department-2980-30.jpg,Which cultural elements are reflected in the design of the setting?,Asian design elements
https://raw.githubusercontent.com/JustinSQiu/image-captioning-mturk/master/mmid_images/Chinese_images/savage_culture_editorial_department-2980-30.jpg,What decade is the estimated origin of the picture from?,the 1990s
https://raw.githubusercontent.com/JustinSQiu/image-captioning-mturk/master/mmid_images/Chinese_images/savage_culture_editorial_department-2980-36.jpg,What architectural feature adds character to the library scene?,a charming staircase
https://raw.githubusercontent.com/JustinSQiu/image-captioning-mturk/master/mmid_images/Chinese_images/savage_culture_editorial_department-2980-36.jpg,What color cloth covers the central table?,deep green
https://raw.githubusercontent.com/JustinSQiu/image-captioning-mturk/master/mmid_images/Chinese_images/savage_culture_editorial_department-2980-36.jpg,What type of books is featured prominently on the central table?,stacks of identical books
https://raw.githubusercontent.com/JustinSQiu/image-captioning-mturk/master/mmid_images/Chinese_images/savage_culture_editorial_department-2980-42.jpg,What cultural theme is reflected in the toy soldier's attire?,British theme
https://raw.githubusercontent.com/JustinSQiu/image-captioning-mturk/master/mmid_images/Chinese_images/savage_culture_editorial_department-2980-42.jpg,What decorative elements are found on the soldier's hat?,"red, white, and blue stripes"
https://raw.githubusercontent.com/JustinSQiu/image-captioning-mturk/master/mmid_images/Chinese_images/savage_culture_editorial_department-2980-42.jpg,What pattern is on the feet of the toy soldier?,British flag patterns
https://raw.githubusercontent.com/JustinSQiu/image-captioning-mturk/master/mmid_images/Chinese_images/savage_culture_editorial_department-2980-49.jpg,What incentive is offered for writing book reviews?,Christmas gifts
https://raw.githubusercontent.com/JustinSQiu/image-captioning-mturk/master/mmid_images/Chinese_images/savage_culture_editorial_department-2980-49.jpg,What age group is the promotional material targeting?,children
https://raw.githubusercontent.com/JustinSQiu/image-captioning-mturk/master/mmid_images/Chinese_images/savage_culture_editorial_department-2980-70.jpg,What is the title of the imagery that features the wild man?,"""Good Wild Man from Europe"""
https://raw.githubusercontent.com/JustinSQiu/image-captioning-mturk/master/mmid_images/Chinese_images/savage_culture_editorial_department-2980-70.jpg,From where was this artwork sent back as a gift?,Yanqiu
https://raw.githubusercontent.com/JustinSQiu/image-captioning-mturk/master/mmid_images/Chinese_images/savage_culture_editorial_department-2980-81.jpg,What does the logo prominently feature in its text?,"""wild man"""
https://raw.githubusercontent.com/JustinSQiu/image-captioning-mturk/master/mmid_images/Chinese_images/savage_culture_editorial_department-2980-81.jpg,What distinctive pattern is present in the logo's background?,a white pattern
https://raw.githubusercontent.com/JustinSQiu/image-captioning-mturk/master/mmid_images/Chinese_images/savage_culture_editorial_department-2980-81.jpg,How is the figure in the logo posed?,holding up their limbs
https://raw.githubusercontent.com/JustinSQiu/image-captioning-mturk/master/mmid_images/Chinese_images/savage_culture_editorial_department-2980-88.jpg,What notable feature highlights the topmost bar of ribbons?,four bundles of yellow and gold ribbons
https://raw.githubusercontent.com/JustinSQiu/image-captioning-mturk/master/mmid_images/Chinese_images/savage_culture_editorial_department-2980-88.jpg,What natural element is included in the foreground of the image?,two leaves
https://raw.githubusercontent.com/JustinSQiu/image-captioning-mturk/master/mmid_images/Chinese_images/savage_culture_editorial_department-2980-88.jpg,What color is hinted at the bottom of the wall in the background?,pink
https://raw.githubusercontent.com/JustinSQiu/image-captioning-mturk/master/mmid_images/Chinese_images/savage_culture_editorial_department-2980-93.jpg,What is the title of the book in Chinese?,"""Desert Yao"" (大漠瑶)"
https://raw.githubusercontent.com/JustinSQiu/image-captioning-mturk/master/mmid_images/Chinese_images/savage_culture_editorial_department-2980-93.jpg,"What does the phrase ""情记鸳鸯腾"" translate to in English?","""The Tangled Love of the Mandarin Ducks"""
https://raw.githubusercontent.com/JustinSQiu/image-captioning-mturk/master/mmid_images/Chinese_images/savage_culture_editorial_department-2980-93.jpg,What trilogy is the book included in?,"""Burning Love"" Trilogy"
https://raw.githubusercontent.com/JustinSQiu/image-captioning-mturk/master/mmid_images/Chinese_images/savage_culture_editorial_department-2980-94.jpg,"What is the subtitle of the book ""The Sea: Another Ignorant Universe"" written in?",Chinese
https://raw.githubusercontent.com/JustinSQiu/image-captioning-mturk/master/mmid_images/Chinese_images/savage_culture_editorial_department-2980-94.jpg,What significant cultural group is mentioned in relation to the thriller book's narrative style?,Million Novels Group Sisters
https://raw.githubusercontent.com/JustinSQiu/image-captioning-mturk/master/mmid_images/Chinese_images/savage_culture_editorial_department-2980-94.jpg,Who is the author of the book printed in traditional Chinese characters?,Frank Xueguang
https://raw.githubusercontent.com/JustinSQiu/image-captioning-mturk/master/mmid_images/Chinese_images/sina_music_awards_ceremony-1851-82.jpg,What type of event is depicted in the photo?,an awards gala
https://raw.githubusercontent.com/JustinSQiu/image-captioning-mturk/master/mmid_images/Chinese_images/sina_music_awards_ceremony-1851-82.jpg,What script is used in the backdrop that indicates the location?,traditional Chinese characters
https://raw.githubusercontent.com/JustinSQiu/image-captioning-mturk/master/mmid_images/Chinese_images/sina_music_awards_ceremony-1851-82.jpg,What logo is present in the lower right corner?,Tungstar
https://raw.githubusercontent.com/JustinSQiu/image-captioning-mturk/master/mmid_images/Chinese_images/sport_equipments_hong_kong_flat_advertisement-2931-06.jpg,What message is conveyed about the cost of raising children?,Financial burdens of parenting
https://raw.githubusercontent.com/JustinSQiu/image-captioning-mturk/master/mmid_images/Chinese_images/sport_equipments_hong_kong_flat_advertisement-2931-06.jpg,What brand logo appears at the bottom of the poster?,Durex
https://raw.githubusercontent.com/JustinSQiu/image-captioning-mturk/master/mmid_images/Chinese_images/sport_equipments_hong_kong_flat_advertisement-2931-37.jpg,What unusual item on the road is associated with vampire folklore?,garlic
https://raw.githubusercontent.com/JustinSQiu/image-captioning-mturk/master/mmid_images/Chinese_images/sport_equipments_hong_kong_flat_advertisement-2931-37.jpg,What phrase suggests Mercedes-Benz's dedication to quality?,the best of nothing
https://raw.githubusercontent.com/JustinSQiu/image-captioning-mturk/master/mmid_images/Chinese_images/sport_equipments_hong_kong_flat_advertisement-2931-38.jpg,What is inscribed on the woman's body?,51 kilograms
https://raw.githubusercontent.com/JustinSQiu/image-captioning-mturk/master/mmid_images/Chinese_images/sport_equipments_hong_kong_flat_advertisement-2931-38.jpg,What color is the woman's skirt?,red
https://raw.githubusercontent.com/JustinSQiu/image-captioning-mturk/master/mmid_images/Chinese_images/sport_equipments_hong_kong_flat_advertisement-2931-38.jpg,What language are the indiscernible words in?,Spanish
https://raw.githubusercontent.com/JustinSQiu/image-captioning-mturk/master/mmid_images/Chinese_images/sport_equipments_hong_kong_flat_advertisement-2931-39.jpg,What tree is the sparrow holding?,a small tree
https://raw.githubusercontent.com/JustinSQiu/image-captioning-mturk/master/mmid_images/Chinese_images/sport_equipments_hong_kong_flat_advertisement-2931-39.jpg,What brand's logo is featured in the image?,Panasonic
https://raw.githubusercontent.com/JustinSQiu/image-captioning-mturk/master/mmid_images/Chinese_images/sport_equipments_hong_kong_flat_advertisement-2931-39.jpg,What phrase suggests a camera's zoom capabilities?,"""Get Closer"" and ""80 Times"""
https://raw.githubusercontent.com/JustinSQiu/image-captioning-mturk/master/mmid_images/Chinese_images/sport_equipments_hong_kong_flat_advertisement-2931-45.jpg,What is the price mentioned for original materials on the DVD cover?,eight yuan
https://raw.githubusercontent.com/JustinSQiu/image-captioning-mturk/master/mmid_images/Chinese_images/sport_equipments_hong_kong_flat_advertisement-2931-45.jpg,Who is the presenter of the Photoshop tutorials?,Sun Hao
https://raw.githubusercontent.com/JustinSQiu/image-captioning-mturk/master/mmid_images/Chinese_images/sport_equipments_hong_kong_flat_advertisement-2931-45.jpg,What specific advertising design format does the DVD focus on?,C56 format
https://raw.githubusercontent.com/JustinSQiu/image-captioning-mturk/master/mmid_images/Chinese_images/sport_equipments_hong_kong_flat_advertisement-2931-55.jpg,What unique feature does the rocking chair have?,wheels
https://raw.githubusercontent.com/JustinSQiu/image-captioning-mturk/master/mmid_images/Chinese_images/sport_equipments_hong_kong_flat_advertisement-2931-55.jpg,What kind of doll is inside the rocking chair?,a small doll
https://raw.githubusercontent.com/JustinSQiu/image-captioning-mturk/master/mmid_images/Chinese_images/sport_equipments_hong_kong_flat_advertisement-2931-55.jpg,What is the sale price of the rocking chair?,$350
https://raw.githubusercontent.com/JustinSQiu/image-captioning-mturk/master/mmid_images/Chinese_images/sport_equipments_hong_kong_flat_advertisement-2931-58.jpg,What do the colorful stripes on the crib represent?,childhood innocence
https://raw.githubusercontent.com/JustinSQiu/image-captioning-mturk/master/mmid_images/Chinese_images/sport_equipments_hong_kong_flat_advertisement-2931-58.jpg,Which brand is prominently displayed in both images?,Durex
https://raw.githubusercontent.com/JustinSQiu/image-captioning-mturk/master/mmid_images/Chinese_images/sport_equipments_hong_kong_flat_advertisement-2931-58.jpg,What animal design is featured on the crib?,a little bear
https://raw.githubusercontent.com/JustinSQiu/image-captioning-mturk/master/mmid_images/Chinese_images/sport_equipments_hong_kong_flat_advertisement-2931-85.jpg,What color are the lights wrapped around the woman?,"pink, white, light blue, green, yellow, purple"
https://raw.githubusercontent.com/JustinSQiu/image-captioning-mturk/master/mmid_images/Chinese_images/sport_equipments_hong_kong_flat_advertisement-2931-85.jpg,What is the significance of the elderly man wrapped in lights?,a Christmas tree metaphor
https://raw.githubusercontent.com/JustinSQiu/image-captioning-mturk/master/mmid_images/Chinese_images/sport_equipments_hong_kong_flat_advertisement-2931-85.jpg,What festive activity are people doing nearby?,building a snowman
https://raw.githubusercontent.com/JustinSQiu/image-captioning-mturk/master/mmid_images/Chinese_images/sport_equipments_hong_kong_flat_advertisement-2931-87.jpg,What type of aesthetic style is the visual representation leaning towards?,cartoonish aesthetic
https://raw.githubusercontent.com/JustinSQiu/image-captioning-mturk/master/mmid_images/Chinese_images/sport_equipments_hong_kong_flat_advertisement-2931-87.jpg,What watermark is present in the bottom right corner of the image?,"""Red Hole China"""
https://raw.githubusercontent.com/JustinSQiu/image-captioning-mturk/master/mmid_images/Chinese_images/sports-3246-05.png,What do the three Chinese characters read?,体育科
https://raw.githubusercontent.com/JustinSQiu/image-captioning-mturk/master/mmid_images/Chinese_images/sports-3246-05.png,What educational subject is promoted in this image?,Physical Education
https://raw.githubusercontent.com/JustinSQiu/image-captioning-mturk/master/mmid_images/Chinese_images/sports-3246-05.png,"Where is this image likely aimed at, considering the language used?","Taiwan, Hong Kong, Macau"
https://raw.githubusercontent.com/JustinSQiu/image-captioning-mturk/master/mmid_images/Chinese_images/sports-3246-13.jpg,What brand's design is indicated by the three stripes on the shoes?,Adidas
https://raw.githubusercontent.com/JustinSQiu/image-captioning-mturk/master/mmid_images/Chinese_images/sports-3246-13.jpg,What athletic event is taking place involving the athletes?,track race
https://raw.githubusercontent.com/JustinSQiu/image-captioning-mturk/master/mmid_images/Chinese_images/sports_community-284-16.jpg,Who is the celebrated athlete in the photo?,Liu Xiang
https://raw.githubusercontent.com/JustinSQiu/image-captioning-mturk/master/mmid_images/Chinese_images/sports_community-284-16.jpg,What event are Liu Xiang and the reporter associated with?,the Two Sessions
https://raw.githubusercontent.com/JustinSQiu/image-captioning-mturk/master/mmid_images/Chinese_images/sports_community-284-16.jpg,What type of cultural significance does tea hold in the meeting?,Chinese tea culture
https://raw.githubusercontent.com/JustinSQiu/image-captioning-mturk/master/mmid_images/Chinese_images/sports_community-284-17.png,What sport or athletic activity is the man likely engaged in?,a physical event
https://raw.githubusercontent.com/JustinSQiu/image-captioning-mturk/master/mmid_images/Chinese_images/sports_community-284-17.png,What does the logo on the man's hat resemble?,Porsche or similar brand
https://raw.githubusercontent.com/JustinSQiu/image-captioning-mturk/master/mmid_images/Chinese_images/sports_community-284-17.png,What significance does the logo with a tiger hold in Asian culture?,strength and bravery
https://raw.githubusercontent.com/JustinSQiu/image-captioning-mturk/master/mmid_images/Chinese_images/sports_community-284-24.jpg,What is the significance of the five-star red flag in the meeting?,it represents China
https://raw.githubusercontent.com/JustinSQiu/image-captioning-mturk/master/mmid_images/Chinese_images/sports_community-284-24.jpg,What traditional Chinese artistry style is featured in the painting?,shan shui
https://raw.githubusercontent.com/JustinSQiu/image-captioning-mturk/master/mmid_images/Chinese_images/sports_community-284-24.jpg,What beverage do attendees drink during the meeting?,tea
https://raw.githubusercontent.com/JustinSQiu/image-captioning-mturk/master/mmid_images/Chinese_images/sports_community-284-43.jpg,Who is Bat Victor?,the badge holder
https://raw.githubusercontent.com/JustinSQiu/image-captioning-mturk/master/mmid_images/Chinese_images/sports_community-284-43.jpg,What event is associated with the badge?,Bat Victor Welsh Open
https://raw.githubusercontent.com/JustinSQiu/image-captioning-mturk/master/mmid_images/Chinese_images/sports_community-284-43.jpg,What is the significance of the name Judd Trump?,professional snooker player
https://raw.githubusercontent.com/JustinSQiu/image-captioning-mturk/master/mmid_images/Chinese_images/sports_community-284-80.jpg,What specific technology is mentioned in relation to the monitors?,Windows 8
https://raw.githubusercontent.com/JustinSQiu/image-captioning-mturk/master/mmid_images/Chinese_images/sports_community-284-80.jpg,What theme does the rocket logo suggest?,space-themed narrative
https://raw.githubusercontent.com/JustinSQiu/image-captioning-mturk/master/mmid_images/Chinese_images/sports_community-284-88.jpg,What emotion is the man expressing?,a broad smile
https://raw.githubusercontent.com/JustinSQiu/image-captioning-mturk/master/mmid_images/Chinese_images/sports_community-284-88.jpg,What type of document is the woman holding?,a form
https://raw.githubusercontent.com/JustinSQiu/image-captioning-mturk/master/mmid_images/Chinese_images/sports_community-284-91.jpg,What are the men discussing?,a particular issue
https://raw.githubusercontent.com/JustinSQiu/image-captioning-mturk/master/mmid_images/Chinese_images/sports_community-284-91.jpg,What color is the casually dressed man's shirt?,gray
https://raw.githubusercontent.com/JustinSQiu/image-captioning-mturk/master/mmid_images/Chinese_images/sports_community-284-91.jpg,What item suggests the meeting is formal?,the suit
https://raw.githubusercontent.com/JustinSQiu/image-captioning-mturk/master/mmid_images/Chinese_images/sprite_music_chart_award_ceremony-3110-04.jpg,What event did the female artist win awards for?,pop music group
https://raw.githubusercontent.com/JustinSQiu/image-captioning-mturk/master/mmid_images/Chinese_images/sprite_music_chart_award_ceremony-3110-04.jpg,Which brand is sponsoring the music event?,Sprite
https://raw.githubusercontent.com/JustinSQiu/image-captioning-mturk/master/mmid_images/Chinese_images/sprite_music_chart_award_ceremony-3110-04.jpg,What style does the scene evoke?,Parisian style
https://raw.githubusercontent.com/JustinSQiu/image-captioning-mturk/master/mmid_images/Chinese_images/sprite_music_chart_award_ceremony-3110-48.jpg,What color is Zheng's belt?,red
https://raw.githubusercontent.com/JustinSQiu/image-captioning-mturk/master/mmid_images/Chinese_images/sprite_music_chart_award_ceremony-3110-48.jpg,What intricate design is on the trophies?,green patterns
https://raw.githubusercontent.com/JustinSQiu/image-captioning-mturk/master/mmid_images/Chinese_images/sprite_music_chart_award_ceremony-3110-48.jpg,What year did the awards ceremony take place?,2007
https://raw.githubusercontent.com/JustinSQiu/image-captioning-mturk/master/mmid_images/Chinese_images/taipei_taiwan_university_sports_center-638-05.jpg,Which map features traditional Chinese characters indicating subway stations?,the Taiwanese map
https://raw.githubusercontent.com/JustinSQiu/image-captioning-mturk/master/mmid_images/Chinese_images/taipei_taiwan_university_sports_center-638-05.jpg,What cultural element indicates the public transportation system in Taiwan?,捷运
https://raw.githubusercontent.com/JustinSQiu/image-captioning-mturk/master/mmid_images/Chinese_images/taipei_taiwan_university_sports_center-638-06.jpg,What color is the flooring in the venue?,bold red
https://raw.githubusercontent.com/JustinSQiu/image-captioning-mturk/master/mmid_images/Chinese_images/taipei_taiwan_university_sports_center-638-06.jpg,What is the background color of the stage?,yellow
https://raw.githubusercontent.com/JustinSQiu/image-captioning-mturk/master/mmid_images/Chinese_images/taipei_taiwan_university_sports_center-638-06.jpg,What lights adorn the transparent ceiling?,golden lights
https://raw.githubusercontent.com/JustinSQiu/image-captioning-mturk/master/mmid_images/Chinese_images/taipei_taiwan_university_sports_center-638-12.jpg,What is the location of the religious gathering?,Taiwan
https://raw.githubusercontent.com/JustinSQiu/image-captioning-mturk/master/mmid_images/Chinese_images/taipei_taiwan_university_sports_center-638-12.jpg,What type of traditional decorations are prominently displayed?,yellow paper and cloth
https://raw.githubusercontent.com/JustinSQiu/image-captioning-mturk/master/mmid_images/Chinese_images/taipei_taiwan_university_sports_center-638-12.jpg,What cultural significance do the Chinese characters hold?,spiritual importance
https://raw.githubusercontent.com/JustinSQiu/image-captioning-mturk/master/mmid_images/Chinese_images/taipei_taiwan_university_sports_center-638-17.jpg,What feature distinguishes the main building's roof?,circular roof
https://raw.githubusercontent.com/JustinSQiu/image-captioning-mturk/master/mmid_images/Chinese_images/taipei_taiwan_university_sports_center-638-17.jpg,What type of design is prominently featured in the architecture?,curvilinear architecture
https://raw.githubusercontent.com/JustinSQiu/image-captioning-mturk/master/mmid_images/Chinese_images/taipei_taiwan_university_sports_center-638-17.jpg,What indicates the building’s accessibility?,ramps for accessibility
https://raw.githubusercontent.com/JustinSQiu/image-captioning-mturk/master/mmid_images/Chinese_images/taipei_taiwan_university_sports_center-638-19.jpg,What writing system do the room signs use?,traditional Chinese characters
https://raw.githubusercontent.com/JustinSQiu/image-captioning-mturk/master/mmid_images/Chinese_images/taipei_taiwan_university_sports_center-638-19.jpg,What city is the venue located in?,Taipei
https://raw.githubusercontent.com/JustinSQiu/image-captioning-mturk/master/mmid_images/Chinese_images/taipei_taiwan_university_sports_center-638-24.jpg,What language are the inscriptions on the concert map written in?,Chinese characters
https://raw.githubusercontent.com/JustinSQiu/image-captioning-mturk/master/mmid_images/Chinese_images/taipei_taiwan_university_sports_center-638-24.jpg,What does the color coding on the map indicate?,ticket prices
https://raw.githubusercontent.com/JustinSQiu/image-captioning-mturk/master/mmid_images/Chinese_images/taipei_taiwan_university_sports_center-638-31.jpg,What color lighting dominates the concert atmosphere?,vibrant red
https://raw.githubusercontent.com/JustinSQiu/image-captioning-mturk/master/mmid_images/Chinese_images/taipei_taiwan_university_sports_center-638-31.jpg,From what vantage point was the photo likely taken?,a higher vantage point
https://raw.githubusercontent.com/JustinSQiu/image-captioning-mturk/master/mmid_images/Chinese_images/taipei_taiwan_university_sports_center-638-31.jpg,How many total rows of attendees are estimated in the photo?,approximately twenty rows
https://raw.githubusercontent.com/JustinSQiu/image-captioning-mturk/master/mmid_images/Chinese_images/taipei_taiwan_university_sports_center-638-33.jpg,What signifies the potential narrative commencement in the scene?,a person in white garments
https://raw.githubusercontent.com/JustinSQiu/image-captioning-mturk/master/mmid_images/Chinese_images/taipei_taiwan_university_sports_center-638-33.jpg,What arch shape detail is noted on the building?,a unique silhouette
https://raw.githubusercontent.com/JustinSQiu/image-captioning-mturk/master/mmid_images/Chinese_images/taipei_taiwan_university_sports_center-638-38.jpg,What is the name of the subway station displayed on the green banner?,Gongguan Station
https://raw.githubusercontent.com/JustinSQiu/image-captioning-mturk/master/mmid_images/Chinese_images/taipei_taiwan_university_sports_center-638-38.jpg,What shape is the entrance design to the transportation hub?,trapezoidal shape
https://raw.githubusercontent.com/JustinSQiu/image-captioning-mturk/master/mmid_images/Chinese_images/taipei_taiwan_university_sports_center-638-38.jpg,"What does the black numeral ""3"" indicate near the entrance?",bus or subway line number
https://raw.githubusercontent.com/JustinSQiu/image-captioning-mturk/master/mmid_images/Chinese_images/taipei_taiwan_university_sports_center-638-39.jpg,What large text is displayed on the stage?,"""Tears for Fears"""
https://raw.githubusercontent.com/JustinSQiu/image-captioning-mturk/master/mmid_images/Chinese_images/taipei_taiwan_university_sports_center-638-39.jpg,What color attire do the individuals in the lower right corner wear?,red attire
https://raw.githubusercontent.com/JustinSQiu/image-captioning-mturk/master/mmid_images/Chinese_images/taipei_taiwan_university_sports_center-638-39.jpg,What color tone contributes to the emotional atmosphere of the venue?,purple hue
https://raw.githubusercontent.com/JustinSQiu/image-captioning-mturk/master/mmid_images/Chinese_images/taipei_taiwan_university_sports_center-638-51.jpeg,What Taiwanese festival or cultural event might this singer be associated with?,Taiwanese music scene
https://raw.githubusercontent.com/JustinSQiu/image-captioning-mturk/master/mmid_images/Chinese_images/taipei_taiwan_university_sports_center-638-51.jpeg,What kind of atmosphere is created by the lighting in the photograph?,intimate and moody
https://raw.githubusercontent.com/JustinSQiu/image-captioning-mturk/master/mmid_images/Chinese_images/taipei_taiwan_university_sports_center-638-51.jpeg,What indicates the artistic expression of the long-haired individual?,open clothing style
https://raw.githubusercontent.com/JustinSQiu/image-captioning-mturk/master/mmid_images/Chinese_images/taipei_taiwan_university_sports_center-638-53.jpg,What character is the main cosplayer portraying?,Hatsune Miku
https://raw.githubusercontent.com/JustinSQiu/image-captioning-mturk/master/mmid_images/Chinese_images/taipei_taiwan_university_sports_center-638-53.jpg,What type of event does the atmosphere suggest?,cosplay convention
https://raw.githubusercontent.com/JustinSQiu/image-captioning-mturk/master/mmid_images/Chinese_images/taipei_taiwan_university_sports_center-638-53.jpg,What colors are associated with Hatsune Miku's appearance?,light blue hair
https://raw.githubusercontent.com/JustinSQiu/image-captioning-mturk/master/mmid_images/Chinese_images/taipei_taiwan_university_sports_center-638-59.jpg,What type of environment is depicted with blue lighting and dancing individuals?,nightclub setting
https://raw.githubusercontent.com/JustinSQiu/image-captioning-mturk/master/mmid_images/Chinese_images/taipei_taiwan_university_sports_center-638-59.jpg,What season is indicated by the attendees' clothing?,autumn or winter
https://raw.githubusercontent.com/JustinSQiu/image-captioning-mturk/master/mmid_images/Chinese_images/taipei_taiwan_university_sports_center-638-60.jpg,What music industry role do the men represent?,members of a music group
https://raw.githubusercontent.com/JustinSQiu/image-captioning-mturk/master/mmid_images/Chinese_images/taipei_taiwan_university_sports_center-638-60.jpg,What specific piece of clothing do all the men wear that emphasizes formality?,black ties
https://raw.githubusercontent.com/JustinSQiu/image-captioning-mturk/master/mmid_images/Chinese_images/taipei_taiwan_university_sports_center-638-84.jpg,What element of architecture does the backdrop resemble?,Kremlin rooftops
https://raw.githubusercontent.com/JustinSQiu/image-captioning-mturk/master/mmid_images/Chinese_images/taipei_taiwan_university_sports_center-638-84.jpg,What colors dominate the costumes of the leading performers?,golden yellow
https://raw.githubusercontent.com/JustinSQiu/image-captioning-mturk/master/mmid_images/Chinese_images/taipei_taiwan_university_sports_center-638-84.jpg,What European country's culture is suggested by the performance?,Russia
https://raw.githubusercontent.com/JustinSQiu/image-captioning-mturk/master/mmid_images/Chinese_images/ten_best_chinese_golden_songs_awards_ceremony-2439-17.jpg,What is the name of the broadcast channel associated with the event?,Hong Kong Radio RTHK
https://raw.githubusercontent.com/JustinSQiu/image-captioning-mturk/master/mmid_images/Chinese_images/ten_best_chinese_golden_songs_awards_ceremony-2439-17.jpg,What season does the male singer's warm attire suggest?,winter
https://raw.githubusercontent.com/JustinSQiu/image-captioning-mturk/master/mmid_images/Chinese_images/ten_best_chinese_golden_songs_awards_ceremony-2439-17.jpg,What decorative element is prominently displayed in the background?,a large musical symbol
https://raw.githubusercontent.com/JustinSQiu/image-captioning-mturk/master/mmid_images/Chinese_images/ten_best_chinese_golden_songs_awards_ceremony-2439-30.jpg,"Who is the likely performer, known for her engaging performances?",Gigi Leung
https://raw.githubusercontent.com/JustinSQiu/image-captioning-mturk/master/mmid_images/Chinese_images/ten_best_chinese_golden_songs_awards_ceremony-2439-30.jpg,What type of dress is the singer wearing?,"luxurious, layered dress"
https://raw.githubusercontent.com/JustinSQiu/image-captioning-mturk/master/mmid_images/Chinese_images/ten_best_chinese_golden_songs_awards_ceremony-2439-30.jpg,What elements enhance the stage's ambiance?,blue spotlights and lighting
https://raw.githubusercontent.com/JustinSQiu/image-captioning-mturk/master/mmid_images/Chinese_images/ten_best_chinese_golden_songs_awards_ceremony-2439-32.jpg,What specific award is being presented at the ceremony?,Top Ten Golden Songs Award
https://raw.githubusercontent.com/JustinSQiu/image-captioning-mturk/master/mmid_images/Chinese_images/ten_best_chinese_golden_songs_awards_ceremony-2439-32.jpg,Which two regions are referenced in the event's context?,Hong Kong and Taiwan
https://raw.githubusercontent.com/JustinSQiu/image-captioning-mturk/master/mmid_images/Chinese_images/ten_best_chinese_golden_songs_awards_ceremony-2439-32.jpg,Who is the lead singer associated with one of the highlighted songs?,Gu Juji
https://raw.githubusercontent.com/JustinSQiu/image-captioning-mturk/master/mmid_images/Chinese_images/ten_best_chinese_golden_songs_awards_ceremony-2439-36.jpg,What prestigious awards does the gathering resemble?,Oscars or Grammy Awards
https://raw.githubusercontent.com/JustinSQiu/image-captioning-mturk/master/mmid_images/Chinese_images/ten_best_chinese_golden_songs_awards_ceremony-2439-36.jpg,Describe the woman in red's makeup.,vivid red lipstick
https://raw.githubusercontent.com/JustinSQiu/image-captioning-mturk/master/mmid_images/Chinese_images/ten_best_chinese_golden_songs_awards_ceremony-2439-36.jpg,What type of suit does the man next to the woman in red wear?,black suit
https://raw.githubusercontent.com/JustinSQiu/image-captioning-mturk/master/mmid_images/Chinese_images/ten_best_chinese_golden_songs_awards_ceremony-2439-39.jpg,What prestigious awards program is the event celebrating?,Top Ten Chinese Golden Songs
https://raw.githubusercontent.com/JustinSQiu/image-captioning-mturk/master/mmid_images/Chinese_images/ten_best_chinese_golden_songs_awards_ceremony-2439-39.jpg,What type of clothing is the bodyguard wearing?,long black coat
https://raw.githubusercontent.com/JustinSQiu/image-captioning-mturk/master/mmid_images/Chinese_images/ten_best_chinese_golden_songs_awards_ceremony-2439-39.jpg,What is the design of the celebrity's dress?,see-through white dress
https://raw.githubusercontent.com/JustinSQiu/image-captioning-mturk/master/mmid_images/Chinese_images/ten_best_chinese_golden_songs_awards_ceremony-2439-44.jpg,What is the award given at this event?,Outstanding Pop Singer Award
https://raw.githubusercontent.com/JustinSQiu/image-captioning-mturk/master/mmid_images/Chinese_images/ten_best_chinese_golden_songs_awards_ceremony-2439-44.jpg,What television channel broadcasts this event?,Asian Channel
https://raw.githubusercontent.com/JustinSQiu/image-captioning-mturk/master/mmid_images/Chinese_images/ten_best_chinese_golden_songs_awards_ceremony-2439-44.jpg,What unique color is the woman's skirt?,gold-colored
https://raw.githubusercontent.com/JustinSQiu/image-captioning-mturk/master/mmid_images/Chinese_images/ten_best_chinese_golden_songs_awards_ceremony-2439-86.jpg,Who is the well-known celebrity holding an award trophy?,Rong Zuer
https://raw.githubusercontent.com/JustinSQiu/image-captioning-mturk/master/mmid_images/Chinese_images/ten_best_chinese_golden_songs_awards_ceremony-2439-86.jpg,What is the significance of the logo 'HKChannel' in the image?,Broadcast source
https://raw.githubusercontent.com/JustinSQiu/image-captioning-mturk/master/mmid_images/Chinese_images/ten_thousands_thousands_star_shine_award_ceremony-1127-02.jpg,What motifs are depicted on the left woman's dress?,"flowers, birds, fish, insects"
https://raw.githubusercontent.com/JustinSQiu/image-captioning-mturk/master/mmid_images/Chinese_images/ten_thousands_thousands_star_shine_award_ceremony-1127-02.jpg,What type of necklace is the left woman wearing?,large three-dimensional necklace
https://raw.githubusercontent.com/JustinSQiu/image-captioning-mturk/master/mmid_images/Chinese_images/ten_thousands_thousands_star_shine_award_ceremony-1127-02.jpg,What gemstone is featured on the right woman's necklace?,blue gemstone
https://raw.githubusercontent.com/JustinSQiu/image-captioning-mturk/master/mmid_images/Chinese_images/ten_thousands_thousands_star_shine_award_ceremony-1127-07.jpg,What unique feature does the white turtleneck gown have?,exploding flower collar
https://raw.githubusercontent.com/JustinSQiu/image-captioning-mturk/master/mmid_images/Chinese_images/ten_thousands_thousands_star_shine_award_ceremony-1127-07.jpg,What color is the dress worn by the girl standing left?,red gown
https://raw.githubusercontent.com/JustinSQiu/image-captioning-mturk/master/mmid_images/Chinese_images/ten_thousands_thousands_star_shine_award_ceremony-1127-07.jpg,What type of overlay enhances the strapless white dress?,sheer white overlay
https://raw.githubusercontent.com/JustinSQiu/image-captioning-mturk/master/mmid_images/Chinese_images/ten_thousands_thousands_star_shine_award_ceremony-1127-11.jpg,What is the name of the awards ceremony featured in the image?,Many Stars Shine Awards Ceremony
https://raw.githubusercontent.com/JustinSQiu/image-captioning-mturk/master/mmid_images/Chinese_images/ten_thousands_thousands_star_shine_award_ceremony-1127-11.jpg,"Which television company organized the event, as indicated by the logo?",TVB
https://raw.githubusercontent.com/JustinSQiu/image-captioning-mturk/master/mmid_images/Chinese_images/ten_thousands_thousands_star_shine_award_ceremony-1127-11.jpg,What language are the characters on the event backdrop written in?,traditional Chinese
https://raw.githubusercontent.com/JustinSQiu/image-captioning-mturk/master/mmid_images/Chinese_images/ten_thousands_thousands_star_shine_award_ceremony-1127-19.jpeg,What significant achievement are the couple celebrating?,an award
https://raw.githubusercontent.com/JustinSQiu/image-captioning-mturk/master/mmid_images/Chinese_images/ten_thousands_thousands_star_shine_award_ceremony-1127-19.jpeg,What year is prominently displayed on their trophies?,2015
https://raw.githubusercontent.com/JustinSQiu/image-captioning-mturk/master/mmid_images/Chinese_images/ten_thousands_thousands_star_shine_award_ceremony-1127-19.jpeg,What kind of carpet is present in the scene?,red carpet
https://raw.githubusercontent.com/JustinSQiu/image-captioning-mturk/master/mmid_images/Chinese_images/ten_thousands_thousands_star_shine_award_ceremony-1127-24.jpg,"What is the significance of the number ""48"" in this context?",associated with the awards
https://raw.githubusercontent.com/JustinSQiu/image-captioning-mturk/master/mmid_images/Chinese_images/ten_thousands_thousands_star_shine_award_ceremony-1127-24.jpg,What event is commemorated in this image?,2015 Wan Qian Xin Hui Awards Ceremony
https://raw.githubusercontent.com/JustinSQiu/image-captioning-mturk/master/mmid_images/Chinese_images/ten_thousands_thousands_star_shine_award_ceremony-1127-24.jpg,What theme does the color red represent in Chinese culture?,celebration and festivity
https://raw.githubusercontent.com/JustinSQiu/image-captioning-mturk/master/mmid_images/Chinese_images/ten_thousands_thousands_star_shine_award_ceremony-1127-26.jpg,Which celebrity wears a pink satin gown?,the first celebrity
https://raw.githubusercontent.com/JustinSQiu/image-captioning-mturk/master/mmid_images/Chinese_images/ten_thousands_thousands_star_shine_award_ceremony-1127-26.jpg,What unique style does the seventh celebrity combine in her outfit?,black transparent dress over white bodycon gown
https://raw.githubusercontent.com/JustinSQiu/image-captioning-mturk/master/mmid_images/Chinese_images/ten_thousands_thousands_star_shine_award_ceremony-1127-26.jpg,What kind of jewelry complements the fourth celebrity's gown?,sapphire jewelry
https://raw.githubusercontent.com/JustinSQiu/image-captioning-mturk/master/mmid_images/Chinese_images/ten_thousands_thousands_star_shine_award_ceremony-1127-28.jpg,What type of event are the celebrities attending?,election gala or award ceremony
https://raw.githubusercontent.com/JustinSQiu/image-captioning-mturk/master/mmid_images/Chinese_images/ten_thousands_thousands_star_shine_award_ceremony-1127-28.jpg,From which region do the celebrities appear to be?,Hong Kong
https://raw.githubusercontent.com/JustinSQiu/image-captioning-mturk/master/mmid_images/Chinese_images/ten_thousands_thousands_star_shine_award_ceremony-1127-28.jpg,What type of dresses are the women showcasing?,elegant dresses
https://raw.githubusercontent.com/JustinSQiu/image-captioning-mturk/master/mmid_images/Chinese_images/ten_thousands_thousands_star_shine_award_ceremony-1127-45.jpg,What festival or event are the couple likely attending?,a formal event
https://raw.githubusercontent.com/JustinSQiu/image-captioning-mturk/master/mmid_images/Chinese_images/ten_thousands_thousands_star_shine_award_ceremony-1127-45.jpg,What does the woman wear that adds to her ethereal quality?,a semi-transparent gown
https://raw.githubusercontent.com/JustinSQiu/image-captioning-mturk/master/mmid_images/Chinese_images/ten_thousands_thousands_star_shine_award_ceremony-1127-45.jpg,What color is the woman's lipstick in all images?,bright red
https://raw.githubusercontent.com/JustinSQiu/image-captioning-mturk/master/mmid_images/Chinese_images/ten_thousands_thousands_star_shine_award_ceremony-1127-74.jpg,What television station is broadcasting the event?,Jade Green
https://raw.githubusercontent.com/JustinSQiu/image-captioning-mturk/master/mmid_images/Chinese_images/ten_thousands_thousands_star_shine_award_ceremony-1127-74.jpg,What award ceremony is being held?,Thousands of New Glory Awards Ceremony
https://raw.githubusercontent.com/JustinSQiu/image-captioning-mturk/master/mmid_images/Chinese_images/ten_thousands_thousands_star_shine_award_ceremony-1127-74.jpg,What is the male guest wearing?,gray suit
https://raw.githubusercontent.com/JustinSQiu/image-captioning-mturk/master/mmid_images/Chinese_images/ten_thousands_thousands_star_shine_award_ceremony-1127-83.jpg,What award did the young girl win?,Wan Chai New Star Award
https://raw.githubusercontent.com/JustinSQiu/image-captioning-mturk/master/mmid_images/Chinese_images/ten_thousands_thousands_star_shine_award_ceremony-1127-83.jpg,What cultural symbols are seen in the background?,Chinese characters
https://raw.githubusercontent.com/JustinSQiu/image-captioning-mturk/master/mmid_images/Chinese_images/ten_thousands_thousands_star_shine_award_ceremony-1127-83.jpg,What logo is displayed at the bottom of the image?,TVB logo
https://raw.githubusercontent.com/JustinSQiu/image-captioning-mturk/master/mmid_images/Chinese_images/the_10th_ceremony_of_the_jade_solid_gold_best_10_awards-2086-34.jpg,What does the golden emblem symbolize?,the award ceremony
https://raw.githubusercontent.com/JustinSQiu/image-captioning-mturk/master/mmid_images/Chinese_images/the_10th_ceremony_of_the_jade_solid_gold_best_10_awards-2086-34.jpg,What is the Chinese name for the awards?,Top Ten Golden Songs Awards
https://raw.githubusercontent.com/JustinSQiu/image-captioning-mturk/master/mmid_images/Chinese_images/the_10th_ceremony_of_the_jade_solid_gold_best_10_awards-2086-34.jpg,What year is indicated on the promotional graphic?,2011
https://raw.githubusercontent.com/JustinSQiu/image-captioning-mturk/master/mmid_images/Chinese_images/the_10th_ceremony_of_the_jade_solid_gold_best_10_awards-2086-59.jpg,What song lyric is quoted in the performance?,"""Thankful for having once been so innocent"""
https://raw.githubusercontent.com/JustinSQiu/image-captioning-mturk/master/mmid_images/Chinese_images/the_10th_ceremony_of_the_jade_solid_gold_best_10_awards-2086-59.jpg,Where is the performance likely being broadcast from?,Hong Kong
https://raw.githubusercontent.com/JustinSQiu/image-captioning-mturk/master/mmid_images/Chinese_images/the_10th_ceremony_of_the_jade_solid_gold_best_10_awards-2086-59.jpg,What type of performance is being represented?,live music performance
https://raw.githubusercontent.com/JustinSQiu/image-captioning-mturk/master/mmid_images/Chinese_images/the_10th_ceremony_of_the_jade_solid_gold_best_10_awards-2086-90.jpg,What distinctive photography style is reminiscent of the image?,1990s large headshots
https://raw.githubusercontent.com/JustinSQiu/image-captioning-mturk/master/mmid_images/Chinese_images/the_10th_ceremony_of_the_jade_solid_gold_best_10_awards-2086-90.jpg,What may indicate a thematic connection to water in the photo?,wet hair
https://raw.githubusercontent.com/JustinSQiu/image-captioning-mturk/master/mmid_images/Chinese_images/the_10th_ceremony_of_the_jade_solid_gold_best_10_awards-2086-90.jpg,What are the colors of the design elements on the watermark?,"blue, red, and green"
https://raw.githubusercontent.com/JustinSQiu/image-captioning-mturk/master/mmid_images/Chinese_images/the_10th_chinese_gold_melody_awards_ceremony-2440-05.jpg,What cultural event is the man likely judging?,a talent show
https://raw.githubusercontent.com/JustinSQiu/image-captioning-mturk/master/mmid_images/Chinese_images/the_10th_chinese_gold_melody_awards_ceremony-2440-05.jpg,What does the watermark on the image indicate?,Hong Kong Radio
https://raw.githubusercontent.com/JustinSQiu/image-captioning-mturk/master/mmid_images/Chinese_images/the_10th_chinese_gold_melody_awards_ceremony-2440-05.jpg,What type of lighting creates excitement in the atmosphere?,dynamic colorful lights
https://raw.githubusercontent.com/JustinSQiu/image-captioning-mturk/master/mmid_images/Chinese_images/the_10th_chinese_gold_melody_awards_ceremony-2440-08.jpg,What color dress is the woman on the far left wearing?,red dress
https://raw.githubusercontent.com/JustinSQiu/image-captioning-mturk/master/mmid_images/Chinese_images/the_10th_chinese_gold_melody_awards_ceremony-2440-08.jpg,What type of lighting creates the dramatic ambiance of the performance?,blue lighting strips
https://raw.githubusercontent.com/JustinSQiu/image-captioning-mturk/master/mmid_images/Chinese_images/the_10th_chinese_gold_melody_awards_ceremony-2440-14.jpg,Which prominent Hong Kong singer is featured wearing a yellow dress?,Joey Yung
https://raw.githubusercontent.com/JustinSQiu/image-captioning-mturk/master/mmid_images/Chinese_images/the_10th_chinese_gold_melody_awards_ceremony-2440-14.jpg,What two media outlets are mentioned in the image?,"Ming Pao, Gossip Hong Kong"
https://raw.githubusercontent.com/JustinSQiu/image-captioning-mturk/master/mmid_images/Chinese_images/the_10th_chinese_gold_melody_awards_ceremony-2440-30.jpg,What prominent television station is broadcasting the ceremony?,TVB
https://raw.githubusercontent.com/JustinSQiu/image-captioning-mturk/master/mmid_images/Chinese_images/the_10th_chinese_gold_melody_awards_ceremony-2440-30.jpg,Which well-known musician is featured at the event?,Hacken Lee
https://raw.githubusercontent.com/JustinSQiu/image-captioning-mturk/master/mmid_images/Chinese_images/the_10th_chinese_gold_melody_awards_ceremony-2440-30.jpg,What notable design elements are in the backdrop?,green droplet shapes
https://raw.githubusercontent.com/JustinSQiu/image-captioning-mturk/master/mmid_images/Chinese_images/the_10th_chinese_gold_melody_awards_ceremony-2440-41.jpg,Who is the renowned singer and actress present?,Joey Yung
https://raw.githubusercontent.com/JustinSQiu/image-captioning-mturk/master/mmid_images/Chinese_images/the_10th_chinese_gold_melody_awards_ceremony-2440-41.jpg,What type of dress is Joey Yung wearing?,a stunning gown
https://raw.githubusercontent.com/JustinSQiu/image-captioning-mturk/master/mmid_images/Chinese_images/the_10th_chinese_gold_melody_awards_ceremony-2440-41.jpg,What colors are displayed in Joey Yung's gown?,gold and pink
https://raw.githubusercontent.com/JustinSQiu/image-captioning-mturk/master/mmid_images/Chinese_images/the_10th_chinese_gold_melody_awards_ceremony-2440-43.jpg,Who is the prominent singer featured at the award ceremony?,Yung Tsu Wah
https://raw.githubusercontent.com/JustinSQiu/image-captioning-mturk/master/mmid_images/Chinese_images/the_10th_chinese_gold_melody_awards_ceremony-2440-43.jpg,What type of event is being depicted?,an award ceremony
https://raw.githubusercontent.com/JustinSQiu/image-captioning-mturk/master/mmid_images/Chinese_images/the_10th_chinese_gold_melody_awards_ceremony-2440-43.jpg,What TV station's logo is visible?,Wireless Broadcasting Television Station
https://raw.githubusercontent.com/JustinSQiu/image-captioning-mturk/master/mmid_images/Chinese_images/the_10th_chinese_gold_melody_awards_ceremony-2440-44.jpg,What is the name of the broadcasting entity associated with the female host?,Hong Kong Radio Asia
https://raw.githubusercontent.com/JustinSQiu/image-captioning-mturk/master/mmid_images/Chinese_images/the_10th_chinese_gold_melody_awards_ceremony-2440-44.jpg,"What ongoing theme is implied with the ""T4 Card"" announcement?",card series discussion
https://raw.githubusercontent.com/JustinSQiu/image-captioning-mturk/master/mmid_images/Chinese_images/the_10th_chinese_gold_melody_awards_ceremony-2440-44.jpg,What is the significance of the characters mentioned in the image context?,香港电视台 (Hong Kong Television Station)
https://raw.githubusercontent.com/JustinSQiu/image-captioning-mturk/master/mmid_images/Chinese_images/the_10th_chinese_gold_melody_awards_ceremony-2440-45.jpg,Who is the individual likely holding the trophy?,Eason Chan
https://raw.githubusercontent.com/JustinSQiu/image-captioning-mturk/master/mmid_images/Chinese_images/the_10th_chinese_gold_melody_awards_ceremony-2440-45.jpg,What language is the text written in at the top of the image?,Japanese
https://raw.githubusercontent.com/JustinSQiu/image-captioning-mturk/master/mmid_images/Chinese_images/the_10th_chinese_gold_melody_awards_ceremony-2440-45.jpg,What kind of event is suggested by the trophy's nature?,music-related accolade
https://raw.githubusercontent.com/JustinSQiu/image-captioning-mturk/master/mmid_images/Chinese_images/the_10th_chinese_gold_melody_awards_ceremony-2440-69.jpg,What Chinese festival involves honors for ancestors?,Qingming Festival
https://raw.githubusercontent.com/JustinSQiu/image-captioning-mturk/master/mmid_images/Chinese_images/the_10th_chinese_gold_melody_awards_ceremony-2440-69.jpg,What items are being carried up the mountain?,grave tablets
https://raw.githubusercontent.com/JustinSQiu/image-captioning-mturk/master/mmid_images/Chinese_images/the_10th_chinese_gold_melody_awards_ceremony-2440-69.jpg,Inscriptions on the tablets are written in which language?,Chinese characters
https://raw.githubusercontent.com/JustinSQiu/image-captioning-mturk/master/mmid_images/Chinese_images/the_10th_chinese_gold_melody_awards_ceremony-2440-77.jpg,What performance is indicated by the gentlemen holding microphones?,musical performance
https://raw.githubusercontent.com/JustinSQiu/image-captioning-mturk/master/mmid_images/Chinese_images/the_10th_chinese_gold_melody_awards_ceremony-2440-77.jpg,What type of jacket is the second gentleman wearing?,brown leather jacket
https://raw.githubusercontent.com/JustinSQiu/image-captioning-mturk/master/mmid_images/Chinese_images/the_10th_chinese_gold_melody_awards_ceremony-2440-77.jpg,What accessory is the first gentleman wearing over his ear?,headphones
https://raw.githubusercontent.com/JustinSQiu/image-captioning-mturk/master/mmid_images/Chinese_images/the_10th_chinese_gold_melody_awards_ceremony-2440-90.jpg,What is the title of the music event featured on the poster?,Top Ten Chinese Gold Songs Awards Concert
https://raw.githubusercontent.com/JustinSQiu/image-captioning-mturk/master/mmid_images/Chinese_images/the_10th_chinese_gold_melody_awards_ceremony-2440-90.jpg,What phrase suggests an emotional connection to the music?,"My Era, My Song"
https://raw.githubusercontent.com/JustinSQiu/image-captioning-mturk/master/mmid_images/Chinese_images/the_10th_chinese_gold_melody_awards_ceremony-2440-90.jpg,What visual element represents the musical theme of the concert?,microphone and person figure
https://raw.githubusercontent.com/JustinSQiu/image-captioning-mturk/master/mmid_images/Chinese_images/the_34th_top_ten_chinese_songs_award_presentation_ceremony-2355-10.jpg,What signifies the woman's creative role in the scene?,holding a paint tube
https://raw.githubusercontent.com/JustinSQiu/image-captioning-mturk/master/mmid_images/Chinese_images/the_34th_top_ten_chinese_songs_award_presentation_ceremony-2355-10.jpg,What is displayed in the background that indicates the broadcast location?,Live Broadcast from Hong Kong Radio
https://raw.githubusercontent.com/JustinSQiu/image-captioning-mturk/master/mmid_images/Chinese_images/the_34th_top_ten_chinese_songs_award_presentation_ceremony-2355-10.jpg,What embellishments add glamour to the microphone?,rhinestone decorations
https://raw.githubusercontent.com/JustinSQiu/image-captioning-mturk/master/mmid_images/Chinese_images/the_34th_top_ten_chinese_songs_award_presentation_ceremony-2355-13.jpg,What is the title of the music program featured in the image?,Top Ten Chinese Gold Songs
https://raw.githubusercontent.com/JustinSQiu/image-captioning-mturk/master/mmid_images/Chinese_images/the_34th_top_ten_chinese_songs_award_presentation_ceremony-2355-13.jpg,Which social media logo is present in the image?,Weibo
https://raw.githubusercontent.com/JustinSQiu/image-captioning-mturk/master/mmid_images/Chinese_images/the_34th_top_ten_chinese_songs_award_presentation_ceremony-2355-19.jpg,What type of clothing does the woman wear that suggests sophistication?,a black dress or gown
https://raw.githubusercontent.com/JustinSQiu/image-captioning-mturk/master/mmid_images/Chinese_images/the_34th_top_ten_chinese_songs_award_presentation_ceremony-2355-19.jpg,What casual item is the young man wearing?,a black hoodie
https://raw.githubusercontent.com/JustinSQiu/image-captioning-mturk/master/mmid_images/Chinese_images/the_34th_top_ten_chinese_songs_award_presentation_ceremony-2355-21.jpg,What television channel is broadcasting the event?,HD Jade Channel
https://raw.githubusercontent.com/JustinSQiu/image-captioning-mturk/master/mmid_images/Chinese_images/the_34th_top_ten_chinese_songs_award_presentation_ceremony-2355-21.jpg,Where is this televised event likely taking place?,Hong Kong
https://raw.githubusercontent.com/JustinSQiu/image-captioning-mturk/master/mmid_images/Chinese_images/the_34th_top_ten_chinese_songs_award_presentation_ceremony-2355-21.jpg,What pattern is featured in the backdrop design?,green diamond patterns
https://raw.githubusercontent.com/JustinSQiu/image-captioning-mturk/master/mmid_images/Chinese_images/the_34th_top_ten_chinese_songs_award_presentation_ceremony-2355-37.jpg,What does the man express his desire to win?,the Supreme Golden Prize
https://raw.githubusercontent.com/JustinSQiu/image-captioning-mturk/master/mmid_images/Chinese_images/the_34th_top_ten_chinese_songs_award_presentation_ceremony-2355-37.jpg,What prestigious award event is featured in the banner?,Top Ten Chinese Golden Melody Awards
https://raw.githubusercontent.com/JustinSQiu/image-captioning-mturk/master/mmid_images/Chinese_images/the_34th_top_ten_chinese_songs_award_presentation_ceremony-2355-37.jpg,What is the man's full name as noted in the image?,Wu Ye Kun
https://raw.githubusercontent.com/JustinSQiu/image-captioning-mturk/master/mmid_images/Chinese_images/the_34th_top_ten_chinese_songs_award_presentation_ceremony-2355-46.jpg,What unique design does the trophy feature?,Yellow transparent sphere
https://raw.githubusercontent.com/JustinSQiu/image-captioning-mturk/master/mmid_images/Chinese_images/the_34th_top_ten_chinese_songs_award_presentation_ceremony-2355-46.jpg,In which city is this awards ceremony taking place?,Hong Kong
https://raw.githubusercontent.com/JustinSQiu/image-captioning-mturk/master/mmid_images/Chinese_images/the_34th_top_ten_chinese_songs_award_presentation_ceremony-2355-46.jpg,What role is the young woman in the middle fulfilling?,Delivering an acceptance speech
https://raw.githubusercontent.com/JustinSQiu/image-captioning-mturk/master/mmid_images/Chinese_images/the_34th_top_ten_chinese_songs_award_presentation_ceremony-2355-55.jpg,Who is the renowned singer performing?,Eason Chan
https://raw.githubusercontent.com/JustinSQiu/image-captioning-mturk/master/mmid_images/Chinese_images/the_34th_top_ten_chinese_songs_award_presentation_ceremony-2355-55.jpg,What is the title of the performance?,Drifting in Notes
https://raw.githubusercontent.com/JustinSQiu/image-captioning-mturk/master/mmid_images/Chinese_images/the_34th_top_ten_chinese_songs_award_presentation_ceremony-2355-55.jpg,What does the logo on the microphone feature?,a red pattern
https://raw.githubusercontent.com/JustinSQiu/image-captioning-mturk/master/mmid_images/Chinese_images/the_34th_top_ten_chinese_songs_award_presentation_ceremony-2355-77.jpg,What prize categories will be recognized at the award ceremony?,various music categories
https://raw.githubusercontent.com/JustinSQiu/image-captioning-mturk/master/mmid_images/Chinese_images/the_34th_top_ten_chinese_songs_award_presentation_ceremony-2355-77.jpg,What is the cultural significance of the event being hosted in Hong Kong?,Chinese music industry
https://raw.githubusercontent.com/JustinSQiu/image-captioning-mturk/master/mmid_images/Chinese_images/the_34th_top_ten_chinese_songs_award_presentation_ceremony-2355-77.jpg,What specific date and time is the awards ceremony scheduled for?,"January 18, 2019, 7:17 PM"
https://raw.githubusercontent.com/JustinSQiu/image-captioning-mturk/master/mmid_images/Chinese_images/the_34th_top_ten_chinese_songs_award_presentation_ceremony-2355-91.jpg,What cultural heritage do the characters in the background represent?,traditional Chinese
https://raw.githubusercontent.com/JustinSQiu/image-captioning-mturk/master/mmid_images/Chinese_images/the_34th_top_ten_chinese_songs_award_presentation_ceremony-2355-91.jpg,What is typically worn at award ceremonies that is evident in the attire?,black attire
https://raw.githubusercontent.com/JustinSQiu/image-captioning-mturk/master/mmid_images/Chinese_images/the_34th_top_ten_chinese_songs_award_presentation_ceremony-2355-91.jpg,What does the presence of trophies symbolize in the image?,recent achievements
https://raw.githubusercontent.com/JustinSQiu/image-captioning-mturk/master/mmid_images/Chinese_images/the_annual_award_ceremony_of_the_music_pioneer-3170-15.jpg,What color outfit is the female star wearing?,bright red outfit
https://raw.githubusercontent.com/JustinSQiu/image-captioning-mturk/master/mmid_images/Chinese_images/the_annual_award_ceremony_of_the_music_pioneer-3170-15.jpg,What does the trophy presented to the woman symbolize?,her achievement
https://raw.githubusercontent.com/JustinSQiu/image-captioning-mturk/master/mmid_images/Chinese_images/the_annual_award_ceremony_of_the_music_pioneer-3170-22.jpg,What phrase is displayed in Chinese characters behind the award recipient?,Music Sound
https://raw.githubusercontent.com/JustinSQiu/image-captioning-mturk/master/mmid_images/Chinese_images/the_annual_award_ceremony_of_the_music_pioneer-3170-22.jpg,What is the shape of the trophy being held?,star-shaped
https://raw.githubusercontent.com/JustinSQiu/image-captioning-mturk/master/mmid_images/Chinese_images/the_annual_award_ceremony_of_the_music_pioneer-3170-22.jpg,What social media platform's logo is visible in the image?,Sina Weibo
https://raw.githubusercontent.com/JustinSQiu/image-captioning-mturk/master/mmid_images/Chinese_images/the_annual_award_ceremony_of_the_music_pioneer-3170-72.jpg,What event does the man celebrate with the trophies?,Music Vanguard List 2015
https://raw.githubusercontent.com/JustinSQiu/image-captioning-mturk/master/mmid_images/Chinese_images/the_annual_award_ceremony_of_the_music_pioneer-3170-72.jpg,What color is the background's vibrant wall?,yellow with stripes
https://raw.githubusercontent.com/JustinSQiu/image-captioning-mturk/master/mmid_images/Chinese_images/the_annual_award_ceremony_of_the_music_pioneer-3170-72.jpg,What does the watermark in Chinese characters translate to?,Center Network
https://raw.githubusercontent.com/JustinSQiu/image-captioning-mturk/master/mmid_images/Chinese_images/the_annual_award_ceremony_of_the_music_pioneer-3170-92.jpg,What is the name of the music event featured in the backdrop?,Music Voice
https://raw.githubusercontent.com/JustinSQiu/image-captioning-mturk/master/mmid_images/Chinese_images/the_annual_award_ceremony_of_the_music_pioneer-3170-92.jpg,What does the trophy represent for the girls?,their accomplishment
https://raw.githubusercontent.com/JustinSQiu/image-captioning-mturk/master/mmid_images/Chinese_images/the_annual_award_ceremony_of_the_music_pioneer-3170-92.jpg,What does their similar attire suggest about the girls?,unity and teamwork
"https://raw.githubusercontent.com/JustinSQiu/image-captioning-mturk/master/mmid_images/Chinese_images/the_annual_best_ten,_golden_hits_award_ceremony-2441-22.jpg",What is the setting of the event hinted in the caption?,Hong Kong Micro Broadcasting
"https://raw.githubusercontent.com/JustinSQiu/image-captioning-mturk/master/mmid_images/Chinese_images/the_annual_best_ten,_golden_hits_award_ceremony-2441-22.jpg",What type of attire do the men wear?,formal attire
"https://raw.githubusercontent.com/JustinSQiu/image-captioning-mturk/master/mmid_images/Chinese_images/the_annual_best_ten,_golden_hits_award_ceremony-2441-22.jpg",What unusual hair color does one man have?,blueish hair
"https://raw.githubusercontent.com/JustinSQiu/image-captioning-mturk/master/mmid_images/Chinese_images/the_annual_best_ten,_golden_hits_award_ceremony-2441-55.jpg",What is the name of the award being presented?,Outstanding Pop Singer Award
"https://raw.githubusercontent.com/JustinSQiu/image-captioning-mturk/master/mmid_images/Chinese_images/the_annual_best_ten,_golden_hits_award_ceremony-2441-55.jpg",What label indicates the performance is broadcasted live?,Live Broadcast
"https://raw.githubusercontent.com/JustinSQiu/image-captioning-mturk/master/mmid_images/Chinese_images/the_annual_best_ten,_golden_hits_award_ceremony-2441-55.jpg",What channel name is mentioned in the top left corner?,Asian Stage
"https://raw.githubusercontent.com/JustinSQiu/image-captioning-mturk/master/mmid_images/Chinese_images/the_annual_best_ten,_golden_hits_award_ceremony-2441-84.jpg",What indicates this event is a music award ceremony rather than a film award?,Audience attire and setting
"https://raw.githubusercontent.com/JustinSQiu/image-captioning-mturk/master/mmid_images/Chinese_images/the_annual_best_ten,_golden_hits_award_ceremony-2441-84.jpg",How are the attendees primarily dressed for the event?,Elegant dresses and suits
"https://raw.githubusercontent.com/JustinSQiu/image-captioning-mturk/master/mmid_images/Chinese_images/the_annual_best_ten,_golden_hits_award_ceremony-2441-84.jpg",What type of musicians are present in the backdrop?,Diverse array of musicians
https://raw.githubusercontent.com/JustinSQiu/image-captioning-mturk/master/mmid_images/Chinese_images/the_award_ceremony_of_golden_nursery_rhyme-380-10.jpg,What type of performance is being showcased?,children's program
https://raw.githubusercontent.com/JustinSQiu/image-captioning-mturk/master/mmid_images/Chinese_images/the_award_ceremony_of_golden_nursery_rhyme-380-10.jpg,What comedic props are the adults using?,"calculators, air conditioners, mobile phones"
https://raw.githubusercontent.com/JustinSQiu/image-captioning-mturk/master/mmid_images/Chinese_images/the_award_ceremony_of_golden_nursery_rhyme-380-10.jpg,What reflects the interactive nature of the performance?,hands raised in dance-like gesture
https://raw.githubusercontent.com/JustinSQiu/image-captioning-mturk/master/mmid_images/Chinese_images/the_award_ceremony_of_golden_nursery_rhyme-380-27.png,What unique outfit is the male performer wearing?,a shiny gold jacket
https://raw.githubusercontent.com/JustinSQiu/image-captioning-mturk/master/mmid_images/Chinese_images/the_award_ceremony_of_golden_nursery_rhyme-380-27.png,What is the theme of the song he is performing?,"""Go forward, Galiver Boy"""
https://raw.githubusercontent.com/JustinSQiu/image-captioning-mturk/master/mmid_images/Chinese_images/the_award_ceremony_of_golden_nursery_rhyme-380-27.png,What character is featured in the background of the stage?,a cartoon mouse
https://raw.githubusercontent.com/JustinSQiu/image-captioning-mturk/master/mmid_images/Chinese_images/the_award_ceremony_of_golden_nursery_rhyme-380-34.jpg,What specific award ceremony is this scene associated with?,Hong Kong Jingju Award Ceremony
https://raw.githubusercontent.com/JustinSQiu/image-captioning-mturk/master/mmid_images/Chinese_images/the_award_ceremony_of_golden_nursery_rhyme-380-34.jpg,What type of traditional performance is being celebrated at the event?,Beijing opera (Jingju)
https://raw.githubusercontent.com/JustinSQiu/image-captioning-mturk/master/mmid_images/Chinese_images/the_award_ceremony_of_golden_nursery_rhyme-380-34.jpg,What decorative elements can be found in the background related to the event?,large bees
https://raw.githubusercontent.com/JustinSQiu/image-captioning-mturk/master/mmid_images/Chinese_images/the_award_ceremony_of_golden_nursery_rhyme-380-62.jpg,Which company logo is prominently displayed in the image?,Sina Entertainment
https://raw.githubusercontent.com/JustinSQiu/image-captioning-mturk/master/mmid_images/Chinese_images/the_award_ceremony_of_golden_nursery_rhyme-380-62.jpg,Who is a celebrated actor and singer captured in the photograph?,Zheng Shaoqiu
https://raw.githubusercontent.com/JustinSQiu/image-captioning-mturk/master/mmid_images/Chinese_images/the_award_ceremony_of_golden_nursery_rhyme-380-62.jpg,What is the likely cultural context of the event depicted?,Taiwan or Hong Kong
https://raw.githubusercontent.com/JustinSQiu/image-captioning-mturk/master/mmid_images/Chinese_images/the_award_ceremony_of_the_fourth_hot_song_king-2434-10.jpg,What type of awards is the man holding?,trophies
https://raw.githubusercontent.com/JustinSQiu/image-captioning-mturk/master/mmid_images/Chinese_images/the_award_ceremony_of_the_fourth_hot_song_king-2434-10.jpg,What distinctive pattern is on his shirt?,black and white polka dots
https://raw.githubusercontent.com/JustinSQiu/image-captioning-mturk/master/mmid_images/Chinese_images/the_award_ceremony_of_the_fourth_hot_song_king-2434-10.jpg,Who does the man resemble?,Shen Teng
https://raw.githubusercontent.com/JustinSQiu/image-captioning-mturk/master/mmid_images/Chinese_images/the_award_ceremony_of_the_fourth_hot_song_king-2434-24.jpg,What do the trophies represent in the award ceremony?,"first, second, third place"
https://raw.githubusercontent.com/JustinSQiu/image-captioning-mturk/master/mmid_images/Chinese_images/the_award_ceremony_of_the_fourth_hot_song_king-2434-24.jpg,What type of event is this likely held in?,a hotel
https://raw.githubusercontent.com/JustinSQiu/image-captioning-mturk/master/mmid_images/Chinese_images/the_award_ceremony_of_the_fourth_hot_song_king-2434-25.jpg,What specific event does the poster promote?,Annual Global Chinese Music Awards
https://raw.githubusercontent.com/JustinSQiu/image-captioning-mturk/master/mmid_images/Chinese_images/the_award_ceremony_of_the_fourth_hot_song_king-2434-25.jpg,Where is the music gala scheduled to take place?,Guangzhou
https://raw.githubusercontent.com/JustinSQiu/image-captioning-mturk/master/mmid_images/Chinese_images/the_award_ceremony_of_the_fourth_hot_song_king-2434-25.jpg,What colors dominate the left and right sides of the poster?,yellow and blue
https://raw.githubusercontent.com/JustinSQiu/image-captioning-mturk/master/mmid_images/Chinese_images/the_award_ceremony_of_the_fourth_hot_song_king-2434-26.jpg,What event does the sign in the background specifically celebrate?,Chinese Music Annual Gala
https://raw.githubusercontent.com/JustinSQiu/image-captioning-mturk/master/mmid_images/Chinese_images/the_award_ceremony_of_the_fourth_hot_song_king-2434-26.jpg,What do the trophies symbolize in the context of the event?,excellence and recognition
https://raw.githubusercontent.com/JustinSQiu/image-captioning-mturk/master/mmid_images/Chinese_images/the_award_ceremony_of_the_fourth_hot_song_king-2434-26.jpg,What artistic detail is integrated into the design of the awards?,music note
https://raw.githubusercontent.com/JustinSQiu/image-captioning-mturk/master/mmid_images/Chinese_images/the_award_ceremony_of_the_fourth_hot_song_king-2434-37.jpg,What awards is Huang Guanzhong receiving?,music awards
https://raw.githubusercontent.com/JustinSQiu/image-captioning-mturk/master/mmid_images/Chinese_images/the_award_ceremony_of_the_fourth_hot_song_king-2434-37.jpg,What does the trophy's design feature?,black treble clef
https://raw.githubusercontent.com/JustinSQiu/image-captioning-mturk/master/mmid_images/Chinese_images/the_award_ceremony_of_the_fourth_hot_song_king-2434-37.jpg,What is the event related to Huang Guanzhong?,Annual Music Gala
https://raw.githubusercontent.com/JustinSQiu/image-captioning-mturk/master/mmid_images/Chinese_images/the_award_ceremony_of_the_fourth_hot_song_king-2434-38.jpg,What prestigious event is indicated by the text in the background?,The 8th Global Chinese Annual Music Festival Golden Melody Awards
https://raw.githubusercontent.com/JustinSQiu/image-captioning-mturk/master/mmid_images/Chinese_images/the_award_ceremony_of_the_fourth_hot_song_king-2434-38.jpg,What is notable about the man's name mentioned in the scene?,"Jin Wang, the eighth Jin Wang"
https://raw.githubusercontent.com/JustinSQiu/image-captioning-mturk/master/mmid_images/Chinese_images/the_award_ceremony_of_the_fourth_hot_song_king-2434-62.jpg,What is the event being promoted in the poster?,Global Chinese Music Awards
https://raw.githubusercontent.com/JustinSQiu/image-captioning-mturk/master/mmid_images/Chinese_images/the_award_ceremony_of_the_fourth_hot_song_king-2434-62.jpg,What aspect of the poster emphasizes the prestige of the awards?,black color scheme
https://raw.githubusercontent.com/JustinSQiu/image-captioning-mturk/master/mmid_images/Chinese_images/the_award_ceremony_of_the_fourth_hot_song_king-2434-62.jpg,What types of musical styles are represented in the poster?,pop and other genres
https://raw.githubusercontent.com/JustinSQiu/image-captioning-mturk/master/mmid_images/Chinese_images/the_culture_of_practical_jokes-1360-94.jpg,What playful messages are written on the comforters?,"""We won’t watch you shower anymore"" and ""Don’t take anything from the junior girls"""
https://raw.githubusercontent.com/JustinSQiu/image-captioning-mturk/master/mmid_images/Chinese_images/the_culture_of_practical_jokes-1360-94.jpg,What does the presence of the open window suggest about the dormitory life?,a lived-in environment
https://raw.githubusercontent.com/JustinSQiu/image-captioning-mturk/master/mmid_images/Chinese_images/the_dragon_boat_festival-2321-02.jpg,What festival is represented by the Chinese characters on the left?,Dragon Boat Festival
https://raw.githubusercontent.com/JustinSQiu/image-captioning-mturk/master/mmid_images/Chinese_images/the_dragon_boat_festival-2321-02.jpg,What traditional food is associated with the Dragon Boat Festival?,zongzi
https://raw.githubusercontent.com/JustinSQiu/image-captioning-mturk/master/mmid_images/Chinese_images/the_dragon_boat_festival-2321-02.jpg,What is the symbolically significant flower mentioned in the image?,a white flower
https://raw.githubusercontent.com/JustinSQiu/image-captioning-mturk/master/mmid_images/Chinese_images/the_dragon_boat_festival-2321-32.jpg,What specific fillings are used in the rice dumplings?,salted egg yolks and meats
https://raw.githubusercontent.com/JustinSQiu/image-captioning-mturk/master/mmid_images/Chinese_images/the_dragon_boat_festival-2321-32.jpg,What do the bamboo leaves symbolize in this festival?,prosperity and vitality
https://raw.githubusercontent.com/JustinSQiu/image-captioning-mturk/master/mmid_images/Chinese_images/the_dragon_boat_festival-2321-32.jpg,"What is displayed in the image's text, written in Chinese characters?",Dragon Boat Festival
https://raw.githubusercontent.com/JustinSQiu/image-captioning-mturk/master/mmid_images/Chinese_images/the_dragon_boat_festival-2321-69.jpg,What traditional food associated with Duanwu Festival is depicted?,zongzi
https://raw.githubusercontent.com/JustinSQiu/image-captioning-mturk/master/mmid_images/Chinese_images/the_dragon_boat_festival-2321-69.jpg,What is the significance of the Chinese characters in the image?,"""May fifth celebrate Duanwu"""
https://raw.githubusercontent.com/JustinSQiu/image-captioning-mturk/master/mmid_images/Chinese_images/the_dragon_boat_festival-2321-69.jpg,What playful item is humorously placed on the character's head?,an egg
https://raw.githubusercontent.com/JustinSQiu/image-captioning-mturk/master/mmid_images/Chinese_images/the_dragon_boat_festival-2321-75.jpg,What festival is central to the image?,Duanwu Festival
https://raw.githubusercontent.com/JustinSQiu/image-captioning-mturk/master/mmid_images/Chinese_images/the_dragon_boat_festival-2321-75.jpg,Who is the historical figure commemorated during the festival?,Qu Yuan
https://raw.githubusercontent.com/JustinSQiu/image-captioning-mturk/master/mmid_images/Chinese_images/the_dragon_boat_festival-2321-75.jpg,What traditional food is illustrated in the image?,zongzi
https://raw.githubusercontent.com/JustinSQiu/image-captioning-mturk/master/mmid_images/Chinese_images/the_dragon_boat_festival-2321-75.jpg,What activity is associated with children on Huazhong Island?,dragon boat racing
https://raw.githubusercontent.com/JustinSQiu/image-captioning-mturk/master/mmid_images/Chinese_images/the_dragon_boat_festival-2321-83.jpg,What traditional Chinese holiday is celebrated?,Dragon Boat Festival
https://raw.githubusercontent.com/JustinSQiu/image-captioning-mturk/master/mmid_images/Chinese_images/the_dragon_boat_festival-2321-83.jpg,Who is commemorated during the festival?,Qu Yuan
https://raw.githubusercontent.com/JustinSQiu/image-captioning-mturk/master/mmid_images/Chinese_images/the_dragon_boat_festival-2321-83.jpg,What color is the dragon boat depicted in the image?,bright red
https://raw.githubusercontent.com/JustinSQiu/image-captioning-mturk/master/mmid_images/Chinese_images/the_dragon_boat_festival-2321-90.jpg,What traditional food is depicted in the upper corners of the card?,zongzi
https://raw.githubusercontent.com/JustinSQiu/image-captioning-mturk/master/mmid_images/Chinese_images/the_dragon_boat_festival-2321-90.jpg,Which poet's life is commemorated during the Dragon Boat Festival?,Qu Yuan
https://raw.githubusercontent.com/JustinSQiu/image-captioning-mturk/master/mmid_images/Chinese_images/the_dragon_boat_festival-2321-90.jpg,What playful fact is included in the card's message?,Qu Yuan's parents are wizards
https://raw.githubusercontent.com/JustinSQiu/image-captioning-mturk/master/mmid_images/Chinese_images/the_dragon_boat_festival-2321-95.jpg,What event might the group of people be participating in on the lake?,a boat outing
https://raw.githubusercontent.com/JustinSQiu/image-captioning-mturk/master/mmid_images/Chinese_images/the_dragon_boat_festival-2321-95.jpg,What unique feature does the boat leader resemble?,a large rooster
https://raw.githubusercontent.com/JustinSQiu/image-captioning-mturk/master/mmid_images/Chinese_images/the_dragon_boat_festival-2321-95.jpg,What color is the canopy on the boats?,yellow
https://raw.githubusercontent.com/JustinSQiu/image-captioning-mturk/master/mmid_images/Chinese_images/the_dragon_boat_festival-2321-98.jpg,What is the significance of the dragon boat in the artwork?,represents strength and good fortune
https://raw.githubusercontent.com/JustinSQiu/image-captioning-mturk/master/mmid_images/Chinese_images/the_dragon_boat_festival-2321-98.jpg,What animal character is energetically beating a drum?,a pig
https://raw.githubusercontent.com/JustinSQiu/image-captioning-mturk/master/mmid_images/Chinese_images/the_fifth_pepsi_musical_award_ceremony-2387-04.jpg,What traditional theme is represented by the award presentation?,celebration and recognition
https://raw.githubusercontent.com/JustinSQiu/image-captioning-mturk/master/mmid_images/Chinese_images/the_fifth_pepsi_musical_award_ceremony-2387-04.jpg,What type of event is this likely taking place at?,music festival
https://raw.githubusercontent.com/JustinSQiu/image-captioning-mturk/master/mmid_images/Chinese_images/the_fifth_pepsi_musical_award_ceremony-2387-48.jpg,Who is referred to as the 'goddess of Taiwan'?,Lin Chi-ling
https://raw.githubusercontent.com/JustinSQiu/image-captioning-mturk/master/mmid_images/Chinese_images/the_fifth_pepsi_musical_award_ceremony-2387-48.jpg,What whimsical costume is Lin Chi-ling wearing?,bear costume
https://raw.githubusercontent.com/JustinSQiu/image-captioning-mturk/master/mmid_images/Chinese_images/the_fifth_pepsi_musical_award_ceremony-2387-48.jpg,What occasion is Lin Chi-ling likely attending?,an award ceremony
https://raw.githubusercontent.com/JustinSQiu/image-captioning-mturk/master/mmid_images/Chinese_images/the_labor's_sports_stadium-1075-01.jpg,What colors are the seats primarily arranged in?,red and green
https://raw.githubusercontent.com/JustinSQiu/image-captioning-mturk/master/mmid_images/Chinese_images/the_labor's_sports_stadium-1075-01.jpg,What style of lighting is featured in the venue?,chandeliers
https://raw.githubusercontent.com/JustinSQiu/image-captioning-mturk/master/mmid_images/Chinese_images/the_labor's_sports_stadium-1075-08.jpg,What emblem features a red star associated with sports excellence?,circular emblem
https://raw.githubusercontent.com/JustinSQiu/image-captioning-mturk/master/mmid_images/Chinese_images/the_labor's_sports_stadium-1075-08.jpg,What colors reflect the team's branding in the seating arrangement?,orange and red
https://raw.githubusercontent.com/JustinSQiu/image-captioning-mturk/master/mmid_images/Chinese_images/the_labor's_sports_stadium-1075-26.jpg,What specific boxing equipment is in the center of the venue?,boxing ring
https://raw.githubusercontent.com/JustinSQiu/image-captioning-mturk/master/mmid_images/Chinese_images/the_labor's_sports_stadium-1075-26.jpg,What city name is featured in red above the sporting area?,Beijing
https://raw.githubusercontent.com/JustinSQiu/image-captioning-mturk/master/mmid_images/Chinese_images/the_labor's_sports_stadium-1075-26.jpg,What color uniforms are the staff members wearing?,red uniforms
https://raw.githubusercontent.com/JustinSQiu/image-captioning-mturk/master/mmid_images/Chinese_images/the_labor's_sports_stadium-1075-36.jpg,What kind of event is being hosted in the venue?,concert or variety show
https://raw.githubusercontent.com/JustinSQiu/image-captioning-mturk/master/mmid_images/Chinese_images/the_labor's_sports_stadium-1075-36.jpg,What colors dominate the lighting in the scene?,"red, yellow, and orange"
https://raw.githubusercontent.com/JustinSQiu/image-captioning-mturk/master/mmid_images/Chinese_images/the_labor's_sports_stadium-1075-36.jpg,What distinctive seating arrangement is present in the audience?,yellow and orange chairs
https://raw.githubusercontent.com/JustinSQiu/image-captioning-mturk/master/mmid_images/Chinese_images/the_labor's_sports_stadium-1075-55.jpg,What phrase indicates the branding associated with the event?,"""Zhongti Online"""
https://raw.githubusercontent.com/JustinSQiu/image-captioning-mturk/master/mmid_images/Chinese_images/the_labor's_sports_stadium-1075-86.jpg,What is the name of the establishment on the left side of the image?,Candy Tango
https://raw.githubusercontent.com/JustinSQiu/image-captioning-mturk/master/mmid_images/Chinese_images/the_labor's_sports_stadium-1075-86.jpg,What do the red lanterns symbolize in Chinese culture?,good fortune
https://raw.githubusercontent.com/JustinSQiu/image-captioning-mturk/master/mmid_images/Chinese_images/the_labor's_sports_stadium-1075-87.jpg,What significant event is referred to in the sign at the gymnasium?,Beijing Olympics 2008
https://raw.githubusercontent.com/JustinSQiu/image-captioning-mturk/master/mmid_images/Chinese_images/the_labor's_sports_stadium-1075-87.jpg,What type of building is featured in the image?,a gymnasium
https://raw.githubusercontent.com/JustinSQiu/image-captioning-mturk/master/mmid_images/Chinese_images/the_labor's_sports_stadium-1075-88.jpg,What is displayed on the large LED screen above the performers?,the word 'LOVE'
https://raw.githubusercontent.com/JustinSQiu/image-captioning-mturk/master/mmid_images/Chinese_images/the_labor's_sports_stadium-1075-88.jpg,What specific colors contribute to the emotional theme of the concert?,pink and purple
https://raw.githubusercontent.com/JustinSQiu/image-captioning-mturk/master/mmid_images/Chinese_images/the_reason_that_its_culture_persists_regardless_of_foreign_invasions-450-08.jpg,What are the five characters written in?,traditional Chinese
https://raw.githubusercontent.com/JustinSQiu/image-captioning-mturk/master/mmid_images/Chinese_images/the_reason_that_its_culture_persists_regardless_of_foreign_invasions-450-08.jpg,"What does ""冷历史"" translate to in English?","""Cold History"""
https://raw.githubusercontent.com/JustinSQiu/image-captioning-mturk/master/mmid_images/Chinese_images/the_reason_that_its_culture_persists_regardless_of_foreign_invasions-450-18.jpg,What cultural act is symbolized by the severance of the individual's braid?,loss and identity
https://raw.githubusercontent.com/JustinSQiu/image-captioning-mturk/master/mmid_images/Chinese_images/the_reason_that_its_culture_persists_regardless_of_foreign_invasions-450-18.jpg,During which historical period is the narrative set?,late Qing dynasty
https://raw.githubusercontent.com/JustinSQiu/image-captioning-mturk/master/mmid_images/Chinese_images/the_reason_that_its_culture_persists_regardless_of_foreign_invasions-450-27.jpg,What does the yellow segment of the pie charts represent?,core lineage of the Han
https://raw.githubusercontent.com/JustinSQiu/image-captioning-mturk/master/mmid_images/Chinese_images/the_reason_that_its_culture_persists_regardless_of_foreign_invasions-450-27.jpg,What is indicated by the watermark stating 'Iron Blood Community'?,the source of the image
https://raw.githubusercontent.com/JustinSQiu/image-captioning-mturk/master/mmid_images/Chinese_images/the_second_great_hit_and_stars_award_ceremony-2446-01.jpg,What is the title of Pan Wei Bo's DVD collection?,Wuhan Selected Audio-Video Album
https://raw.githubusercontent.com/JustinSQiu/image-captioning-mturk/master/mmid_images/Chinese_images/the_second_great_hit_and_stars_award_ceremony-2446-01.jpg,What unique content does the DVD collection include?,stunning photographs
https://raw.githubusercontent.com/JustinSQiu/image-captioning-mturk/master/mmid_images/Chinese_images/the_second_great_hit_and_stars_award_ceremony-2446-01.jpg,What does 潘伟博 represent in the image?,Pan Wei Bo's name
https://raw.githubusercontent.com/JustinSQiu/image-captioning-mturk/master/mmid_images/Chinese_images/the_second_great_hit_and_stars_award_ceremony-2446-22.jpg,What is the event being attended by the individuals in formal attire?,an entertainment awards ceremony
https://raw.githubusercontent.com/JustinSQiu/image-captioning-mturk/master/mmid_images/Chinese_images/the_second_great_hit_and_stars_award_ceremony-2446-22.jpg,What color is the dress worn by the girl on the left?,pink long dress
https://raw.githubusercontent.com/JustinSQiu/image-captioning-mturk/master/mmid_images/Chinese_images/the_second_great_hit_and_stars_award_ceremony-2446-22.jpg,How is the young boy expressing enthusiasm?,raising his right hand
https://raw.githubusercontent.com/JustinSQiu/image-captioning-mturk/master/mmid_images/Chinese_images/the_second_great_hit_and_stars_award_ceremony-2446-27.jpg,What does the prominent sign in the background represent?,the event's brand name 'SYM'
https://raw.githubusercontent.com/JustinSQiu/image-captioning-mturk/master/mmid_images/Chinese_images/the_second_great_hit_and_stars_award_ceremony-2446-27.jpg,What companies are associated with the event?,guiding organizations and sponsors
https://raw.githubusercontent.com/JustinSQiu/image-captioning-mturk/master/mmid_images/Chinese_images/the_second_great_hit_and_stars_award_ceremony-2446-27.jpg,What type of footwear is the man wearing?,black sneakers
https://raw.githubusercontent.com/JustinSQiu/image-captioning-mturk/master/mmid_images/Chinese_images/the_second_great_hit_and_stars_award_ceremony-2446-47.jpg,What event is the woman participating in as indicated by her red carpet presence?,a ceremony or press event
https://raw.githubusercontent.com/JustinSQiu/image-captioning-mturk/master/mmid_images/Chinese_images/the_second_great_hit_and_stars_award_ceremony-2446-47.jpg,What type of logos are present in the background related to the event?,sponsor logos
https://raw.githubusercontent.com/JustinSQiu/image-captioning-mturk/master/mmid_images/Chinese_images/the_second_great_hit_and_stars_award_ceremony-2446-56.jpg,"What is the name of the singer known as the ""Night Queen""?",Xiao Jing Teng
https://raw.githubusercontent.com/JustinSQiu/image-captioning-mturk/master/mmid_images/Chinese_images/the_second_great_hit_and_stars_award_ceremony-2446-56.jpg,Which cultural event is associated with the Ministry of Culture?,red carpet event
https://raw.githubusercontent.com/JustinSQiu/image-captioning-mturk/master/mmid_images/Chinese_images/the_second_great_hit_and_stars_award_ceremony-2446-56.jpg,What notable logo is displayed behind him at the event?,SYM logo
https://raw.githubusercontent.com/JustinSQiu/image-captioning-mturk/master/mmid_images/Chinese_images/the_second_great_hit_and_stars_award_ceremony-2446-62.jpg,What type of event is being depicted?,a high-profile event
https://raw.githubusercontent.com/JustinSQiu/image-captioning-mturk/master/mmid_images/Chinese_images/the_second_great_hit_and_stars_award_ceremony-2446-62.jpg,What company is associated with the branding in the background?,Tencent Entertainment
https://raw.githubusercontent.com/JustinSQiu/image-captioning-mturk/master/mmid_images/Chinese_images/the_second_great_hit_and_stars_award_ceremony-2446-62.jpg,What is the significance of the logos in the backdrop?,sponsors and co-organizers
https://raw.githubusercontent.com/JustinSQiu/image-captioning-mturk/master/mmid_images/Chinese_images/the_second_great_hit_and_stars_award_ceremony-2446-63.jpg,What event is the backdrop associated with?,Taipei City
https://raw.githubusercontent.com/JustinSQiu/image-captioning-mturk/master/mmid_images/Chinese_images/the_second_great_hit_and_stars_award_ceremony-2446-63.jpg,Which company is mentioned as being prominent in local media?,Tencent Entertainment
https://raw.githubusercontent.com/JustinSQiu/image-captioning-mturk/master/mmid_images/Chinese_images/the_second_great_hit_and_stars_award_ceremony-2446-63.jpg,What color is the man's hair?,blue
https://raw.githubusercontent.com/JustinSQiu/image-captioning-mturk/master/mmid_images/Chinese_images/the_second_great_hit_and_stars_award_ceremony-2446-67.jpg,What symbolizes beauty and passion on her dress?,a red rose
https://raw.githubusercontent.com/JustinSQiu/image-captioning-mturk/master/mmid_images/Chinese_images/the_second_great_hit_and_stars_award_ceremony-2446-67.jpg,What motifs are featured at the hem of her dress?,butterflies
https://raw.githubusercontent.com/JustinSQiu/image-captioning-mturk/master/mmid_images/Chinese_images/the_second_great_hit_and_stars_award_ceremony-2446-67.jpg,What type of event is she participating in?,an awards ceremony
https://raw.githubusercontent.com/JustinSQiu/image-captioning-mturk/master/mmid_images/Chinese_images/the_second_great_hit_and_stars_award_ceremony-2446-79.jpg,What color is the girl's hair?,bright red
https://raw.githubusercontent.com/JustinSQiu/image-captioning-mturk/master/mmid_images/Chinese_images/the_second_great_hit_and_stars_award_ceremony-2446-79.jpg,What type of bag is she holding?,chic black bag
https://raw.githubusercontent.com/JustinSQiu/image-captioning-mturk/master/mmid_images/Chinese_images/the_second_great_hit_and_stars_award_ceremony-2446-79.jpg,What logo is visible in the background?,"""SYM"""
https://raw.githubusercontent.com/JustinSQiu/image-captioning-mturk/master/mmid_images/Chinese_images/the_spring_festival-1611-38.jpg,What does the couplet the girl is holding signify?,good luck
https://raw.githubusercontent.com/JustinSQiu/image-captioning-mturk/master/mmid_images/Chinese_images/the_spring_festival-1611-38.jpg,What traditional element is used to ward off evil spirits?,firecrackers
https://raw.githubusercontent.com/JustinSQiu/image-captioning-mturk/master/mmid_images/Chinese_images/the_spring_festival-1611-38.jpg,What season does the presence of a snowman imply?,winter
https://raw.githubusercontent.com/JustinSQiu/image-captioning-mturk/master/mmid_images/Chinese_images/the_spring_festival-1611-67.jpg,What type of hat is the girl wearing?,black beret
https://raw.githubusercontent.com/JustinSQiu/image-captioning-mturk/master/mmid_images/Chinese_images/the_spring_festival-1611-67.jpg,What color is the background of the illustration?,light pink
https://raw.githubusercontent.com/JustinSQiu/image-captioning-mturk/master/mmid_images/Chinese_images/the_spring_festival-1611-67.jpg,What type of plant is present in the image?,small potted green plant
https://raw.githubusercontent.com/JustinSQiu/image-captioning-mturk/master/mmid_images/Chinese_images/the_spring_festival-1611-82.jpg,What cultural festival is symbolized by the lantern design?,Chinese Lantern Festival
https://raw.githubusercontent.com/JustinSQiu/image-captioning-mturk/master/mmid_images/Chinese_images/the_spring_festival-1611-82.jpg,What does the character 'fu' (福) represent in Chinese culture?,fortune and blessings
https://raw.githubusercontent.com/JustinSQiu/image-captioning-mturk/master/mmid_images/Chinese_images/the_spring_festival-1611-82.jpg,What decorative art form is mentioned as influencing the design?,Chinese knotting
https://raw.githubusercontent.com/JustinSQiu/image-captioning-mturk/master/mmid_images/Chinese_images/the_spring_festival-1611-93.jpg,What character meaning 'blessing' is displayed prominently?,福
https://raw.githubusercontent.com/JustinSQiu/image-captioning-mturk/master/mmid_images/Chinese_images/the_spring_festival-1611-93.jpg,What other traditional New Year element is included in the display?,firecracker
https://raw.githubusercontent.com/JustinSQiu/image-captioning-mturk/master/mmid_images/Chinese_images/the_spring_festival-1611-93.jpg,What symbolizes abundance and harvest in the display?,red tassel
https://raw.githubusercontent.com/JustinSQiu/image-captioning-mturk/master/mmid_images/Chinese_images/the_views_of_traditional_chinese_medical_science-142-06.jpg,What institution is referred to by the characters 中一?,Zhongyi
https://raw.githubusercontent.com/JustinSQiu/image-captioning-mturk/master/mmid_images/Chinese_images/the_views_of_traditional_chinese_medical_science-142-06.jpg,What type of medicine is promoted in the advertisement?,Traditional Chinese Medicine
https://raw.githubusercontent.com/JustinSQiu/image-captioning-mturk/master/mmid_images/Chinese_images/the_views_of_traditional_chinese_medical_science-142-06.jpg,What artistic choice symbolizes Traditional Chinese Medicine?,human model with acupressure points
https://raw.githubusercontent.com/JustinSQiu/image-captioning-mturk/master/mmid_images/Chinese_images/the_views_of_traditional_chinese_medical_science-142-19.jpg,What phrase is displayed on the blackboard?,"""Diet Cures Illness"""
https://raw.githubusercontent.com/JustinSQiu/image-captioning-mturk/master/mmid_images/Chinese_images/the_views_of_traditional_chinese_medical_science-142-19.jpg,"What characters are used for ""diet therapy"" in the separate image?",traditional Chinese characters
https://raw.githubusercontent.com/JustinSQiu/image-captioning-mturk/master/mmid_images/Chinese_images/the_views_of_traditional_chinese_medical_science-142-19.jpg,Where is the classroom likely located based on the writing?,Taiwan
https://raw.githubusercontent.com/JustinSQiu/image-captioning-mturk/master/mmid_images/Chinese_images/traditional_chinese-1883-38.jpg,What color is the cat in the image?,black
https://raw.githubusercontent.com/JustinSQiu/image-captioning-mturk/master/mmid_images/Chinese_images/traditional_chinese-1883-38.jpg,What does the text accompanying the image say?,"""black sad"""
https://raw.githubusercontent.com/JustinSQiu/image-captioning-mturk/master/mmid_images/Chinese_images/traditional_chinese-1883-38.jpg,What is the cat holding in its mouth?,a cigarette
https://raw.githubusercontent.com/JustinSQiu/image-captioning-mturk/master/mmid_images/Chinese_images/traditional_chinese-1883-39.jpg,What type of creature is depicted in the snowy landscape?,a cat-like creature
https://raw.githubusercontent.com/JustinSQiu/image-captioning-mturk/master/mmid_images/Chinese_images/traditional_chinese-1883-39.jpg,What characters add a cultural dimension to the image?,traditional Chinese characters
https://raw.githubusercontent.com/JustinSQiu/image-captioning-mturk/master/mmid_images/Chinese_images/traditional_chinese-1883-44.jpg,What event is depicted involving soldiers and artillery against a city?,assault of a city
https://raw.githubusercontent.com/JustinSQiu/image-captioning-mturk/master/mmid_images/Chinese_images/traditional_chinese-1883-44.jpg,What color scheme represents the atmosphere of this warfare scene?,orange floral hue
https://raw.githubusercontent.com/JustinSQiu/image-captioning-mturk/master/mmid_images/Chinese_images/traditional_chinese-1883-44.jpg,What aspect of the location emphasizes civilian life during the conflict?,multiple houses
https://raw.githubusercontent.com/JustinSQiu/image-captioning-mturk/master/mmid_images/Chinese_images/traditional_chinese-1883-53.jpg,What atmospheric conditions characterize the scene?,stormy night
https://raw.githubusercontent.com/JustinSQiu/image-captioning-mturk/master/mmid_images/Chinese_images/traditional_chinese-1883-53.jpg,What color does the sky turn due to lightning?,bright pink hue
https://raw.githubusercontent.com/JustinSQiu/image-captioning-mturk/master/mmid_images/Chinese_images/traditional_chinese-1883-53.jpg,What is inscribed in traditional Chinese characters?,"""Long, dark night"""
https://raw.githubusercontent.com/JustinSQiu/image-captioning-mturk/master/mmid_images/Chinese_images/tvb_yearly_top_ten_best_golden_songs_award_ceremony-1209-36.jpg,What wedding-related item do both the bride and groom display prominently?,diamond rings
https://raw.githubusercontent.com/JustinSQiu/image-captioning-mturk/master/mmid_images/Chinese_images/tvb_yearly_top_ten_best_golden_songs_award_ceremony-1209-36.jpg,"What theme does the watermark ""Hairstyle Disempowerment"" suggest?",societal perceptions of hairstyles
https://raw.githubusercontent.com/JustinSQiu/image-captioning-mturk/master/mmid_images/Chinese_images/tvb_yearly_top_ten_best_golden_songs_award_ceremony-1209-43.jpg,What does the text in the upper right corner say?,"""Music Stage"""
https://raw.githubusercontent.com/JustinSQiu/image-captioning-mturk/master/mmid_images/Chinese_images/tvb_yearly_top_ten_best_golden_songs_award_ceremony-1209-43.jpg,What color dress is the woman on the right wearing?,red dress
https://raw.githubusercontent.com/JustinSQiu/image-captioning-mturk/master/mmid_images/Chinese_images/tvb_yearly_top_ten_best_golden_songs_award_ceremony-1209-43.jpg,What type of footwear is the central figure wearing?,white shoes
https://raw.githubusercontent.com/JustinSQiu/image-captioning-mturk/master/mmid_images/Chinese_images/tvb_yearly_top_ten_best_golden_songs_award_ceremony-1209-81.jpg,What playful elements are on the individual's clothing?,cartoon logos
https://raw.githubusercontent.com/JustinSQiu/image-captioning-mturk/master/mmid_images/Chinese_images/tvb_yearly_top_ten_best_golden_songs_award_ceremony-1209-81.jpg,What colors dominate the lighting in the background?,"dark blue, light blue, purple"
https://raw.githubusercontent.com/JustinSQiu/image-captioning-mturk/master/mmid_images/Chinese_images/twenty-third_top_ten_chinese_golden_song_award_ceremony_and_concert-2366-03.jpg,What is the title of the event displayed on the screen?,Golden Melody Award Ceremony
https://raw.githubusercontent.com/JustinSQiu/image-captioning-mturk/master/mmid_images/Chinese_images/twenty-third_top_ten_chinese_golden_song_award_ceremony_and_concert-2366-03.jpg,Which radio station's logo appears in the image?,Hong Kong Radio
https://raw.githubusercontent.com/JustinSQiu/image-captioning-mturk/master/mmid_images/Chinese_images/twenty-third_top_ten_chinese_golden_song_award_ceremony_and_concert-2366-03.jpg,What color outfit is one of the hosts wearing besides red?,bright yellow dress
https://raw.githubusercontent.com/JustinSQiu/image-captioning-mturk/master/mmid_images/Chinese_images/twenty-third_top_ten_chinese_golden_song_award_ceremony_and_concert-2366-25.png,Who is the prominent male figure holding the trophy?,Chung Ching-to
https://raw.githubusercontent.com/JustinSQiu/image-captioning-mturk/master/mmid_images/Chinese_images/twenty-third_top_ten_chinese_golden_song_award_ceremony_and_concert-2366-25.png,What is Alan Tam known for in the context of this event?,popular singer
https://raw.githubusercontent.com/JustinSQiu/image-captioning-mturk/master/mmid_images/Chinese_images/twenty-third_top_ten_chinese_golden_song_award_ceremony_and_concert-2366-25.png,What type of attire is the female presenter wearing?,elegant attire
https://raw.githubusercontent.com/JustinSQiu/image-captioning-mturk/master/mmid_images/Chinese_images/twenty-third_top_ten_chinese_golden_song_award_ceremony_and_concert-2366-34.jpg,What color and pattern is the man's suit?,vibrant yellow with dark plaid
https://raw.githubusercontent.com/JustinSQiu/image-captioning-mturk/master/mmid_images/Chinese_images/twenty-third_top_ten_chinese_golden_song_award_ceremony_and_concert-2366-34.jpg,What type of brooch does he wear?,military insignia
https://raw.githubusercontent.com/JustinSQiu/image-captioning-mturk/master/mmid_images/Chinese_images/twenty-third_top_ten_chinese_golden_song_award_ceremony_and_concert-2366-34.jpg,What does the sparkling object in the corner likely signify?,a trophy
https://raw.githubusercontent.com/JustinSQiu/image-captioning-mturk/master/mmid_images/Chinese_images/twenty-third_top_ten_chinese_golden_song_award_ceremony_and_concert-2366-56.jpg,What award recognizes the Most Promising New Artist?,Most Promising New Artist Award
https://raw.githubusercontent.com/JustinSQiu/image-captioning-mturk/master/mmid_images/Chinese_images/twenty-third_top_ten_chinese_golden_song_award_ceremony_and_concert-2366-56.jpg,Which singer is highlighted for the song 'Rashomon'?,Eason Chan
https://raw.githubusercontent.com/JustinSQiu/image-captioning-mturk/master/mmid_images/Chinese_images/twenty-third_top_ten_chinese_golden_song_award_ceremony_and_concert-2366-56.jpg,What language is predominantly used in the text?,Traditional Chinese
https://raw.githubusercontent.com/JustinSQiu/image-captioning-mturk/master/mmid_images/Chinese_images/twenty-third_top_ten_chinese_golden_song_award_ceremony_and_concert-2366-76.jpg,What Chinese characters are present in the image?,热心文
https://raw.githubusercontent.com/JustinSQiu/image-captioning-mturk/master/mmid_images/Chinese_images/twenty-third_top_ten_chinese_golden_song_award_ceremony_and_concert-2366-76.jpg,"What does ""渔网渔乐"" translate to in English?",fishing net or fishing fun
https://raw.githubusercontent.com/JustinSQiu/image-captioning-mturk/master/mmid_images/Chinese_images/twenty-third_top_ten_chinese_golden_song_award_ceremony_and_concert-2366-76.jpg,What media outlet is associated with this event?,Stars Hong Kong
https://raw.githubusercontent.com/JustinSQiu/image-captioning-mturk/master/mmid_images/Chinese_images/venue_awards_ceremony_items_notes-816-02.jpg,What event is being promoted on the posters?,HIT Music Festival
https://raw.githubusercontent.com/JustinSQiu/image-captioning-mturk/master/mmid_images/Chinese_images/venue_awards_ceremony_items_notes-816-02.jpg,What iconic structure is featured on the posters?,cube-shaped structure
https://raw.githubusercontent.com/JustinSQiu/image-captioning-mturk/master/mmid_images/Chinese_images/venue_awards_ceremony_items_notes-816-02.jpg,Which prestigious sponsor is mentioned on the posters?,Mercedes-Benz
https://raw.githubusercontent.com/JustinSQiu/image-captioning-mturk/master/mmid_images/Chinese_images/venue_awards_ceremony_items_notes-816-04.jpg,What does the Chinese text on the poster say?,台灣金馬影展
https://raw.githubusercontent.com/JustinSQiu/image-captioning-mturk/master/mmid_images/Chinese_images/venue_awards_ceremony_items_notes-816-04.jpg,What artistic style is the horse's head reminiscent of?,traditional Chinese carvings
https://raw.githubusercontent.com/JustinSQiu/image-captioning-mturk/master/mmid_images/Chinese_images/venue_awards_ceremony_items_notes-816-04.jpg,What color scheme represents the festival's branding?,gold and black
https://raw.githubusercontent.com/JustinSQiu/image-captioning-mturk/master/mmid_images/Chinese_images/venue_awards_ceremony_items_notes-816-07.jpg,What literary event is being celebrated?,12th Central Taiwan United Literature Association
https://raw.githubusercontent.com/JustinSQiu/image-captioning-mturk/master/mmid_images/Chinese_images/venue_awards_ceremony_items_notes-816-07.jpg,What color shirts do the students wear?,bright yellow
https://raw.githubusercontent.com/JustinSQiu/image-captioning-mturk/master/mmid_images/Chinese_images/venue_awards_ceremony_items_notes-816-07.jpg,What does the name tag say?,He Wen School
https://raw.githubusercontent.com/JustinSQiu/image-captioning-mturk/master/mmid_images/Chinese_images/venue_awards_ceremony_items_notes-816-38.jpg,What type of performance is this scene capturing?,live musical performance
https://raw.githubusercontent.com/JustinSQiu/image-captioning-mturk/master/mmid_images/Chinese_images/venue_awards_ceremony_items_notes-816-38.jpg,What color is the shirt worn by the performer?,vibrant green
https://raw.githubusercontent.com/JustinSQiu/image-captioning-mturk/master/mmid_images/Chinese_images/venue_awards_ceremony_items_notes-816-38.jpg,What unique lighting element creates ambiance in the background?,purple lights
https://raw.githubusercontent.com/JustinSQiu/image-captioning-mturk/master/mmid_images/Chinese_images/venue_awards_ceremony_items_notes-816-64.jpg,What indicates the girl's hair might be dyed?,black strands intermixed with brown
https://raw.githubusercontent.com/JustinSQiu/image-captioning-mturk/master/mmid_images/Chinese_images/venue_awards_ceremony_items_notes-816-64.jpg,What type of bag is the girl carrying?,beige backpack
https://raw.githubusercontent.com/JustinSQiu/image-captioning-mturk/master/mmid_images/Chinese_images/venue_awards_ceremony_items_notes-816-64.jpg,What cosmetic items are present in the image?,bottles of cosmetics
https://raw.githubusercontent.com/JustinSQiu/image-captioning-mturk/master/mmid_images/Chinese_images/venue_awards_ceremony_items_notes-816-65.jpg,What specific culinary event does the photo represent?,2015 Taoyuan Gourmet Food Carnival Award Ceremony
https://raw.githubusercontent.com/JustinSQiu/image-captioning-mturk/master/mmid_images/Chinese_images/venue_awards_ceremony_items_notes-816-65.jpg,What do the participants hold that signifies their achievements?,medals
https://raw.githubusercontent.com/JustinSQiu/image-captioning-mturk/master/mmid_images/Chinese_images/venue_awards_ceremony_items_notes-816-81.jpg,What does the Chinese text on the poster signify?,2014 Golden Indie Music Awards
https://raw.githubusercontent.com/JustinSQiu/image-captioning-mturk/master/mmid_images/Chinese_images/venue_awards_ceremony_items_notes-816-81.jpg,Which music festival is associated with the award?,FIFM
https://raw.githubusercontent.com/JustinSQiu/image-captioning-mturk/master/mmid_images/Chinese_images/venue_awards_ceremony_items_notes-816-91.jpg,What is the name of the exhibition prominently displayed in elegant font?,Rock Live Drawing Exhibition
https://raw.githubusercontent.com/JustinSQiu/image-captioning-mturk/master/mmid_images/Chinese_images/venue_awards_ceremony_items_notes-816-91.jpg,What is the venue known for its cultural significance?,Qishan Wude Hall
https://raw.githubusercontent.com/JustinSQiu/image-captioning-mturk/master/mmid_images/Chinese_images/venue_awards_ceremony_items_notes-816-91.jpg,What musical festival is referenced in the bottom right corner?,Scream Rock Music Festival
https://raw.githubusercontent.com/JustinSQiu/image-captioning-mturk/master/mmid_images/Chinese_images/venue_awards_ceremony_items_notes-816-91.jpg,What iconic hat does the person performing wear?,straw hat
https://raw.githubusercontent.com/JustinSQiu/image-captioning-mturk/master/mmid_images/Chinese_images/venue_awards_ceremony_items_notes-816-97.jpg,What is the title of the competition that promotes creativity for young designers?,"""Undesigned World"""
https://raw.githubusercontent.com/JustinSQiu/image-captioning-mturk/master/mmid_images/Chinese_images/venue_awards_ceremony_items_notes-816-97.jpg,What artistic style is employed for the background of the poster?,watercolor-style
https://raw.githubusercontent.com/JustinSQiu/image-captioning-mturk/master/mmid_images/Chinese_images/venue_awards_ceremony_items_notes-816-97.jpg,What elements are illustrated in vibrant colors to enhance the poster's appeal?,red and green trees
https://raw.githubusercontent.com/JustinSQiu/image-captioning-mturk/master/mmid_images/Chinese_images/water_sport-1922-16.jpg,What competition is taking place in the image?,capsizing competition
https://raw.githubusercontent.com/JustinSQiu/image-captioning-mturk/master/mmid_images/Chinese_images/water_sport-1922-16.jpg,What distinguishes the main capsizing competitor?,striking white color
https://raw.githubusercontent.com/JustinSQiu/image-captioning-mturk/master/mmid_images/Chinese_images/water_sport-1922-16.jpg,What identification numbers are seen on the main vessel?,22 or 55
https://raw.githubusercontent.com/JustinSQiu/image-captioning-mturk/master/mmid_images/Chinese_images/water_sport-1922-53.jpg,What minimalist object is the person standing on that allows them to spray water?,jet-propelled flying device
https://raw.githubusercontent.com/JustinSQiu/image-captioning-mturk/master/mmid_images/Chinese_images/water_sport-1922-53.jpg,What colors are used to depict the object beneath the person?,vivid red
https://raw.githubusercontent.com/JustinSQiu/image-captioning-mturk/master/mmid_images/Chinese_images/water_sport-1922-63.jpg,What color is the surfer's surfboard?,yellow
https://raw.githubusercontent.com/JustinSQiu/image-captioning-mturk/master/mmid_images/Chinese_images/water_sport-1922-63.jpg,What cultural aspect distinguishes the surfer's attire?,black attire indicating Western
https://raw.githubusercontent.com/JustinSQiu/image-captioning-mturk/master/mmid_images/Chinese_images/water_sport-1922-63.jpg,What famous Chinese website is linked to the image?,163.com
https://raw.githubusercontent.com/JustinSQiu/image-captioning-mturk/master/mmid_images/Chinese_images/water_sport-1922-68.jpg,What sport are the two girls engaged in?,paddleboarding
https://raw.githubusercontent.com/JustinSQiu/image-captioning-mturk/master/mmid_images/Chinese_images/water_sport-1922-68.jpg,What type of clothing are the girls wearing for sun protection?,hats
https://raw.githubusercontent.com/JustinSQiu/image-captioning-mturk/master/mmid_images/Chinese_images/water_sport-1922-94.jpg,What water sport device is being used for propulsion?,water jet propulsion device
https://raw.githubusercontent.com/JustinSQiu/image-captioning-mturk/master/mmid_images/Chinese_images/water_sport-1922-94.jpg,What does the person wear on their feet?,barefoot
https://raw.githubusercontent.com/JustinSQiu/image-captioning-mturk/master/mmid_images/Chinese_images/wedding-955-06.jpg,What traditional Indian decorations are present on the tables?,fresh flower bouquets
https://raw.githubusercontent.com/JustinSQiu/image-captioning-mturk/master/mmid_images/Chinese_images/wedding-955-06.jpg,What type of light fixture echoes the floral designs?,upside-down light fixture
https://raw.githubusercontent.com/JustinSQiu/image-captioning-mturk/master/mmid_images/Chinese_images/wedding-955-14.jpg,What flowers is Jimmy holding for the proposal?,a bouquet of flowers
https://raw.githubusercontent.com/JustinSQiu/image-captioning-mturk/master/mmid_images/Chinese_images/wedding-955-14.jpg,"What attire does the groom, Jimmy, wear during the proposal?",all-white outfit
https://raw.githubusercontent.com/JustinSQiu/image-captioning-mturk/master/mmid_images/Chinese_images/wedding-955-14.jpg,What occasion is this image capturing for Jimmy?,his proposal day
https://raw.githubusercontent.com/JustinSQiu/image-captioning-mturk/master/mmid_images/Chinese_images/wedding-955-23.jpg,What significant symbol of Christianity is present in the church?,a cross
https://raw.githubusercontent.com/JustinSQiu/image-captioning-mturk/master/mmid_images/Chinese_images/wedding-955-23.jpg,What color do the floral arrangements predominantly consist of?,white flowers
https://raw.githubusercontent.com/JustinSQiu/image-captioning-mturk/master/mmid_images/Chinese_images/wedding-955-23.jpg,What architectural feature gives the illusion of transparency?,the glass roof
https://raw.githubusercontent.com/JustinSQiu/image-captioning-mturk/master/mmid_images/Chinese_images/wedding-955-24.jpg,What traditional occasion is this moment likely linked to?,a wedding
https://raw.githubusercontent.com/JustinSQiu/image-captioning-mturk/master/mmid_images/Chinese_images/wedding-955-24.jpg,What type of fabric is the woman's dress made of?,tulle
https://raw.githubusercontent.com/JustinSQiu/image-captioning-mturk/master/mmid_images/Chinese_images/wedding-955-31.jpg,What signifies happiness and good fortune in wedding celebrations?,vibrant red carpet
https://raw.githubusercontent.com/JustinSQiu/image-captioning-mturk/master/mmid_images/Chinese_images/wedding-955-31.jpg,What decorative feature enhances the ambiance of the celebration with intricate designs?,light bulbs
https://raw.githubusercontent.com/JustinSQiu/image-captioning-mturk/master/mmid_images/Chinese_images/wedding-955-47.jpg,What cultural event is the tent setting for?,a wedding celebration
https://raw.githubusercontent.com/JustinSQiu/image-captioning-mturk/master/mmid_images/Chinese_images/wedding-955-47.jpg,What type of flower colors are common for celebrations in Western culture?,white and pink blooms
https://raw.githubusercontent.com/JustinSQiu/image-captioning-mturk/master/mmid_images/Chinese_images/wedding-955-47.jpg,What structure is made of black brick in the background?,an imposing building
https://raw.githubusercontent.com/JustinSQiu/image-captioning-mturk/master/mmid_images/Chinese_images/wedding-955-63.jpg,What Taiwanese cultural context is related to the wedding ceremony?,Taiwanese wedding services
https://raw.githubusercontent.com/JustinSQiu/image-captioning-mturk/master/mmid_images/Chinese_images/wedding-955-63.jpg,What flower arrangement enhances the romantic symbolism in the image?,flower arrangement of roses
https://raw.githubusercontent.com/JustinSQiu/image-captioning-mturk/master/mmid_images/Chinese_images/wedding-955-67.jpg,What is the significance of the arch the couple is positioned beneath?,symbol of marriage
https://raw.githubusercontent.com/JustinSQiu/image-captioning-mturk/master/mmid_images/Chinese_images/wedding-955-67.jpg,How many spectators are present at the wedding celebration?,approximately twenty
https://raw.githubusercontent.com/JustinSQiu/image-captioning-mturk/master/mmid_images/Chinese_images/wedding-955-75.jpg,What is distinctive about the groom's appearance?,black-framed glasses
https://raw.githubusercontent.com/JustinSQiu/image-captioning-mturk/master/mmid_images/Chinese_images/wedding-955-75.jpg,What does the bride's veil symbolize?,purity and modesty
https://raw.githubusercontent.com/JustinSQiu/image-captioning-mturk/master/mmid_images/Chinese_images/wedding-955-75.jpg,How is the bride's hair styled?,elegantly swept up
https://raw.githubusercontent.com/JustinSQiu/image-captioning-mturk/master/mmid_images/Chinese_images/wedding-955-78.jpg,What color is the wedding dress?,white
https://raw.githubusercontent.com/JustinSQiu/image-captioning-mturk/master/mmid_images/Chinese_images/wedding-955-78.jpg,What flower is the bride holding?,red rose
https://raw.githubusercontent.com/JustinSQiu/image-captioning-mturk/master/mmid_images/Chinese_images/wedding-955-78.jpg,What additional flower is styled in her hair?,small rose
https://raw.githubusercontent.com/JustinSQiu/image-captioning-mturk/master/mmid_images/Chinese_images/wedding-955-94.jpg,What is the significant atmosphere suggested by the background?,a library setting
https://raw.githubusercontent.com/JustinSQiu/image-captioning-mturk/master/mmid_images/Chinese_images/wedding_banquet_guests-731-03.jpg,What traditional Chinese practice may this image resonate with?,photo shoots during weddings
https://raw.githubusercontent.com/JustinSQiu/image-captioning-mturk/master/mmid_images/Chinese_images/wedding_banquet_guests-731-03.jpg,What color represents the uplifting energy of the Minions?,bright yellow
https://raw.githubusercontent.com/JustinSQiu/image-captioning-mturk/master/mmid_images/Chinese_images/wedding_banquet_guests-731-20.jpg,What humorous character is depicted alongside the mango?,Raw Jack
https://raw.githubusercontent.com/JustinSQiu/image-captioning-mturk/master/mmid_images/Chinese_images/wedding_banquet_guests-731-20.jpg,What is the title of the scene that suggests a wedding context?,Wedding Banquet
https://raw.githubusercontent.com/JustinSQiu/image-captioning-mturk/master/mmid_images/Chinese_images/wedding_banquet_guests-731-20.jpg,What color predominantly symbolizes love and celebration in this setting?,vibrant red
https://raw.githubusercontent.com/JustinSQiu/image-captioning-mturk/master/mmid_images/Chinese_images/wedding_banquet_guests-731-31.jpg,What symbol representing joy is featured on the invitations?,double happiness
https://raw.githubusercontent.com/JustinSQiu/image-captioning-mturk/master/mmid_images/Chinese_images/wedding_banquet_guests-731-31.jpg,What mythical creatures symbolize good fortune in the design?,dragon and phoenix
https://raw.githubusercontent.com/JustinSQiu/image-captioning-mturk/master/mmid_images/Chinese_images/wedding_banquet_guests-731-31.jpg,What color represents happiness in Chinese wedding culture?,red
https://raw.githubusercontent.com/JustinSQiu/image-captioning-mturk/master/mmid_images/Chinese_images/wedding_banquet_guests-731-39.jpg,What year is indicated on the decorations in the corner?,2015
https://raw.githubusercontent.com/JustinSQiu/image-captioning-mturk/master/mmid_images/Chinese_images/wedding_banquet_guests-731-39.jpg,What does the spotlight suggest about the room's purpose?,performance or presentation
https://raw.githubusercontent.com/JustinSQiu/image-captioning-mturk/master/mmid_images/Chinese_images/wedding_banquet_guests-731-39.jpg,What item in the background hints at a casual environment?,a snack vending machine
https://raw.githubusercontent.com/JustinSQiu/image-captioning-mturk/master/mmid_images/Chinese_images/wedding_banquet_guests-731-45.jpg,What type of event is the hotel lobby prepared for?,a wedding
https://raw.githubusercontent.com/JustinSQiu/image-captioning-mturk/master/mmid_images/Chinese_images/wedding_banquet_guests-731-45.jpg,What type of lighting is featured in the hotel lobby?,crystal chandeliers
https://raw.githubusercontent.com/JustinSQiu/image-captioning-mturk/master/mmid_images/Chinese_images/wedding_banquet_guests-731-46.jpg,What type of dish is described that includes chili spices and beans?,Spicy vegetable dish
https://raw.githubusercontent.com/JustinSQiu/image-captioning-mturk/master/mmid_images/Chinese_images/wedding_banquet_guests-731-46.jpg,What is the cultural significance of the millet pepper in the dish?,Hunan cuisine specialty
https://raw.githubusercontent.com/JustinSQiu/image-captioning-mturk/master/mmid_images/Chinese_images/wedding_banquet_guests-731-71.jpg,What type of mushrooms are included in the Chinese soup?,shiitake mushrooms
https://raw.githubusercontent.com/JustinSQiu/image-captioning-mturk/master/mmid_images/Chinese_images/wedding_banquet_guests-731-71.jpg,What hints at the soup's cooking method?,deep brown color
https://raw.githubusercontent.com/JustinSQiu/image-captioning-mturk/master/mmid_images/Chinese_images/xtep_sport_shoes_china-2118-13.jpg,What specific shoe brand is represented in the size chart with Chinese characters?,Special Step
https://raw.githubusercontent.com/JustinSQiu/image-captioning-mturk/master/mmid_images/Chinese_images/xtep_sport_shoes_china-2118-13.jpg,What is the size range for men's shoes in the US according to the chart?,size 7 to 11
https://raw.githubusercontent.com/JustinSQiu/image-captioning-mturk/master/mmid_images/Chinese_images/xtep_sport_shoes_china-2118-82.jpg,What colors are represented in the decorative pattern near the ankle of the black shoe?,red and blue
https://raw.githubusercontent.com/JustinSQiu/image-captioning-mturk/master/mmid_images/Chinese_images/xtep_sport_shoes_china-2118-82.jpg,What intricate pattern is found on the rear design of the blue shoe?,black and red elements
https://raw.githubusercontent.com/JustinSQiu/image-captioning-mturk/master/mmid_images/Chinese_images/xtep_sport_shoes_china-2118-82.jpg,"What might the words ""green"" and ""red"" refer to in the context of the image?",shoe color variations
"https://raw.githubusercontent.com/JustinSQiu/image-captioning-mturk/master/mmid_images/Chinese_images/year,_first_sip_of_happiness,_new_year_theme_song_of_coca_cola-1211-41.jpg",What is the title of the TV drama referenced in the image?,The Mark of Death
"https://raw.githubusercontent.com/JustinSQiu/image-captioning-mturk/master/mmid_images/Chinese_images/year,_first_sip_of_happiness,_new_year_theme_song_of_coca_cola-1211-41.jpg",Who portrays the character Ye Qiao?,Li Sijin
"https://raw.githubusercontent.com/JustinSQiu/image-captioning-mturk/master/mmid_images/Chinese_images/year,_first_sip_of_happiness,_new_year_theme_song_of_coca_cola-1211-41.jpg",What thematic elements do the lyrics convey?,hope and belief
"https://raw.githubusercontent.com/JustinSQiu/image-captioning-mturk/master/mmid_images/Chinese_images/year,_first_sip_of_happiness,_new_year_theme_song_of_coca_cola-1211-59.jpg",What festival is celebrated by the seven individuals in red attire?,Chinese New Year
"https://raw.githubusercontent.com/JustinSQiu/image-captioning-mturk/master/mmid_images/Chinese_images/year,_first_sip_of_happiness,_new_year_theme_song_of_coca_cola-1211-59.jpg",What traditional performance is promoted in the poster?,"""2014 Golden Horse Welcomes Spring"""
"https://raw.githubusercontent.com/JustinSQiu/image-captioning-mturk/master/mmid_images/Chinese_images/year,_first_sip_of_happiness,_new_year_theme_song_of_coca_cola-1211-59.jpg",What type of backdrop enhances the cultural context of the poster?,traditional stone and wooden screen
"https://raw.githubusercontent.com/JustinSQiu/image-captioning-mturk/master/mmid_images/Chinese_images/year,_first_sip_of_happiness,_new_year_theme_song_of_coca_cola-1211-64.jpg",What colors are used for the girl's hairbands?,purple and green
"https://raw.githubusercontent.com/JustinSQiu/image-captioning-mturk/master/mmid_images/Chinese_images/year,_first_sip_of_happiness,_new_year_theme_song_of_coca_cola-1211-64.jpg",What hairstyle does the girl have?,two braids
"https://raw.githubusercontent.com/JustinSQiu/image-captioning-mturk/master/mmid_images/Chinese_images/year,_first_sip_of_happiness,_new_year_theme_song_of_coca_cola-1211-64.jpg",What kind of activity are the children likely engaged in?,school activity
"https://raw.githubusercontent.com/JustinSQiu/image-captioning-mturk/master/mmid_images/Chinese_images/year,_first_sip_of_happiness,_new_year_theme_song_of_coca_cola-1211-72.jpg",What classic Chinese tale inspires the narrative of this cover?,Journey to the West
"https://raw.githubusercontent.com/JustinSQiu/image-captioning-mturk/master/mmid_images/Chinese_images/year,_first_sip_of_happiness,_new_year_theme_song_of_coca_cola-1211-72.jpg",What attire does the character in the lower right corner wear?,elegant white robes
"https://raw.githubusercontent.com/JustinSQiu/image-captioning-mturk/master/mmid_images/Chinese_images/year,_first_sip_of_happiness,_new_year_theme_song_of_coca_cola-1211-72.jpg","What is the genre of this cover, related to Japanese media?",television drama
https://raw.githubusercontent.com/JustinSQiu/image-captioning-mturk/master/mmid_images/Chinese_images/yearly_award_ceremony_of_the_music_pioneer_list-1128-35.jpg,What emblem is featured on the trophy?,star emblem
https://raw.githubusercontent.com/JustinSQiu/image-captioning-mturk/master/mmid_images/Chinese_images/yearly_award_ceremony_of_the_music_pioneer_list-1128-35.jpg,What color is the woman's dress?,black
https://raw.githubusercontent.com/JustinSQiu/image-captioning-mturk/master/mmid_images/Chinese_images/yearly_award_ceremony_of_the_music_pioneer_list-1128-35.jpg,What year is inscribed on the trophy?,2015
https://raw.githubusercontent.com/JustinSQiu/image-captioning-mturk/master/mmid_images/Chinese_images/yearly_award_ceremony_of_the_music_pioneer_list-1128-40.jpg,What is the theme of the award ceremony?,"Music Vanguard, Who Can Challenge?"
https://raw.githubusercontent.com/JustinSQiu/image-captioning-mturk/master/mmid_images/Chinese_images/yearly_award_ceremony_of_the_music_pioneer_list-1128-40.jpg,What type of flowers feature prominently in the bouquet?,lilies and red blossoms
https://raw.githubusercontent.com/JustinSQiu/image-captioning-mturk/master/mmid_images/Chinese_images/yearly_award_ceremony_of_the_music_pioneer_list-1128-40.jpg,What design do the trophies feature?,transparent triangular design
https://raw.githubusercontent.com/JustinSQiu/image-captioning-mturk/master/mmid_images/Chinese_images/yearly_award_ceremony_of_the_music_pioneer_list-1128-73.jpg,What is the name of the competition related to the award?,The Voice of China
https://raw.githubusercontent.com/JustinSQiu/image-captioning-mturk/master/mmid_images/Chinese_images/yearly_award_ceremony_of_the_music_pioneer_list-1128-73.jpg,What does the woman's joyful expression signify?,proud and triumphant moment
https://raw.githubusercontent.com/JustinSQiu/image-captioning-mturk/master/mmid_images/Chinese_images/yearly_award_ceremony_of_the_music_pioneer_list-1128-73.jpg,What cultural aspect does the image reflect?,award shows in Asia
https://raw.githubusercontent.com/JustinSQiu/image-captioning-mturk/master/mmid_images/Chinese_images/yearly_sprite_billboard_music_award_ceremony-1140-67.jpg,What festival venues are mentioned as popular for singing his songs?,KTVs
https://raw.githubusercontent.com/JustinSQiu/image-captioning-mturk/master/mmid_images/Chinese_images/yearly_sprite_billboard_music_award_ceremony-1140-67.jpg,What is the name of the artist featured on the DVD cover?,Pan Weibao
https://raw.githubusercontent.com/JustinSQiu/image-captioning-mturk/master/mmid_images/Chinese_images/yearly_sprite_billboard_music_award_ceremony-1140-67.jpg,How many albums and music videos are included in the DVD collection?,three albums and 20 music videos
https://raw.githubusercontent.com/JustinSQiu/image-captioning-mturk/master/mmid_images/Chinese_images/yearly_sprite_billboard_music_award_ceremony-1140-79.jpg,What brand sponsored the singing competition?,Sprite
https://raw.githubusercontent.com/JustinSQiu/image-captioning-mturk/master/mmid_images/Chinese_images/yearly_sprite_billboard_music_award_ceremony-1140-79.jpg,In which country did the award ceremony take place?,China
https://raw.githubusercontent.com/JustinSQiu/image-captioning-mturk/master/mmid_images/Chinese_images/yearly_sprite_billboard_music_award_ceremony-1140-79.jpg,What year was the final selection award ceremony held?,2007
